The target system is: Android - 1 - armv7-a
The host system is: Linux - 6.11.0-1018-azure - x86_64
Compiling the C compiler identification source file "CMakeCCompilerId.c" succeeded.
Compiler: /usr/local/lib/android/sdk/ndk/27.3.13750724/toolchains/llvm/prebuilt/linux-x86_64/bin/clang 
Build flags: -g;-DANDROID;-fdata-sections;-ffunction-sections;-funwind-tables;-fstack-protector-strong;-no-canonical-prefixes;-D_FORTIFY_SOURCE=2;-march=armv7-a;-mthumb;-Wformat;-Werror=format-security;
Id flags: -c;--target=armv7-none-linux-androideabi24 

The output was:
0


Compilation of the C compiler identification source "CMakeCCompilerId.c" produced "CMakeCCompilerId.o"

The C compiler identification is Clang, found in "/home/runner/work/CroMagRally-Android/CroMagRally-Android/android/app/.cxx/Debug/h3k1i6w1/armeabi-v7a/CMakeFiles/3.22.1-g37088a8/CompilerIdC/CMakeCCompilerId.o"

Compiling the CXX compiler identification source file "CMakeCXXCompilerId.cpp" succeeded.
Compiler: /usr/local/lib/android/sdk/ndk/27.3.13750724/toolchains/llvm/prebuilt/linux-x86_64/bin/clang++ 
Build flags: -g;-DANDROID;-fdata-sections;-ffunction-sections;-funwind-tables;-fstack-protector-strong;-no-canonical-prefixes;-D_FORTIFY_SOURCE=2;-march=armv7-a;-mthumb;-Wformat;-Werror=format-security;;
Id flags: -c;--target=armv7-none-linux-androideabi24 

The output was:
0


Compilation of the CXX compiler identification source "CMakeCXXCompilerId.cpp" produced "CMakeCXXCompilerId.o"

The CXX compiler identification is Clang, found in "/home/runner/work/CroMagRally-Android/CroMagRally-Android/android/app/.cxx/Debug/h3k1i6w1/armeabi-v7a/CMakeFiles/3.22.1-g37088a8/CompilerIdCXX/CMakeCXXCompilerId.o"

Detecting C compiler ABI info compiled with the following output:
Change Dir: /home/runner/work/CroMagRally-Android/CroMagRally-Android/android/app/.cxx/Debug/h3k1i6w1/armeabi-v7a/CMakeFiles/CMakeTmp

Run Build Command(s):/usr/local/lib/android/sdk/cmake/3.22.1/bin/ninja cmTC_b507b && [1/2] Building C object CMakeFiles/cmTC_b507b.dir/CMakeCCompilerABI.c.o
Android (13691557, +pgo, +bolt, +lto, +mlgo, based on r522817d) clang version 18.0.4 (https://android.googlesource.com/toolchain/llvm-project d8003a456d14a3deb8054cdaa529ffbf02d9b262)
Target: armv7-none-linux-android24
Thread model: posix
InstalledDir: /usr/local/lib/android/sdk/ndk/27.3.13750724/toolchains/llvm/prebuilt/linux-x86_64/bin
 (in-process)
 "/usr/local/lib/android/sdk/ndk/27.3.13750724/toolchains/llvm/prebuilt/linux-x86_64/bin/clang" -cc1 -triple thumbv7-none-linux-android24 -emit-obj -mrelax-all -disable-free -clear-ast-before-backend -disable-llvm-verifier -discard-value-names -main-file-name CMakeCCompilerABI.c -mrelocation-model pic -pic-level 2 -pic-is-pie -mframe-pointer=all -ffp-contract=on -fno-rounding-math -mconstructor-aliases -funwind-tables=1 -target-cpu generic -target-feature +soft-float-abi -target-feature +vfp2 -target-feature +vfp2sp -target-feature +vfp3 -target-feature +vfp3d16 -target-feature +vfp3d16sp -target-feature +vfp3sp -target-feature -fp16 -target-feature -vfp4 -target-feature -vfp4d16 -target-feature -vfp4d16sp -target-feature -vfp4sp -target-feature -fp-armv8 -target-feature -fp-armv8d16 -target-feature -fp-armv8d16sp -target-feature -fp-armv8sp -target-feature -fullfp16 -target-feature +fp64 -target-feature +d32 -target-feature +neon -target-feature -sha2 -target-feature -aes -target-feature -fp16fml -target-abi aapcs-linux -mfloat-abi soft -debug-info-kind=constructor -dwarf-version=4 -debugger-tuning=gdb -fdebug-compilation-dir=/home/runner/work/CroMagRally-Android/CroMagRally-Android/android/app/.cxx/Debug/h3k1i6w1/armeabi-v7a/CMakeFiles/CMakeTmp -v -ffunction-sections -fdata-sections -fcoverage-compilation-dir=/home/runner/work/CroMagRally-Android/CroMagRally-Android/android/app/.cxx/Debug/h3k1i6w1/armeabi-v7a/CMakeFiles/CMakeTmp -resource-dir /usr/local/lib/android/sdk/ndk/27.3.13750724/toolchains/llvm/prebuilt/linux-x86_64/lib/clang/18 -dependency-file CMakeFiles/cmTC_b507b.dir/CMakeCCompilerABI.c.o.d -MT CMakeFiles/cmTC_b507b.dir/CMakeCCompilerABI.c.o -sys-header-deps -D ANDROID -D _FORTIFY_SOURCE=2 -isysroot /usr/local/lib/android/sdk/ndk/27.3.13750724/toolchains/llvm/prebuilt/linux-x86_64/sysroot -internal-isystem /usr/local/lib/android/sdk/ndk/27.3.13750724/toolchains/llvm/prebuilt/linux-x86_64/lib/clang/18/include -internal-isystem /usr/local/lib/android/sdk/ndk/27.3.13750724/toolchains/llvm/prebuilt/linux-x86_64/sysroot/usr/local/include -internal-externc-isystem /usr/local/lib/android/sdk/ndk/27.3.13750724/toolchains/llvm/prebuilt/linux-x86_64/sysroot/usr/include/arm-linux-androideabi -internal-externc-isystem /usr/local/lib/android/sdk/ndk/27.3.13750724/toolchains/llvm/prebuilt/linux-x86_64/sysroot/include -internal-externc-isystem /usr/local/lib/android/sdk/ndk/27.3.13750724/toolchains/llvm/prebuilt/linux-x86_64/sysroot/usr/include -Wformat -ferror-limit 19 -femulated-tls -stack-protector 2 -fno-signed-char -fgnuc-version=4.2.1 -D__GCC_HAVE_DWARF2_CFI_ASM=1 -o CMakeFiles/cmTC_b507b.dir/CMakeCCompilerABI.c.o -x c /usr/local/lib/android/sdk/cmake/3.22.1/share/cmake-3.22/Modules/CMakeCCompilerABI.c
clang -cc1 version 18.0.4 based upon LLVM 18.0.4 default target x86_64-unknown-linux-gnu
ignoring nonexistent directory "/usr/local/lib/android/sdk/ndk/27.3.13750724/toolchains/llvm/prebuilt/linux-x86_64/sysroot/usr/local/include"
ignoring nonexistent directory "/usr/local/lib/android/sdk/ndk/27.3.13750724/toolchains/llvm/prebuilt/linux-x86_64/sysroot/include"
#include "..." search starts here:
#include <...> search starts here:
 /usr/local/lib/android/sdk/ndk/27.3.13750724/toolchains/llvm/prebuilt/linux-x86_64/lib/clang/18/include
 /usr/local/lib/android/sdk/ndk/27.3.13750724/toolchains/llvm/prebuilt/linux-x86_64/sysroot/usr/include/arm-linux-androideabi
 /usr/local/lib/android/sdk/ndk/27.3.13750724/toolchains/llvm/prebuilt/linux-x86_64/sysroot/usr/include
End of search list.
[2/2] Linking C executable cmTC_b507b
Android (13691557, +pgo, +bolt, +lto, +mlgo, based on r522817d) clang version 18.0.4 (https://android.googlesource.com/toolchain/llvm-project d8003a456d14a3deb8054cdaa529ffbf02d9b262)
Target: armv7-none-linux-android24
Thread model: posix
InstalledDir: /usr/local/lib/android/sdk/ndk/27.3.13750724/toolchains/llvm/prebuilt/linux-x86_64/bin
 "/usr/local/lib/android/sdk/ndk/27.3.13750724/toolchains/llvm/prebuilt/linux-x86_64/bin/ld.lld" --sysroot=/usr/local/lib/android/sdk/ndk/27.3.13750724/toolchains/llvm/prebuilt/linux-x86_64/sysroot -EL -z now -z relro -z max-page-size=4096 -X --hash-style=gnu --eh-frame-hdr -m armelf_linux_eabi -pie -dynamic-linker /system/bin/linker -o cmTC_b507b /usr/local/lib/android/sdk/ndk/27.3.13750724/toolchains/llvm/prebuilt/linux-x86_64/sysroot/usr/lib/arm-linux-androideabi/24/crtbegin_dynamic.o -L/usr/local/lib/android/sdk/ndk/27.3.13750724/toolchains/llvm/prebuilt/linux-x86_64/lib/clang/18/lib/linux/arm -L/usr/local/lib/android/sdk/ndk/27.3.13750724/toolchains/llvm/prebuilt/linux-x86_64/sysroot/usr/lib/arm-linux-androideabi/24 -L/usr/local/lib/android/sdk/ndk/27.3.13750724/toolchains/llvm/prebuilt/linux-x86_64/sysroot/usr/lib/arm-linux-androideabi -L/usr/local/lib/android/sdk/ndk/27.3.13750724/toolchains/llvm/prebuilt/linux-x86_64/sysroot/usr/lib/../lib -L/usr/local/lib/android/sdk/ndk/27.3.13750724/toolchains/llvm/prebuilt/linux-x86_64/sysroot/usr/lib --build-id=sha1 --no-rosegment --no-undefined-version --fatal-warnings --no-undefined CMakeFiles/cmTC_b507b.dir/CMakeCCompilerABI.c.o /usr/local/lib/android/sdk/ndk/27.3.13750724/toolchains/llvm/prebuilt/linux-x86_64/lib/clang/18/lib/linux/libclang_rt.builtins-arm-android.a -l:libunwind.a -ldl -lc /usr/local/lib/android/sdk/ndk/27.3.13750724/toolchains/llvm/prebuilt/linux-x86_64/lib/clang/18/lib/linux/libclang_rt.builtins-arm-android.a -l:libunwind.a -ldl /usr/local/lib/android/sdk/ndk/27.3.13750724/toolchains/llvm/prebuilt/linux-x86_64/sysroot/usr/lib/arm-linux-androideabi/24/crtend_android.o



Parsed C implicit include dir info from above output: rv=done
  found start of include info
  found start of implicit include info
    add: [/usr/local/lib/android/sdk/ndk/27.3.13750724/toolchains/llvm/prebuilt/linux-x86_64/lib/clang/18/include]
    add: [/usr/local/lib/android/sdk/ndk/27.3.13750724/toolchains/llvm/prebuilt/linux-x86_64/sysroot/usr/include/arm-linux-androideabi]
    add: [/usr/local/lib/android/sdk/ndk/27.3.13750724/toolchains/llvm/prebuilt/linux-x86_64/sysroot/usr/include]
  end of search list found
  collapse include dir [/usr/local/lib/android/sdk/ndk/27.3.13750724/toolchains/llvm/prebuilt/linux-x86_64/lib/clang/18/include] ==> [/usr/local/lib/android/sdk/ndk/27.3.13750724/toolchains/llvm/prebuilt/linux-x86_64/lib/clang/18/include]
  collapse include dir [/usr/local/lib/android/sdk/ndk/27.3.13750724/toolchains/llvm/prebuilt/linux-x86_64/sysroot/usr/include/arm-linux-androideabi] ==> [/usr/local/lib/android/sdk/ndk/27.3.13750724/toolchains/llvm/prebuilt/linux-x86_64/sysroot/usr/include/arm-linux-androideabi]
  collapse include dir [/usr/local/lib/android/sdk/ndk/27.3.13750724/toolchains/llvm/prebuilt/linux-x86_64/sysroot/usr/include] ==> [/usr/local/lib/android/sdk/ndk/27.3.13750724/toolchains/llvm/prebuilt/linux-x86_64/sysroot/usr/include]
  implicit include dirs: [/usr/local/lib/android/sdk/ndk/27.3.13750724/toolchains/llvm/prebuilt/linux-x86_64/lib/clang/18/include;/usr/local/lib/android/sdk/ndk/27.3.13750724/toolchains/llvm/prebuilt/linux-x86_64/sysroot/usr/include/arm-linux-androideabi;/usr/local/lib/android/sdk/ndk/27.3.13750724/toolchains/llvm/prebuilt/linux-x86_64/sysroot/usr/include]


Parsed C implicit link information from above output:
  link line regex: [^( *|.*[/\])(ld\.lld|CMAKE_LINK_STARTFILE-NOTFOUND|([^/\]+-)?ld|collect2)[^/\]*( |$)]
  ignore line: [Change Dir: /home/runner/work/CroMagRally-Android/CroMagRally-Android/android/app/.cxx/Debug/h3k1i6w1/armeabi-v7a/CMakeFiles/CMakeTmp]
  ignore line: []
  ignore line: [Run Build Command(s):/usr/local/lib/android/sdk/cmake/3.22.1/bin/ninja cmTC_b507b && [1/2] Building C object CMakeFiles/cmTC_b507b.dir/CMakeCCompilerABI.c.o]
  ignore line: [Android (13691557  +pgo  +bolt  +lto  +mlgo  based on r522817d) clang version 18.0.4 (https://android.googlesource.com/toolchain/llvm-project d8003a456d14a3deb8054cdaa529ffbf02d9b262)]
  ignore line: [Target: armv7-none-linux-android24]
  ignore line: [Thread model: posix]
  ignore line: [InstalledDir: /usr/local/lib/android/sdk/ndk/27.3.13750724/toolchains/llvm/prebuilt/linux-x86_64/bin]
  ignore line: [ (in-process)]
  ignore line: [ "/usr/local/lib/android/sdk/ndk/27.3.13750724/toolchains/llvm/prebuilt/linux-x86_64/bin/clang" -cc1 -triple thumbv7-none-linux-android24 -emit-obj -mrelax-all -disable-free -clear-ast-before-backend -disable-llvm-verifier -discard-value-names -main-file-name CMakeCCompilerABI.c -mrelocation-model pic -pic-level 2 -pic-is-pie -mframe-pointer=all -ffp-contract=on -fno-rounding-math -mconstructor-aliases -funwind-tables=1 -target-cpu generic -target-feature +soft-float-abi -target-feature +vfp2 -target-feature +vfp2sp -target-feature +vfp3 -target-feature +vfp3d16 -target-feature +vfp3d16sp -target-feature +vfp3sp -target-feature -fp16 -target-feature -vfp4 -target-feature -vfp4d16 -target-feature -vfp4d16sp -target-feature -vfp4sp -target-feature -fp-armv8 -target-feature -fp-armv8d16 -target-feature -fp-armv8d16sp -target-feature -fp-armv8sp -target-feature -fullfp16 -target-feature +fp64 -target-feature +d32 -target-feature +neon -target-feature -sha2 -target-feature -aes -target-feature -fp16fml -target-abi aapcs-linux -mfloat-abi soft -debug-info-kind=constructor -dwarf-version=4 -debugger-tuning=gdb -fdebug-compilation-dir=/home/runner/work/CroMagRally-Android/CroMagRally-Android/android/app/.cxx/Debug/h3k1i6w1/armeabi-v7a/CMakeFiles/CMakeTmp -v -ffunction-sections -fdata-sections -fcoverage-compilation-dir=/home/runner/work/CroMagRally-Android/CroMagRally-Android/android/app/.cxx/Debug/h3k1i6w1/armeabi-v7a/CMakeFiles/CMakeTmp -resource-dir /usr/local/lib/android/sdk/ndk/27.3.13750724/toolchains/llvm/prebuilt/linux-x86_64/lib/clang/18 -dependency-file CMakeFiles/cmTC_b507b.dir/CMakeCCompilerABI.c.o.d -MT CMakeFiles/cmTC_b507b.dir/CMakeCCompilerABI.c.o -sys-header-deps -D ANDROID -D _FORTIFY_SOURCE=2 -isysroot /usr/local/lib/android/sdk/ndk/27.3.13750724/toolchains/llvm/prebuilt/linux-x86_64/sysroot -internal-isystem /usr/local/lib/android/sdk/ndk/27.3.13750724/toolchains/llvm/prebuilt/linux-x86_64/lib/clang/18/include -internal-isystem /usr/local/lib/android/sdk/ndk/27.3.13750724/toolchains/llvm/prebuilt/linux-x86_64/sysroot/usr/local/include -internal-externc-isystem /usr/local/lib/android/sdk/ndk/27.3.13750724/toolchains/llvm/prebuilt/linux-x86_64/sysroot/usr/include/arm-linux-androideabi -internal-externc-isystem /usr/local/lib/android/sdk/ndk/27.3.13750724/toolchains/llvm/prebuilt/linux-x86_64/sysroot/include -internal-externc-isystem /usr/local/lib/android/sdk/ndk/27.3.13750724/toolchains/llvm/prebuilt/linux-x86_64/sysroot/usr/include -Wformat -ferror-limit 19 -femulated-tls -stack-protector 2 -fno-signed-char -fgnuc-version=4.2.1 -D__GCC_HAVE_DWARF2_CFI_ASM=1 -o CMakeFiles/cmTC_b507b.dir/CMakeCCompilerABI.c.o -x c /usr/local/lib/android/sdk/cmake/3.22.1/share/cmake-3.22/Modules/CMakeCCompilerABI.c]
  ignore line: [clang -cc1 version 18.0.4 based upon LLVM 18.0.4 default target x86_64-unknown-linux-gnu]
  ignore line: [ignoring nonexistent directory "/usr/local/lib/android/sdk/ndk/27.3.13750724/toolchains/llvm/prebuilt/linux-x86_64/sysroot/usr/local/include"]
  ignore line: [ignoring nonexistent directory "/usr/local/lib/android/sdk/ndk/27.3.13750724/toolchains/llvm/prebuilt/linux-x86_64/sysroot/include"]
  ignore line: [#include "..." search starts here:]
  ignore line: [#include <...> search starts here:]
  ignore line: [ /usr/local/lib/android/sdk/ndk/27.3.13750724/toolchains/llvm/prebuilt/linux-x86_64/lib/clang/18/include]
  ignore line: [ /usr/local/lib/android/sdk/ndk/27.3.13750724/toolchains/llvm/prebuilt/linux-x86_64/sysroot/usr/include/arm-linux-androideabi]
  ignore line: [ /usr/local/lib/android/sdk/ndk/27.3.13750724/toolchains/llvm/prebuilt/linux-x86_64/sysroot/usr/include]
  ignore line: [End of search list.]
  ignore line: [[2/2] Linking C executable cmTC_b507b]
  ignore line: [Android (13691557  +pgo  +bolt  +lto  +mlgo  based on r522817d) clang version 18.0.4 (https://android.googlesource.com/toolchain/llvm-project d8003a456d14a3deb8054cdaa529ffbf02d9b262)]
  ignore line: [Target: armv7-none-linux-android24]
  ignore line: [Thread model: posix]
  ignore line: [InstalledDir: /usr/local/lib/android/sdk/ndk/27.3.13750724/toolchains/llvm/prebuilt/linux-x86_64/bin]
  link line: [ "/usr/local/lib/android/sdk/ndk/27.3.13750724/toolchains/llvm/prebuilt/linux-x86_64/bin/ld.lld" --sysroot=/usr/local/lib/android/sdk/ndk/27.3.13750724/toolchains/llvm/prebuilt/linux-x86_64/sysroot -EL -z now -z relro -z max-page-size=4096 -X --hash-style=gnu --eh-frame-hdr -m armelf_linux_eabi -pie -dynamic-linker /system/bin/linker -o cmTC_b507b /usr/local/lib/android/sdk/ndk/27.3.13750724/toolchains/llvm/prebuilt/linux-x86_64/sysroot/usr/lib/arm-linux-androideabi/24/crtbegin_dynamic.o -L/usr/local/lib/android/sdk/ndk/27.3.13750724/toolchains/llvm/prebuilt/linux-x86_64/lib/clang/18/lib/linux/arm -L/usr/local/lib/android/sdk/ndk/27.3.13750724/toolchains/llvm/prebuilt/linux-x86_64/sysroot/usr/lib/arm-linux-androideabi/24 -L/usr/local/lib/android/sdk/ndk/27.3.13750724/toolchains/llvm/prebuilt/linux-x86_64/sysroot/usr/lib/arm-linux-androideabi -L/usr/local/lib/android/sdk/ndk/27.3.13750724/toolchains/llvm/prebuilt/linux-x86_64/sysroot/usr/lib/../lib -L/usr/local/lib/android/sdk/ndk/27.3.13750724/toolchains/llvm/prebuilt/linux-x86_64/sysroot/usr/lib --build-id=sha1 --no-rosegment --no-undefined-version --fatal-warnings --no-undefined CMakeFiles/cmTC_b507b.dir/CMakeCCompilerABI.c.o /usr/local/lib/android/sdk/ndk/27.3.13750724/toolchains/llvm/prebuilt/linux-x86_64/lib/clang/18/lib/linux/libclang_rt.builtins-arm-android.a -l:libunwind.a -ldl -lc /usr/local/lib/android/sdk/ndk/27.3.13750724/toolchains/llvm/prebuilt/linux-x86_64/lib/clang/18/lib/linux/libclang_rt.builtins-arm-android.a -l:libunwind.a -ldl /usr/local/lib/android/sdk/ndk/27.3.13750724/toolchains/llvm/prebuilt/linux-x86_64/sysroot/usr/lib/arm-linux-androideabi/24/crtend_android.o]
    arg [/usr/local/lib/android/sdk/ndk/27.3.13750724/toolchains/llvm/prebuilt/linux-x86_64/bin/ld.lld] ==> ignore
    arg [--sysroot=/usr/local/lib/android/sdk/ndk/27.3.13750724/toolchains/llvm/prebuilt/linux-x86_64/sysroot] ==> ignore
    arg [-EL] ==> ignore
    arg [-znow] ==> ignore
    arg [-zrelro] ==> ignore
    arg [-zmax-page-size=4096] ==> ignore
    arg [-X] ==> ignore
    arg [--hash-style=gnu] ==> ignore
    arg [--eh-frame-hdr] ==> ignore
    arg [-m] ==> ignore
    arg [armelf_linux_eabi] ==> ignore
    arg [-pie] ==> ignore
    arg [-dynamic-linker] ==> ignore
    arg [/system/bin/linker] ==> ignore
    arg [-o] ==> ignore
    arg [cmTC_b507b] ==> ignore
    arg [/usr/local/lib/android/sdk/ndk/27.3.13750724/toolchains/llvm/prebuilt/linux-x86_64/sysroot/usr/lib/arm-linux-androideabi/24/crtbegin_dynamic.o] ==> obj [/usr/local/lib/android/sdk/ndk/27.3.13750724/toolchains/llvm/prebuilt/linux-x86_64/sysroot/usr/lib/arm-linux-androideabi/24/crtbegin_dynamic.o]
    arg [-L/usr/local/lib/android/sdk/ndk/27.3.13750724/toolchains/llvm/prebuilt/linux-x86_64/lib/clang/18/lib/linux/arm] ==> dir [/usr/local/lib/android/sdk/ndk/27.3.13750724/toolchains/llvm/prebuilt/linux-x86_64/lib/clang/18/lib/linux/arm]
    arg [-L/usr/local/lib/android/sdk/ndk/27.3.13750724/toolchains/llvm/prebuilt/linux-x86_64/sysroot/usr/lib/arm-linux-androideabi/24] ==> dir [/usr/local/lib/android/sdk/ndk/27.3.13750724/toolchains/llvm/prebuilt/linux-x86_64/sysroot/usr/lib/arm-linux-androideabi/24]
    arg [-L/usr/local/lib/android/sdk/ndk/27.3.13750724/toolchains/llvm/prebuilt/linux-x86_64/sysroot/usr/lib/arm-linux-androideabi] ==> dir [/usr/local/lib/android/sdk/ndk/27.3.13750724/toolchains/llvm/prebuilt/linux-x86_64/sysroot/usr/lib/arm-linux-androideabi]
    arg [-L/usr/local/lib/android/sdk/ndk/27.3.13750724/toolchains/llvm/prebuilt/linux-x86_64/sysroot/usr/lib/../lib] ==> dir [/usr/local/lib/android/sdk/ndk/27.3.13750724/toolchains/llvm/prebuilt/linux-x86_64/sysroot/usr/lib/../lib]
    arg [-L/usr/local/lib/android/sdk/ndk/27.3.13750724/toolchains/llvm/prebuilt/linux-x86_64/sysroot/usr/lib] ==> dir [/usr/local/lib/android/sdk/ndk/27.3.13750724/toolchains/llvm/prebuilt/linux-x86_64/sysroot/usr/lib]
    arg [--build-id=sha1] ==> ignore
    arg [--no-rosegment] ==> ignore
    arg [--no-undefined-version] ==> ignore
    arg [--fatal-warnings] ==> ignore
    arg [--no-undefined] ==> ignore
    arg [CMakeFiles/cmTC_b507b.dir/CMakeCCompilerABI.c.o] ==> ignore
    arg [/usr/local/lib/android/sdk/ndk/27.3.13750724/toolchains/llvm/prebuilt/linux-x86_64/lib/clang/18/lib/linux/libclang_rt.builtins-arm-android.a] ==> lib [/usr/local/lib/android/sdk/ndk/27.3.13750724/toolchains/llvm/prebuilt/linux-x86_64/lib/clang/18/lib/linux/libclang_rt.builtins-arm-android.a]
    arg [-l:libunwind.a] ==> lib [-l:libunwind.a]
    arg [-ldl] ==> lib [dl]
    arg [-lc] ==> lib [c]
    arg [/usr/local/lib/android/sdk/ndk/27.3.13750724/toolchains/llvm/prebuilt/linux-x86_64/lib/clang/18/lib/linux/libclang_rt.builtins-arm-android.a] ==> lib [/usr/local/lib/android/sdk/ndk/27.3.13750724/toolchains/llvm/prebuilt/linux-x86_64/lib/clang/18/lib/linux/libclang_rt.builtins-arm-android.a]
    arg [-l:libunwind.a] ==> lib [-l:libunwind.a]
    arg [-ldl] ==> lib [dl]
    arg [/usr/local/lib/android/sdk/ndk/27.3.13750724/toolchains/llvm/prebuilt/linux-x86_64/sysroot/usr/lib/arm-linux-androideabi/24/crtend_android.o] ==> obj [/usr/local/lib/android/sdk/ndk/27.3.13750724/toolchains/llvm/prebuilt/linux-x86_64/sysroot/usr/lib/arm-linux-androideabi/24/crtend_android.o]
  remove lib [/usr/local/lib/android/sdk/ndk/27.3.13750724/toolchains/llvm/prebuilt/linux-x86_64/lib/clang/18/lib/linux/libclang_rt.builtins-arm-android.a]
  remove lib [/usr/local/lib/android/sdk/ndk/27.3.13750724/toolchains/llvm/prebuilt/linux-x86_64/lib/clang/18/lib/linux/libclang_rt.builtins-arm-android.a]
  collapse library dir [/usr/local/lib/android/sdk/ndk/27.3.13750724/toolchains/llvm/prebuilt/linux-x86_64/lib/clang/18/lib/linux/arm] ==> [/usr/local/lib/android/sdk/ndk/27.3.13750724/toolchains/llvm/prebuilt/linux-x86_64/lib/clang/18/lib/linux/arm]
  collapse library dir [/usr/local/lib/android/sdk/ndk/27.3.13750724/toolchains/llvm/prebuilt/linux-x86_64/sysroot/usr/lib/arm-linux-androideabi/24] ==> [/usr/local/lib/android/sdk/ndk/27.3.13750724/toolchains/llvm/prebuilt/linux-x86_64/sysroot/usr/lib/arm-linux-androideabi/24]
  collapse library dir [/usr/local/lib/android/sdk/ndk/27.3.13750724/toolchains/llvm/prebuilt/linux-x86_64/sysroot/usr/lib/arm-linux-androideabi] ==> [/usr/local/lib/android/sdk/ndk/27.3.13750724/toolchains/llvm/prebuilt/linux-x86_64/sysroot/usr/lib/arm-linux-androideabi]
  collapse library dir [/usr/local/lib/android/sdk/ndk/27.3.13750724/toolchains/llvm/prebuilt/linux-x86_64/sysroot/usr/lib/../lib] ==> [/usr/local/lib/android/sdk/ndk/27.3.13750724/toolchains/llvm/prebuilt/linux-x86_64/sysroot/usr/lib]
  collapse library dir [/usr/local/lib/android/sdk/ndk/27.3.13750724/toolchains/llvm/prebuilt/linux-x86_64/sysroot/usr/lib] ==> [/usr/local/lib/android/sdk/ndk/27.3.13750724/toolchains/llvm/prebuilt/linux-x86_64/sysroot/usr/lib]
  implicit libs: [-l:libunwind.a;dl;c;-l:libunwind.a;dl]
  implicit objs: [/usr/local/lib/android/sdk/ndk/27.3.13750724/toolchains/llvm/prebuilt/linux-x86_64/sysroot/usr/lib/arm-linux-androideabi/24/crtbegin_dynamic.o;/usr/local/lib/android/sdk/ndk/27.3.13750724/toolchains/llvm/prebuilt/linux-x86_64/sysroot/usr/lib/arm-linux-androideabi/24/crtend_android.o]
  implicit dirs: [/usr/local/lib/android/sdk/ndk/27.3.13750724/toolchains/llvm/prebuilt/linux-x86_64/lib/clang/18/lib/linux/arm;/usr/local/lib/android/sdk/ndk/27.3.13750724/toolchains/llvm/prebuilt/linux-x86_64/sysroot/usr/lib/arm-linux-androideabi/24;/usr/local/lib/android/sdk/ndk/27.3.13750724/toolchains/llvm/prebuilt/linux-x86_64/sysroot/usr/lib/arm-linux-androideabi;/usr/local/lib/android/sdk/ndk/27.3.13750724/toolchains/llvm/prebuilt/linux-x86_64/sysroot/usr/lib]
  implicit fwks: []


Detecting CXX compiler ABI info compiled with the following output:
Change Dir: /home/runner/work/CroMagRally-Android/CroMagRally-Android/android/app/.cxx/Debug/h3k1i6w1/armeabi-v7a/CMakeFiles/CMakeTmp

Run Build Command(s):/usr/local/lib/android/sdk/cmake/3.22.1/bin/ninja cmTC_b3a2d && [1/2] Building CXX object CMakeFiles/cmTC_b3a2d.dir/CMakeCXXCompilerABI.cpp.o
Android (13691557, +pgo, +bolt, +lto, +mlgo, based on r522817d) clang version 18.0.4 (https://android.googlesource.com/toolchain/llvm-project d8003a456d14a3deb8054cdaa529ffbf02d9b262)
Target: armv7-none-linux-android24
Thread model: posix
InstalledDir: /usr/local/lib/android/sdk/ndk/27.3.13750724/toolchains/llvm/prebuilt/linux-x86_64/bin
 (in-process)
 "/usr/local/lib/android/sdk/ndk/27.3.13750724/toolchains/llvm/prebuilt/linux-x86_64/bin/clang++" -cc1 -triple thumbv7-none-linux-android24 -emit-obj -mrelax-all -disable-free -clear-ast-before-backend -disable-llvm-verifier -discard-value-names -main-file-name CMakeCXXCompilerABI.cpp -mrelocation-model pic -pic-level 2 -pic-is-pie -mframe-pointer=all -ffp-contract=on -fno-rounding-math -mconstructor-aliases -funwind-tables=1 -target-cpu generic -target-feature +soft-float-abi -target-feature +vfp2 -target-feature +vfp2sp -target-feature +vfp3 -target-feature +vfp3d16 -target-feature +vfp3d16sp -target-feature +vfp3sp -target-feature -fp16 -target-feature -vfp4 -target-feature -vfp4d16 -target-feature -vfp4d16sp -target-feature -vfp4sp -target-feature -fp-armv8 -target-feature -fp-armv8d16 -target-feature -fp-armv8d16sp -target-feature -fp-armv8sp -target-feature -fullfp16 -target-feature +fp64 -target-feature +d32 -target-feature +neon -target-feature -sha2 -target-feature -aes -target-feature -fp16fml -target-abi aapcs-linux -mfloat-abi soft -debug-info-kind=constructor -dwarf-version=4 -debugger-tuning=gdb -fdebug-compilation-dir=/home/runner/work/CroMagRally-Android/CroMagRally-Android/android/app/.cxx/Debug/h3k1i6w1/armeabi-v7a/CMakeFiles/CMakeTmp -v -ffunction-sections -fdata-sections -fcoverage-compilation-dir=/home/runner/work/CroMagRally-Android/CroMagRally-Android/android/app/.cxx/Debug/h3k1i6w1/armeabi-v7a/CMakeFiles/CMakeTmp -resource-dir /usr/local/lib/android/sdk/ndk/27.3.13750724/toolchains/llvm/prebuilt/linux-x86_64/lib/clang/18 -dependency-file CMakeFiles/cmTC_b3a2d.dir/CMakeCXXCompilerABI.cpp.o.d -MT CMakeFiles/cmTC_b3a2d.dir/CMakeCXXCompilerABI.cpp.o -sys-header-deps -D ANDROID -D _FORTIFY_SOURCE=2 -isysroot /usr/local/lib/android/sdk/ndk/27.3.13750724/toolchains/llvm/prebuilt/linux-x86_64/sysroot -internal-isystem /usr/local/lib/android/sdk/ndk/27.3.13750724/toolchains/llvm/prebuilt/linux-x86_64/sysroot/usr/include/c++/v1 -internal-isystem /usr/local/lib/android/sdk/ndk/27.3.13750724/toolchains/llvm/prebuilt/linux-x86_64/lib/clang/18/include -internal-isystem /usr/local/lib/android/sdk/ndk/27.3.13750724/toolchains/llvm/prebuilt/linux-x86_64/sysroot/usr/local/include -internal-externc-isystem /usr/local/lib/android/sdk/ndk/27.3.13750724/toolchains/llvm/prebuilt/linux-x86_64/sysroot/usr/include/arm-linux-androideabi -internal-externc-isystem /usr/local/lib/android/sdk/ndk/27.3.13750724/toolchains/llvm/prebuilt/linux-x86_64/sysroot/include -internal-externc-isystem /usr/local/lib/android/sdk/ndk/27.3.13750724/toolchains/llvm/prebuilt/linux-x86_64/sysroot/usr/include -Wformat -std=gnu++20 -fdeprecated-macro -ferror-limit 19 -femulated-tls -stack-protector 2 -fno-signed-char -fgnuc-version=4.2.1 -fno-implicit-modules -fcxx-exceptions -fexceptions -D__GCC_HAVE_DWARF2_CFI_ASM=1 -o CMakeFiles/cmTC_b3a2d.dir/CMakeCXXCompilerABI.cpp.o -x c++ /usr/local/lib/android/sdk/cmake/3.22.1/share/cmake-3.22/Modules/CMakeCXXCompilerABI.cpp
clang -cc1 version 18.0.4 based upon LLVM 18.0.4 default target x86_64-unknown-linux-gnu
ignoring nonexistent directory "/usr/local/lib/android/sdk/ndk/27.3.13750724/toolchains/llvm/prebuilt/linux-x86_64/sysroot/usr/local/include"
ignoring nonexistent directory "/usr/local/lib/android/sdk/ndk/27.3.13750724/toolchains/llvm/prebuilt/linux-x86_64/sysroot/include"
#include "..." search starts here:
#include <...> search starts here:
 /usr/local/lib/android/sdk/ndk/27.3.13750724/toolchains/llvm/prebuilt/linux-x86_64/sysroot/usr/include/c++/v1
 /usr/local/lib/android/sdk/ndk/27.3.13750724/toolchains/llvm/prebuilt/linux-x86_64/lib/clang/18/include
 /usr/local/lib/android/sdk/ndk/27.3.13750724/toolchains/llvm/prebuilt/linux-x86_64/sysroot/usr/include/arm-linux-androideabi
 /usr/local/lib/android/sdk/ndk/27.3.13750724/toolchains/llvm/prebuilt/linux-x86_64/sysroot/usr/include
End of search list.
[2/2] Linking CXX executable cmTC_b3a2d
Android (13691557, +pgo, +bolt, +lto, +mlgo, based on r522817d) clang version 18.0.4 (https://android.googlesource.com/toolchain/llvm-project d8003a456d14a3deb8054cdaa529ffbf02d9b262)
Target: armv7-none-linux-android24
Thread model: posix
InstalledDir: /usr/local/lib/android/sdk/ndk/27.3.13750724/toolchains/llvm/prebuilt/linux-x86_64/bin
 "/usr/local/lib/android/sdk/ndk/27.3.13750724/toolchains/llvm/prebuilt/linux-x86_64/bin/ld.lld" --sysroot=/usr/local/lib/android/sdk/ndk/27.3.13750724/toolchains/llvm/prebuilt/linux-x86_64/sysroot -EL -z now -z relro -z max-page-size=4096 -X --hash-style=gnu --eh-frame-hdr -m armelf_linux_eabi -pie -dynamic-linker /system/bin/linker -o cmTC_b3a2d /usr/local/lib/android/sdk/ndk/27.3.13750724/toolchains/llvm/prebuilt/linux-x86_64/sysroot/usr/lib/arm-linux-androideabi/24/crtbegin_dynamic.o -L/usr/local/lib/android/sdk/ndk/27.3.13750724/toolchains/llvm/prebuilt/linux-x86_64/lib/clang/18/lib/linux/arm -L/usr/local/lib/android/sdk/ndk/27.3.13750724/toolchains/llvm/prebuilt/linux-x86_64/sysroot/usr/lib/arm-linux-androideabi/24 -L/usr/local/lib/android/sdk/ndk/27.3.13750724/toolchains/llvm/prebuilt/linux-x86_64/sysroot/usr/lib/arm-linux-androideabi -L/usr/local/lib/android/sdk/ndk/27.3.13750724/toolchains/llvm/prebuilt/linux-x86_64/sysroot/usr/lib/../lib -L/usr/local/lib/android/sdk/ndk/27.3.13750724/toolchains/llvm/prebuilt/linux-x86_64/sysroot/usr/lib --build-id=sha1 --no-rosegment --no-undefined-version --fatal-warnings --no-undefined CMakeFiles/cmTC_b3a2d.dir/CMakeCXXCompilerABI.cpp.o -lc++ -lm /usr/local/lib/android/sdk/ndk/27.3.13750724/toolchains/llvm/prebuilt/linux-x86_64/lib/clang/18/lib/linux/libclang_rt.builtins-arm-android.a -l:libunwind.a -ldl -lc /usr/local/lib/android/sdk/ndk/27.3.13750724/toolchains/llvm/prebuilt/linux-x86_64/lib/clang/18/lib/linux/libclang_rt.builtins-arm-android.a -l:libunwind.a -ldl /usr/local/lib/android/sdk/ndk/27.3.13750724/toolchains/llvm/prebuilt/linux-x86_64/sysroot/usr/lib/arm-linux-androideabi/24/crtend_android.o



Parsed CXX implicit include dir info from above output: rv=done
  found start of include info
  found start of implicit include info
    add: [/usr/local/lib/android/sdk/ndk/27.3.13750724/toolchains/llvm/prebuilt/linux-x86_64/sysroot/usr/include/c++/v1]
    add: [/usr/local/lib/android/sdk/ndk/27.3.13750724/toolchains/llvm/prebuilt/linux-x86_64/lib/clang/18/include]
    add: [/usr/local/lib/android/sdk/ndk/27.3.13750724/toolchains/llvm/prebuilt/linux-x86_64/sysroot/usr/include/arm-linux-androideabi]
    add: [/usr/local/lib/android/sdk/ndk/27.3.13750724/toolchains/llvm/prebuilt/linux-x86_64/sysroot/usr/include]
  end of search list found
  collapse include dir [/usr/local/lib/android/sdk/ndk/27.3.13750724/toolchains/llvm/prebuilt/linux-x86_64/sysroot/usr/include/c++/v1] ==> [/usr/local/lib/android/sdk/ndk/27.3.13750724/toolchains/llvm/prebuilt/linux-x86_64/sysroot/usr/include/c++/v1]
  collapse include dir [/usr/local/lib/android/sdk/ndk/27.3.13750724/toolchains/llvm/prebuilt/linux-x86_64/lib/clang/18/include] ==> [/usr/local/lib/android/sdk/ndk/27.3.13750724/toolchains/llvm/prebuilt/linux-x86_64/lib/clang/18/include]
  collapse include dir [/usr/local/lib/android/sdk/ndk/27.3.13750724/toolchains/llvm/prebuilt/linux-x86_64/sysroot/usr/include/arm-linux-androideabi] ==> [/usr/local/lib/android/sdk/ndk/27.3.13750724/toolchains/llvm/prebuilt/linux-x86_64/sysroot/usr/include/arm-linux-androideabi]
  collapse include dir [/usr/local/lib/android/sdk/ndk/27.3.13750724/toolchains/llvm/prebuilt/linux-x86_64/sysroot/usr/include] ==> [/usr/local/lib/android/sdk/ndk/27.3.13750724/toolchains/llvm/prebuilt/linux-x86_64/sysroot/usr/include]
  implicit include dirs: [/usr/local/lib/android/sdk/ndk/27.3.13750724/toolchains/llvm/prebuilt/linux-x86_64/sysroot/usr/include/c++/v1;/usr/local/lib/android/sdk/ndk/27.3.13750724/toolchains/llvm/prebuilt/linux-x86_64/lib/clang/18/include;/usr/local/lib/android/sdk/ndk/27.3.13750724/toolchains/llvm/prebuilt/linux-x86_64/sysroot/usr/include/arm-linux-androideabi;/usr/local/lib/android/sdk/ndk/27.3.13750724/toolchains/llvm/prebuilt/linux-x86_64/sysroot/usr/include]


Parsed CXX implicit link information from above output:
  link line regex: [^( *|.*[/\])(ld\.lld|CMAKE_LINK_STARTFILE-NOTFOUND|([^/\]+-)?ld|collect2)[^/\]*( |$)]
  ignore line: [Change Dir: /home/runner/work/CroMagRally-Android/CroMagRally-Android/android/app/.cxx/Debug/h3k1i6w1/armeabi-v7a/CMakeFiles/CMakeTmp]
  ignore line: []
  ignore line: [Run Build Command(s):/usr/local/lib/android/sdk/cmake/3.22.1/bin/ninja cmTC_b3a2d && [1/2] Building CXX object CMakeFiles/cmTC_b3a2d.dir/CMakeCXXCompilerABI.cpp.o]
  ignore line: [Android (13691557  +pgo  +bolt  +lto  +mlgo  based on r522817d) clang version 18.0.4 (https://android.googlesource.com/toolchain/llvm-project d8003a456d14a3deb8054cdaa529ffbf02d9b262)]
  ignore line: [Target: armv7-none-linux-android24]
  ignore line: [Thread model: posix]
  ignore line: [InstalledDir: /usr/local/lib/android/sdk/ndk/27.3.13750724/toolchains/llvm/prebuilt/linux-x86_64/bin]
  ignore line: [ (in-process)]
  ignore line: [ "/usr/local/lib/android/sdk/ndk/27.3.13750724/toolchains/llvm/prebuilt/linux-x86_64/bin/clang++" -cc1 -triple thumbv7-none-linux-android24 -emit-obj -mrelax-all -disable-free -clear-ast-before-backend -disable-llvm-verifier -discard-value-names -main-file-name CMakeCXXCompilerABI.cpp -mrelocation-model pic -pic-level 2 -pic-is-pie -mframe-pointer=all -ffp-contract=on -fno-rounding-math -mconstructor-aliases -funwind-tables=1 -target-cpu generic -target-feature +soft-float-abi -target-feature +vfp2 -target-feature +vfp2sp -target-feature +vfp3 -target-feature +vfp3d16 -target-feature +vfp3d16sp -target-feature +vfp3sp -target-feature -fp16 -target-feature -vfp4 -target-feature -vfp4d16 -target-feature -vfp4d16sp -target-feature -vfp4sp -target-feature -fp-armv8 -target-feature -fp-armv8d16 -target-feature -fp-armv8d16sp -target-feature -fp-armv8sp -target-feature -fullfp16 -target-feature +fp64 -target-feature +d32 -target-feature +neon -target-feature -sha2 -target-feature -aes -target-feature -fp16fml -target-abi aapcs-linux -mfloat-abi soft -debug-info-kind=constructor -dwarf-version=4 -debugger-tuning=gdb -fdebug-compilation-dir=/home/runner/work/CroMagRally-Android/CroMagRally-Android/android/app/.cxx/Debug/h3k1i6w1/armeabi-v7a/CMakeFiles/CMakeTmp -v -ffunction-sections -fdata-sections -fcoverage-compilation-dir=/home/runner/work/CroMagRally-Android/CroMagRally-Android/android/app/.cxx/Debug/h3k1i6w1/armeabi-v7a/CMakeFiles/CMakeTmp -resource-dir /usr/local/lib/android/sdk/ndk/27.3.13750724/toolchains/llvm/prebuilt/linux-x86_64/lib/clang/18 -dependency-file CMakeFiles/cmTC_b3a2d.dir/CMakeCXXCompilerABI.cpp.o.d -MT CMakeFiles/cmTC_b3a2d.dir/CMakeCXXCompilerABI.cpp.o -sys-header-deps -D ANDROID -D _FORTIFY_SOURCE=2 -isysroot /usr/local/lib/android/sdk/ndk/27.3.13750724/toolchains/llvm/prebuilt/linux-x86_64/sysroot -internal-isystem /usr/local/lib/android/sdk/ndk/27.3.13750724/toolchains/llvm/prebuilt/linux-x86_64/sysroot/usr/include/c++/v1 -internal-isystem /usr/local/lib/android/sdk/ndk/27.3.13750724/toolchains/llvm/prebuilt/linux-x86_64/lib/clang/18/include -internal-isystem /usr/local/lib/android/sdk/ndk/27.3.13750724/toolchains/llvm/prebuilt/linux-x86_64/sysroot/usr/local/include -internal-externc-isystem /usr/local/lib/android/sdk/ndk/27.3.13750724/toolchains/llvm/prebuilt/linux-x86_64/sysroot/usr/include/arm-linux-androideabi -internal-externc-isystem /usr/local/lib/android/sdk/ndk/27.3.13750724/toolchains/llvm/prebuilt/linux-x86_64/sysroot/include -internal-externc-isystem /usr/local/lib/android/sdk/ndk/27.3.13750724/toolchains/llvm/prebuilt/linux-x86_64/sysroot/usr/include -Wformat -std=gnu++20 -fdeprecated-macro -ferror-limit 19 -femulated-tls -stack-protector 2 -fno-signed-char -fgnuc-version=4.2.1 -fno-implicit-modules -fcxx-exceptions -fexceptions -D__GCC_HAVE_DWARF2_CFI_ASM=1 -o CMakeFiles/cmTC_b3a2d.dir/CMakeCXXCompilerABI.cpp.o -x c++ /usr/local/lib/android/sdk/cmake/3.22.1/share/cmake-3.22/Modules/CMakeCXXCompilerABI.cpp]
  ignore line: [clang -cc1 version 18.0.4 based upon LLVM 18.0.4 default target x86_64-unknown-linux-gnu]
  ignore line: [ignoring nonexistent directory "/usr/local/lib/android/sdk/ndk/27.3.13750724/toolchains/llvm/prebuilt/linux-x86_64/sysroot/usr/local/include"]
  ignore line: [ignoring nonexistent directory "/usr/local/lib/android/sdk/ndk/27.3.13750724/toolchains/llvm/prebuilt/linux-x86_64/sysroot/include"]
  ignore line: [#include "..." search starts here:]
  ignore line: [#include <...> search starts here:]
  ignore line: [ /usr/local/lib/android/sdk/ndk/27.3.13750724/toolchains/llvm/prebuilt/linux-x86_64/sysroot/usr/include/c++/v1]
  ignore line: [ /usr/local/lib/android/sdk/ndk/27.3.13750724/toolchains/llvm/prebuilt/linux-x86_64/lib/clang/18/include]
  ignore line: [ /usr/local/lib/android/sdk/ndk/27.3.13750724/toolchains/llvm/prebuilt/linux-x86_64/sysroot/usr/include/arm-linux-androideabi]
  ignore line: [ /usr/local/lib/android/sdk/ndk/27.3.13750724/toolchains/llvm/prebuilt/linux-x86_64/sysroot/usr/include]
  ignore line: [End of search list.]
  ignore line: [[2/2] Linking CXX executable cmTC_b3a2d]
  ignore line: [Android (13691557  +pgo  +bolt  +lto  +mlgo  based on r522817d) clang version 18.0.4 (https://android.googlesource.com/toolchain/llvm-project d8003a456d14a3deb8054cdaa529ffbf02d9b262)]
  ignore line: [Target: armv7-none-linux-android24]
  ignore line: [Thread model: posix]
  ignore line: [InstalledDir: /usr/local/lib/android/sdk/ndk/27.3.13750724/toolchains/llvm/prebuilt/linux-x86_64/bin]
  link line: [ "/usr/local/lib/android/sdk/ndk/27.3.13750724/toolchains/llvm/prebuilt/linux-x86_64/bin/ld.lld" --sysroot=/usr/local/lib/android/sdk/ndk/27.3.13750724/toolchains/llvm/prebuilt/linux-x86_64/sysroot -EL -z now -z relro -z max-page-size=4096 -X --hash-style=gnu --eh-frame-hdr -m armelf_linux_eabi -pie -dynamic-linker /system/bin/linker -o cmTC_b3a2d /usr/local/lib/android/sdk/ndk/27.3.13750724/toolchains/llvm/prebuilt/linux-x86_64/sysroot/usr/lib/arm-linux-androideabi/24/crtbegin_dynamic.o -L/usr/local/lib/android/sdk/ndk/27.3.13750724/toolchains/llvm/prebuilt/linux-x86_64/lib/clang/18/lib/linux/arm -L/usr/local/lib/android/sdk/ndk/27.3.13750724/toolchains/llvm/prebuilt/linux-x86_64/sysroot/usr/lib/arm-linux-androideabi/24 -L/usr/local/lib/android/sdk/ndk/27.3.13750724/toolchains/llvm/prebuilt/linux-x86_64/sysroot/usr/lib/arm-linux-androideabi -L/usr/local/lib/android/sdk/ndk/27.3.13750724/toolchains/llvm/prebuilt/linux-x86_64/sysroot/usr/lib/../lib -L/usr/local/lib/android/sdk/ndk/27.3.13750724/toolchains/llvm/prebuilt/linux-x86_64/sysroot/usr/lib --build-id=sha1 --no-rosegment --no-undefined-version --fatal-warnings --no-undefined CMakeFiles/cmTC_b3a2d.dir/CMakeCXXCompilerABI.cpp.o -lc++ -lm /usr/local/lib/android/sdk/ndk/27.3.13750724/toolchains/llvm/prebuilt/linux-x86_64/lib/clang/18/lib/linux/libclang_rt.builtins-arm-android.a -l:libunwind.a -ldl -lc /usr/local/lib/android/sdk/ndk/27.3.13750724/toolchains/llvm/prebuilt/linux-x86_64/lib/clang/18/lib/linux/libclang_rt.builtins-arm-android.a -l:libunwind.a -ldl /usr/local/lib/android/sdk/ndk/27.3.13750724/toolchains/llvm/prebuilt/linux-x86_64/sysroot/usr/lib/arm-linux-androideabi/24/crtend_android.o]
    arg [/usr/local/lib/android/sdk/ndk/27.3.13750724/toolchains/llvm/prebuilt/linux-x86_64/bin/ld.lld] ==> ignore
    arg [--sysroot=/usr/local/lib/android/sdk/ndk/27.3.13750724/toolchains/llvm/prebuilt/linux-x86_64/sysroot] ==> ignore
    arg [-EL] ==> ignore
    arg [-znow] ==> ignore
    arg [-zrelro] ==> ignore
    arg [-zmax-page-size=4096] ==> ignore
    arg [-X] ==> ignore
    arg [--hash-style=gnu] ==> ignore
    arg [--eh-frame-hdr] ==> ignore
    arg [-m] ==> ignore
    arg [armelf_linux_eabi] ==> ignore
    arg [-pie] ==> ignore
    arg [-dynamic-linker] ==> ignore
    arg [/system/bin/linker] ==> ignore
    arg [-o] ==> ignore
    arg [cmTC_b3a2d] ==> ignore
    arg [/usr/local/lib/android/sdk/ndk/27.3.13750724/toolchains/llvm/prebuilt/linux-x86_64/sysroot/usr/lib/arm-linux-androideabi/24/crtbegin_dynamic.o] ==> obj [/usr/local/lib/android/sdk/ndk/27.3.13750724/toolchains/llvm/prebuilt/linux-x86_64/sysroot/usr/lib/arm-linux-androideabi/24/crtbegin_dynamic.o]
    arg [-L/usr/local/lib/android/sdk/ndk/27.3.13750724/toolchains/llvm/prebuilt/linux-x86_64/lib/clang/18/lib/linux/arm] ==> dir [/usr/local/lib/android/sdk/ndk/27.3.13750724/toolchains/llvm/prebuilt/linux-x86_64/lib/clang/18/lib/linux/arm]
    arg [-L/usr/local/lib/android/sdk/ndk/27.3.13750724/toolchains/llvm/prebuilt/linux-x86_64/sysroot/usr/lib/arm-linux-androideabi/24] ==> dir [/usr/local/lib/android/sdk/ndk/27.3.13750724/toolchains/llvm/prebuilt/linux-x86_64/sysroot/usr/lib/arm-linux-androideabi/24]
    arg [-L/usr/local/lib/android/sdk/ndk/27.3.13750724/toolchains/llvm/prebuilt/linux-x86_64/sysroot/usr/lib/arm-linux-androideabi] ==> dir [/usr/local/lib/android/sdk/ndk/27.3.13750724/toolchains/llvm/prebuilt/linux-x86_64/sysroot/usr/lib/arm-linux-androideabi]
    arg [-L/usr/local/lib/android/sdk/ndk/27.3.13750724/toolchains/llvm/prebuilt/linux-x86_64/sysroot/usr/lib/../lib] ==> dir [/usr/local/lib/android/sdk/ndk/27.3.13750724/toolchains/llvm/prebuilt/linux-x86_64/sysroot/usr/lib/../lib]
    arg [-L/usr/local/lib/android/sdk/ndk/27.3.13750724/toolchains/llvm/prebuilt/linux-x86_64/sysroot/usr/lib] ==> dir [/usr/local/lib/android/sdk/ndk/27.3.13750724/toolchains/llvm/prebuilt/linux-x86_64/sysroot/usr/lib]
    arg [--build-id=sha1] ==> ignore
    arg [--no-rosegment] ==> ignore
    arg [--no-undefined-version] ==> ignore
    arg [--fatal-warnings] ==> ignore
    arg [--no-undefined] ==> ignore
    arg [CMakeFiles/cmTC_b3a2d.dir/CMakeCXXCompilerABI.cpp.o] ==> ignore
    arg [-lc++] ==> lib [c++]
    arg [-lm] ==> lib [m]
    arg [/usr/local/lib/android/sdk/ndk/27.3.13750724/toolchains/llvm/prebuilt/linux-x86_64/lib/clang/18/lib/linux/libclang_rt.builtins-arm-android.a] ==> lib [/usr/local/lib/android/sdk/ndk/27.3.13750724/toolchains/llvm/prebuilt/linux-x86_64/lib/clang/18/lib/linux/libclang_rt.builtins-arm-android.a]
    arg [-l:libunwind.a] ==> lib [-l:libunwind.a]
    arg [-ldl] ==> lib [dl]
    arg [-lc] ==> lib [c]
    arg [/usr/local/lib/android/sdk/ndk/27.3.13750724/toolchains/llvm/prebuilt/linux-x86_64/lib/clang/18/lib/linux/libclang_rt.builtins-arm-android.a] ==> lib [/usr/local/lib/android/sdk/ndk/27.3.13750724/toolchains/llvm/prebuilt/linux-x86_64/lib/clang/18/lib/linux/libclang_rt.builtins-arm-android.a]
    arg [-l:libunwind.a] ==> lib [-l:libunwind.a]
    arg [-ldl] ==> lib [dl]
    arg [/usr/local/lib/android/sdk/ndk/27.3.13750724/toolchains/llvm/prebuilt/linux-x86_64/sysroot/usr/lib/arm-linux-androideabi/24/crtend_android.o] ==> obj [/usr/local/lib/android/sdk/ndk/27.3.13750724/toolchains/llvm/prebuilt/linux-x86_64/sysroot/usr/lib/arm-linux-androideabi/24/crtend_android.o]
  remove lib [/usr/local/lib/android/sdk/ndk/27.3.13750724/toolchains/llvm/prebuilt/linux-x86_64/lib/clang/18/lib/linux/libclang_rt.builtins-arm-android.a]
  remove lib [/usr/local/lib/android/sdk/ndk/27.3.13750724/toolchains/llvm/prebuilt/linux-x86_64/lib/clang/18/lib/linux/libclang_rt.builtins-arm-android.a]
  collapse library dir [/usr/local/lib/android/sdk/ndk/27.3.13750724/toolchains/llvm/prebuilt/linux-x86_64/lib/clang/18/lib/linux/arm] ==> [/usr/local/lib/android/sdk/ndk/27.3.13750724/toolchains/llvm/prebuilt/linux-x86_64/lib/clang/18/lib/linux/arm]
  collapse library dir [/usr/local/lib/android/sdk/ndk/27.3.13750724/toolchains/llvm/prebuilt/linux-x86_64/sysroot/usr/lib/arm-linux-androideabi/24] ==> [/usr/local/lib/android/sdk/ndk/27.3.13750724/toolchains/llvm/prebuilt/linux-x86_64/sysroot/usr/lib/arm-linux-androideabi/24]
  collapse library dir [/usr/local/lib/android/sdk/ndk/27.3.13750724/toolchains/llvm/prebuilt/linux-x86_64/sysroot/usr/lib/arm-linux-androideabi] ==> [/usr/local/lib/android/sdk/ndk/27.3.13750724/toolchains/llvm/prebuilt/linux-x86_64/sysroot/usr/lib/arm-linux-androideabi]
  collapse library dir [/usr/local/lib/android/sdk/ndk/27.3.13750724/toolchains/llvm/prebuilt/linux-x86_64/sysroot/usr/lib/../lib] ==> [/usr/local/lib/android/sdk/ndk/27.3.13750724/toolchains/llvm/prebuilt/linux-x86_64/sysroot/usr/lib]
  collapse library dir [/usr/local/lib/android/sdk/ndk/27.3.13750724/toolchains/llvm/prebuilt/linux-x86_64/sysroot/usr/lib] ==> [/usr/local/lib/android/sdk/ndk/27.3.13750724/toolchains/llvm/prebuilt/linux-x86_64/sysroot/usr/lib]
  implicit libs: [c++;m;-l:libunwind.a;dl;c;-l:libunwind.a;dl]
  implicit objs: [/usr/local/lib/android/sdk/ndk/27.3.13750724/toolchains/llvm/prebuilt/linux-x86_64/sysroot/usr/lib/arm-linux-androideabi/24/crtbegin_dynamic.o;/usr/local/lib/android/sdk/ndk/27.3.13750724/toolchains/llvm/prebuilt/linux-x86_64/sysroot/usr/lib/arm-linux-androideabi/24/crtend_android.o]
  implicit dirs: [/usr/local/lib/android/sdk/ndk/27.3.13750724/toolchains/llvm/prebuilt/linux-x86_64/lib/clang/18/lib/linux/arm;/usr/local/lib/android/sdk/ndk/27.3.13750724/toolchains/llvm/prebuilt/linux-x86_64/sysroot/usr/lib/arm-linux-androideabi/24;/usr/local/lib/android/sdk/ndk/27.3.13750724/toolchains/llvm/prebuilt/linux-x86_64/sysroot/usr/lib/arm-linux-androideabi;/usr/local/lib/android/sdk/ndk/27.3.13750724/toolchains/llvm/prebuilt/linux-x86_64/sysroot/usr/lib]
  implicit fwks: []


Performing C SOURCE FILE Test HAVE_GCC_WALL succeeded with the following output:
Change Dir: /home/runner/work/CroMagRally-Android/CroMagRally-Android/android/app/.cxx/Debug/h3k1i6w1/armeabi-v7a/CMakeFiles/CMakeTmp

Run Build Command(s):/usr/local/lib/android/sdk/cmake/3.22.1/bin/ninja cmTC_f7d26 && [1/2] Building C object CMakeFiles/cmTC_f7d26.dir/src.c.o
[2/2] Linking C executable cmTC_f7d26


Source file was:
int main(void) { return 0; }
Performing C SOURCE FILE Test HAVE_GCC_WUNDEF succeeded with the following output:
Change Dir: /home/runner/work/CroMagRally-Android/CroMagRally-Android/android/app/.cxx/Debug/h3k1i6w1/armeabi-v7a/CMakeFiles/CMakeTmp

Run Build Command(s):/usr/local/lib/android/sdk/cmake/3.22.1/bin/ninja cmTC_f67eb && [1/2] Building C object CMakeFiles/cmTC_f67eb.dir/src.c.o
[2/2] Linking C executable cmTC_f67eb


Source file was:
int main(void) { return 0; }
Performing C SOURCE FILE Test HAVE_GCC_WFLOAT_CONVERSION succeeded with the following output:
Change Dir: /home/runner/work/CroMagRally-Android/CroMagRally-Android/android/app/.cxx/Debug/h3k1i6w1/armeabi-v7a/CMakeFiles/CMakeTmp

Run Build Command(s):/usr/local/lib/android/sdk/cmake/3.22.1/bin/ninja cmTC_d256c && [1/2] Building C object CMakeFiles/cmTC_d256c.dir/src.c.o
[2/2] Linking C executable cmTC_d256c


Source file was:
int main(void) { return 0; }
Performing C SOURCE FILE Test HAVE_GCC_NO_STRICT_ALIASING succeeded with the following output:
Change Dir: /home/runner/work/CroMagRally-Android/CroMagRally-Android/android/app/.cxx/Debug/h3k1i6w1/armeabi-v7a/CMakeFiles/CMakeTmp

Run Build Command(s):/usr/local/lib/android/sdk/cmake/3.22.1/bin/ninja cmTC_00dd2 && [1/2] Building C object CMakeFiles/cmTC_00dd2.dir/src.c.o
[2/2] Linking C executable cmTC_00dd2


Source file was:
int main(void) { return 0; }
Performing C SOURCE FILE Test HAVE_GCC_WDOCUMENTATION succeeded with the following output:
Change Dir: /home/runner/work/CroMagRally-Android/CroMagRally-Android/android/app/.cxx/Debug/h3k1i6w1/armeabi-v7a/CMakeFiles/CMakeTmp

Run Build Command(s):/usr/local/lib/android/sdk/cmake/3.22.1/bin/ninja cmTC_6d585 && [1/2] Building C object CMakeFiles/cmTC_6d585.dir/src.c.o
[2/2] Linking C executable cmTC_6d585


Source file was:
int main(void) { return 0; }
Performing C SOURCE FILE Test HAVE_GCC_WDOCUMENTATION_UNKNOWN_COMMAND succeeded with the following output:
Change Dir: /home/runner/work/CroMagRally-Android/CroMagRally-Android/android/app/.cxx/Debug/h3k1i6w1/armeabi-v7a/CMakeFiles/CMakeTmp

Run Build Command(s):/usr/local/lib/android/sdk/cmake/3.22.1/bin/ninja cmTC_c0cbe && [1/2] Building C object CMakeFiles/cmTC_c0cbe.dir/src.c.o
[2/2] Linking C executable cmTC_c0cbe


Source file was:
int main(void) { return 0; }
Performing C SOURCE FILE Test HAVE_GCC_COMMENT_BLOCK_COMMANDS succeeded with the following output:
Change Dir: /home/runner/work/CroMagRally-Android/CroMagRally-Android/android/app/.cxx/Debug/h3k1i6w1/armeabi-v7a/CMakeFiles/CMakeTmp

Run Build Command(s):/usr/local/lib/android/sdk/cmake/3.22.1/bin/ninja cmTC_b2835 && [1/2] Building C object CMakeFiles/cmTC_b2835.dir/src.c.o
[2/2] Linking C executable cmTC_b2835


Source file was:
int main(void) { return 0; }
Performing C SOURCE FILE Test HAVE_GCC_WSHADOW succeeded with the following output:
Change Dir: /home/runner/work/CroMagRally-Android/CroMagRally-Android/android/app/.cxx/Debug/h3k1i6w1/armeabi-v7a/CMakeFiles/CMakeTmp

Run Build Command(s):/usr/local/lib/android/sdk/cmake/3.22.1/bin/ninja cmTC_343df && [1/2] Building C object CMakeFiles/cmTC_343df.dir/src.c.o
[2/2] Linking C executable cmTC_343df


Source file was:
int main(void) { return 0; }
Performing C SOURCE FILE Test HAVE_GCC_WUNUSED_LOCAL_TYPEDEFS succeeded with the following output:
Change Dir: /home/runner/work/CroMagRally-Android/CroMagRally-Android/android/app/.cxx/Debug/h3k1i6w1/armeabi-v7a/CMakeFiles/CMakeTmp

Run Build Command(s):/usr/local/lib/android/sdk/cmake/3.22.1/bin/ninja cmTC_fd9e9 && [1/2] Building C object CMakeFiles/cmTC_fd9e9.dir/src.c.o
[2/2] Linking C executable cmTC_fd9e9


Source file was:
int main(void) { return 0; }
Performing C SOURCE FILE Test HAVE_GCC_WIMPLICIT_FALLTHROUGH succeeded with the following output:
Change Dir: /home/runner/work/CroMagRally-Android/CroMagRally-Android/android/app/.cxx/Debug/h3k1i6w1/armeabi-v7a/CMakeFiles/CMakeTmp

Run Build Command(s):/usr/local/lib/android/sdk/cmake/3.22.1/bin/ninja cmTC_7eca2 && [1/2] Building C object CMakeFiles/cmTC_7eca2.dir/src.c.o
[2/2] Linking C executable cmTC_7eca2


Source file was:
int main(void) { return 0; }
Performing C SOURCE FILE Test COMPILER_SUPPORTS_FCOLOR_DIAGNOSTICS succeeded with the following output:
Change Dir: /home/runner/work/CroMagRally-Android/CroMagRally-Android/android/app/.cxx/Debug/h3k1i6w1/armeabi-v7a/CMakeFiles/CMakeTmp

Run Build Command(s):/usr/local/lib/android/sdk/cmake/3.22.1/bin/ninja cmTC_f96d0 && [1/2] Building C object CMakeFiles/cmTC_f96d0.dir/src.c.o
[2/2] Linking C executable cmTC_f96d0


Source file was:
int main(void) { return 0; }
Performing C SOURCE FILE Test HAVE_WL_VERSION_SCRIPT succeeded with the following output:
Change Dir: /home/runner/work/CroMagRally-Android/CroMagRally-Android/android/app/.cxx/Debug/h3k1i6w1/armeabi-v7a/CMakeFiles/CMakeTmp

Run Build Command(s):/usr/local/lib/android/sdk/cmake/3.22.1/bin/ninja cmTC_92a0a && [1/2] Building C object CMakeFiles/cmTC_92a0a.dir/src.c.o
[2/2] Linking C executable cmTC_92a0a


Source file was:
int func(void) {return 0;} int main(int argc,char*argv[]){(void)argc;(void)argv;return func();}
Performing C SOURCE FILE Test COMPILER_SUPPORTS_GCC_ATOMICS succeeded with the following output:
Change Dir: /home/runner/work/CroMagRally-Android/CroMagRally-Android/android/app/.cxx/Debug/h3k1i6w1/armeabi-v7a/CMakeFiles/CMakeTmp

Run Build Command(s):/usr/local/lib/android/sdk/cmake/3.22.1/bin/ninja cmTC_1ddfa && [1/2] Building C object CMakeFiles/cmTC_1ddfa.dir/src.c.o
[2/2] Linking C executable cmTC_1ddfa


Source file was:
int main(int argc, char **argv) {
        int a;
        void *x, *y, *z;
        __sync_lock_test_and_set(&a, 4);
        __sync_lock_test_and_set(&x, y);
        __sync_fetch_and_add(&a, 1);
        __sync_bool_compare_and_swap(&a, 5, 10);
        __sync_bool_compare_and_swap(&x, y, z);
        return 0; }
Performing C SOURCE FILE Test HAVE_GCC_FVISIBILITY succeeded with the following output:
Change Dir: /home/runner/work/CroMagRally-Android/CroMagRally-Android/android/app/.cxx/Debug/h3k1i6w1/armeabi-v7a/CMakeFiles/CMakeTmp

Run Build Command(s):/usr/local/lib/android/sdk/cmake/3.22.1/bin/ninja cmTC_dcfd1 && [1/2] Building C object CMakeFiles/cmTC_dcfd1.dir/src.c.o
[2/2] Linking C executable cmTC_dcfd1


Source file was:

      #if !defined(__GNUC__) || __GNUC__ < 4
      #error SDL only uses visibility attributes in GCC 4 or newer
      #endif
      __attribute__((visibility("default"))) int foo(void);
      __attribute__((visibility("hidden")))  int bar(void);
      int foo(void) { return 0; }
      int bar(void) { return 1; }
      int main(void) { return 0; }
Performing C SOURCE FILE Test LINKER_SUPPORTS_WL_NO_UNDEFINED succeeded with the following output:
Change Dir: /home/runner/work/CroMagRally-Android/CroMagRally-Android/android/app/.cxx/Debug/h3k1i6w1/armeabi-v7a/CMakeFiles/CMakeTmp

Run Build Command(s):/usr/local/lib/android/sdk/cmake/3.22.1/bin/ninja cmTC_434ca && [1/2] Building C object CMakeFiles/cmTC_434ca.dir/src.c.o
[2/2] Linking C executable cmTC_434ca


Source file was:
int main() { return 0; }
Performing C SOURCE FILE Test COMPILER_SUPPORTS_ARMNEON succeeded with the following output:
Change Dir: /home/runner/work/CroMagRally-Android/CroMagRally-Android/android/app/.cxx/Debug/h3k1i6w1/armeabi-v7a/CMakeFiles/CMakeTmp

Run Build Command(s):/usr/local/lib/android/sdk/cmake/3.22.1/bin/ninja cmTC_5545f && [1/2] Building C object CMakeFiles/cmTC_5545f.dir/src.c.o
[2/2] Linking C executable cmTC_5545f


Source file was:

    #if 0
    # if defined(__arm__) || defined(__aarch64__)
    #  define test_enabled 1
    # else
    #  define test_enabled 0 /* feign success in Apple multi-arch configs */
    # endif
    #else                    /* test normally */
    # define test_enabled 1
    #endif
    #if test_enabled
          #include <arm_neon.h>
      void floats_add(float *dest, float *a, float *b, unsigned size) {
        for (; size >= 4; size -= 4, dest += 4, a += 4, b += 4) {
          vst1q_f32(dest, vaddq_f32(vld1q_f32(a), vld1q_f32(b)));
        }
      }
      int main(int argc, char *argv[]) {
        floats_add((float*)0, (float*)0, (float*)0, 0);
        return 0;
      }
    #else
    int main(int argc, char *argv[]) {
      (void)argc;
      (void)argv;
      return 0;
    }
    #endif
Determining if the include file alloca.h exists passed with the following output:
Change Dir: /home/runner/work/CroMagRally-Android/CroMagRally-Android/android/app/.cxx/Debug/h3k1i6w1/armeabi-v7a/CMakeFiles/CMakeTmp

Run Build Command(s):/usr/local/lib/android/sdk/cmake/3.22.1/bin/ninja cmTC_fb942 && [1/2] Building C object CMakeFiles/cmTC_fb942.dir/CheckIncludeFile.c.o
[2/2] Linking C executable cmTC_fb942



Determining if the include file float.h exists passed with the following output:
Change Dir: /home/runner/work/CroMagRally-Android/CroMagRally-Android/android/app/.cxx/Debug/h3k1i6w1/armeabi-v7a/CMakeFiles/CMakeTmp

Run Build Command(s):/usr/local/lib/android/sdk/cmake/3.22.1/bin/ninja cmTC_d37f8 && [1/2] Building C object CMakeFiles/cmTC_d37f8.dir/CheckIncludeFile.c.o
[2/2] Linking C executable cmTC_d37f8



Determining if the include file iconv.h exists passed with the following output:
Change Dir: /home/runner/work/CroMagRally-Android/CroMagRally-Android/android/app/.cxx/Debug/h3k1i6w1/armeabi-v7a/CMakeFiles/CMakeTmp

Run Build Command(s):/usr/local/lib/android/sdk/cmake/3.22.1/bin/ninja cmTC_13a28 && [1/2] Building C object CMakeFiles/cmTC_13a28.dir/CheckIncludeFile.c.o
[2/2] Linking C executable cmTC_13a28



Determining if the include file inttypes.h exists passed with the following output:
Change Dir: /home/runner/work/CroMagRally-Android/CroMagRally-Android/android/app/.cxx/Debug/h3k1i6w1/armeabi-v7a/CMakeFiles/CMakeTmp

Run Build Command(s):/usr/local/lib/android/sdk/cmake/3.22.1/bin/ninja cmTC_45aa6 && [1/2] Building C object CMakeFiles/cmTC_45aa6.dir/CheckIncludeFile.c.o
[2/2] Linking C executable cmTC_45aa6



Determining if the include file limits.h exists passed with the following output:
Change Dir: /home/runner/work/CroMagRally-Android/CroMagRally-Android/android/app/.cxx/Debug/h3k1i6w1/armeabi-v7a/CMakeFiles/CMakeTmp

Run Build Command(s):/usr/local/lib/android/sdk/cmake/3.22.1/bin/ninja cmTC_8bf9d && [1/2] Building C object CMakeFiles/cmTC_8bf9d.dir/CheckIncludeFile.c.o
[2/2] Linking C executable cmTC_8bf9d



Determining if the include file malloc.h exists passed with the following output:
Change Dir: /home/runner/work/CroMagRally-Android/CroMagRally-Android/android/app/.cxx/Debug/h3k1i6w1/armeabi-v7a/CMakeFiles/CMakeTmp

Run Build Command(s):/usr/local/lib/android/sdk/cmake/3.22.1/bin/ninja cmTC_9ca6f && [1/2] Building C object CMakeFiles/cmTC_9ca6f.dir/CheckIncludeFile.c.o
[2/2] Linking C executable cmTC_9ca6f



Determining if the include file math.h exists passed with the following output:
Change Dir: /home/runner/work/CroMagRally-Android/CroMagRally-Android/android/app/.cxx/Debug/h3k1i6w1/armeabi-v7a/CMakeFiles/CMakeTmp

Run Build Command(s):/usr/local/lib/android/sdk/cmake/3.22.1/bin/ninja cmTC_cfb3c && [1/2] Building C object CMakeFiles/cmTC_cfb3c.dir/CheckIncludeFile.c.o
[2/2] Linking C executable cmTC_cfb3c



Determining if the include file memory.h exists passed with the following output:
Change Dir: /home/runner/work/CroMagRally-Android/CroMagRally-Android/android/app/.cxx/Debug/h3k1i6w1/armeabi-v7a/CMakeFiles/CMakeTmp

Run Build Command(s):/usr/local/lib/android/sdk/cmake/3.22.1/bin/ninja cmTC_1d09c && [1/2] Building C object CMakeFiles/cmTC_1d09c.dir/CheckIncludeFile.c.o
[2/2] Linking C executable cmTC_1d09c



Determining if the include file signal.h exists passed with the following output:
Change Dir: /home/runner/work/CroMagRally-Android/CroMagRally-Android/android/app/.cxx/Debug/h3k1i6w1/armeabi-v7a/CMakeFiles/CMakeTmp

Run Build Command(s):/usr/local/lib/android/sdk/cmake/3.22.1/bin/ninja cmTC_05df7 && [1/2] Building C object CMakeFiles/cmTC_05df7.dir/CheckIncludeFile.c.o
[2/2] Linking C executable cmTC_05df7



Determining if the include file stdarg.h exists passed with the following output:
Change Dir: /home/runner/work/CroMagRally-Android/CroMagRally-Android/android/app/.cxx/Debug/h3k1i6w1/armeabi-v7a/CMakeFiles/CMakeTmp

Run Build Command(s):/usr/local/lib/android/sdk/cmake/3.22.1/bin/ninja cmTC_46d72 && [1/2] Building C object CMakeFiles/cmTC_46d72.dir/CheckIncludeFile.c.o
[2/2] Linking C executable cmTC_46d72



Determining if the include file stdbool.h exists passed with the following output:
Change Dir: /home/runner/work/CroMagRally-Android/CroMagRally-Android/android/app/.cxx/Debug/h3k1i6w1/armeabi-v7a/CMakeFiles/CMakeTmp

Run Build Command(s):/usr/local/lib/android/sdk/cmake/3.22.1/bin/ninja cmTC_8d1bb && [1/2] Building C object CMakeFiles/cmTC_8d1bb.dir/CheckIncludeFile.c.o
[2/2] Linking C executable cmTC_8d1bb



Determining if the include file stddef.h exists passed with the following output:
Change Dir: /home/runner/work/CroMagRally-Android/CroMagRally-Android/android/app/.cxx/Debug/h3k1i6w1/armeabi-v7a/CMakeFiles/CMakeTmp

Run Build Command(s):/usr/local/lib/android/sdk/cmake/3.22.1/bin/ninja cmTC_c0055 && [1/2] Building C object CMakeFiles/cmTC_c0055.dir/CheckIncludeFile.c.o
[2/2] Linking C executable cmTC_c0055



Determining if the include file stdint.h exists passed with the following output:
Change Dir: /home/runner/work/CroMagRally-Android/CroMagRally-Android/android/app/.cxx/Debug/h3k1i6w1/armeabi-v7a/CMakeFiles/CMakeTmp

Run Build Command(s):/usr/local/lib/android/sdk/cmake/3.22.1/bin/ninja cmTC_b91eb && [1/2] Building C object CMakeFiles/cmTC_b91eb.dir/CheckIncludeFile.c.o
[2/2] Linking C executable cmTC_b91eb



Determining if the include file stdio.h exists passed with the following output:
Change Dir: /home/runner/work/CroMagRally-Android/CroMagRally-Android/android/app/.cxx/Debug/h3k1i6w1/armeabi-v7a/CMakeFiles/CMakeTmp

Run Build Command(s):/usr/local/lib/android/sdk/cmake/3.22.1/bin/ninja cmTC_1af92 && [1/2] Building C object CMakeFiles/cmTC_1af92.dir/CheckIncludeFile.c.o
[2/2] Linking C executable cmTC_1af92



Determining if the include file stdlib.h exists passed with the following output:
Change Dir: /home/runner/work/CroMagRally-Android/CroMagRally-Android/android/app/.cxx/Debug/h3k1i6w1/armeabi-v7a/CMakeFiles/CMakeTmp

Run Build Command(s):/usr/local/lib/android/sdk/cmake/3.22.1/bin/ninja cmTC_9cf4b && [1/2] Building C object CMakeFiles/cmTC_9cf4b.dir/CheckIncludeFile.c.o
[2/2] Linking C executable cmTC_9cf4b



Determining if the include file string.h exists passed with the following output:
Change Dir: /home/runner/work/CroMagRally-Android/CroMagRally-Android/android/app/.cxx/Debug/h3k1i6w1/armeabi-v7a/CMakeFiles/CMakeTmp

Run Build Command(s):/usr/local/lib/android/sdk/cmake/3.22.1/bin/ninja cmTC_2322a && [1/2] Building C object CMakeFiles/cmTC_2322a.dir/CheckIncludeFile.c.o
[2/2] Linking C executable cmTC_2322a



Determining if the include file strings.h exists passed with the following output:
Change Dir: /home/runner/work/CroMagRally-Android/CroMagRally-Android/android/app/.cxx/Debug/h3k1i6w1/armeabi-v7a/CMakeFiles/CMakeTmp

Run Build Command(s):/usr/local/lib/android/sdk/cmake/3.22.1/bin/ninja cmTC_ad05c && [1/2] Building C object CMakeFiles/cmTC_ad05c.dir/CheckIncludeFile.c.o
[2/2] Linking C executable cmTC_ad05c



Determining if the include file sys/types.h exists passed with the following output:
Change Dir: /home/runner/work/CroMagRally-Android/CroMagRally-Android/android/app/.cxx/Debug/h3k1i6w1/armeabi-v7a/CMakeFiles/CMakeTmp

Run Build Command(s):/usr/local/lib/android/sdk/cmake/3.22.1/bin/ninja cmTC_9cba0 && [1/2] Building C object CMakeFiles/cmTC_9cba0.dir/CheckIncludeFile.c.o
[2/2] Linking C executable cmTC_9cba0



Determining if the include file time.h exists passed with the following output:
Change Dir: /home/runner/work/CroMagRally-Android/CroMagRally-Android/android/app/.cxx/Debug/h3k1i6w1/armeabi-v7a/CMakeFiles/CMakeTmp

Run Build Command(s):/usr/local/lib/android/sdk/cmake/3.22.1/bin/ninja cmTC_f847d && [1/2] Building C object CMakeFiles/cmTC_f847d.dir/CheckIncludeFile.c.o
[2/2] Linking C executable cmTC_f847d



Determining if the include file wchar.h exists passed with the following output:
Change Dir: /home/runner/work/CroMagRally-Android/CroMagRally-Android/android/app/.cxx/Debug/h3k1i6w1/armeabi-v7a/CMakeFiles/CMakeTmp

Run Build Command(s):/usr/local/lib/android/sdk/cmake/3.22.1/bin/ninja cmTC_ac34c && [1/2] Building C object CMakeFiles/cmTC_ac34c.dir/CheckIncludeFile.c.o
[2/2] Linking C executable cmTC_ac34c



Determining if the function pow exists in the m passed with the following output:
Change Dir: /home/runner/work/CroMagRally-Android/CroMagRally-Android/android/app/.cxx/Debug/h3k1i6w1/armeabi-v7a/CMakeFiles/CMakeTmp

Run Build Command(s):/usr/local/lib/android/sdk/cmake/3.22.1/bin/ninja cmTC_3c254 && [1/2] Building C object CMakeFiles/cmTC_3c254.dir/CheckFunctionExists.c.o
/usr/local/lib/android/sdk/cmake/3.22.1/share/cmake-3.22/Modules/CheckFunctionExists.c:7:3: warning: incompatible redeclaration of library function 'pow' [-Wincompatible-library-redeclaration]
    7 |   CHECK_FUNCTION_EXISTS(void);
      |   ^
<command line>:3:31: note: expanded from macro 'CHECK_FUNCTION_EXISTS'
    3 | #define CHECK_FUNCTION_EXISTS pow
      |                               ^
/usr/local/lib/android/sdk/cmake/3.22.1/share/cmake-3.22/Modules/CheckFunctionExists.c:7:3: note: 'pow' is a builtin with type 'double (double, double)'
<command line>:3:31: note: expanded from macro 'CHECK_FUNCTION_EXISTS'
    3 | #define CHECK_FUNCTION_EXISTS pow
      |                               ^
1 warning generated.
[2/2] Linking C executable cmTC_3c254



Determining if the abs exist passed with the following output:
Change Dir: /home/runner/work/CroMagRally-Android/CroMagRally-Android/android/app/.cxx/Debug/h3k1i6w1/armeabi-v7a/CMakeFiles/CMakeTmp

Run Build Command(s):/usr/local/lib/android/sdk/cmake/3.22.1/bin/ninja cmTC_6cf4f && [1/2] Building C object CMakeFiles/cmTC_6cf4f.dir/CheckSymbolExists.c.o
[2/2] Linking C executable cmTC_6cf4f


File /home/runner/work/CroMagRally-Android/CroMagRally-Android/android/app/.cxx/Debug/h3k1i6w1/armeabi-v7a/CMakeFiles/CMakeTmp/CheckSymbolExists.c:
/* */
#include <float.h>
#include <iconv.h>
#include <inttypes.h>
#include <limits.h>
#include <malloc.h>
#include <math.h>
#include <memory.h>
#include <signal.h>
#include <stdarg.h>
#include <stdbool.h>
#include <stddef.h>
#include <stdint.h>
#include <stdio.h>
#include <stdlib.h>
#include <string.h>
#include <strings.h>
#include <sys/types.h>
#include <time.h>
#include <wchar.h>

int main(int argc, char** argv)
{
  (void)argv;
#ifndef abs
  return ((int*)(&abs))[argc];
#else
  (void)argc;
  return 0;
#endif
}
Determining if the acos exist passed with the following output:
Change Dir: /home/runner/work/CroMagRally-Android/CroMagRally-Android/android/app/.cxx/Debug/h3k1i6w1/armeabi-v7a/CMakeFiles/CMakeTmp

Run Build Command(s):/usr/local/lib/android/sdk/cmake/3.22.1/bin/ninja cmTC_2f459 && [1/2] Building C object CMakeFiles/cmTC_2f459.dir/CheckSymbolExists.c.o
[2/2] Linking C executable cmTC_2f459


File /home/runner/work/CroMagRally-Android/CroMagRally-Android/android/app/.cxx/Debug/h3k1i6w1/armeabi-v7a/CMakeFiles/CMakeTmp/CheckSymbolExists.c:
/* */
#include <float.h>
#include <iconv.h>
#include <inttypes.h>
#include <limits.h>
#include <malloc.h>
#include <math.h>
#include <memory.h>
#include <signal.h>
#include <stdarg.h>
#include <stdbool.h>
#include <stddef.h>
#include <stdint.h>
#include <stdio.h>
#include <stdlib.h>
#include <string.h>
#include <strings.h>
#include <sys/types.h>
#include <time.h>
#include <wchar.h>

int main(int argc, char** argv)
{
  (void)argv;
#ifndef acos
  return ((int*)(&acos))[argc];
#else
  (void)argc;
  return 0;
#endif
}
Determining if the acosf exist passed with the following output:
Change Dir: /home/runner/work/CroMagRally-Android/CroMagRally-Android/android/app/.cxx/Debug/h3k1i6w1/armeabi-v7a/CMakeFiles/CMakeTmp

Run Build Command(s):/usr/local/lib/android/sdk/cmake/3.22.1/bin/ninja cmTC_1fca1 && [1/2] Building C object CMakeFiles/cmTC_1fca1.dir/CheckSymbolExists.c.o
[2/2] Linking C executable cmTC_1fca1


File /home/runner/work/CroMagRally-Android/CroMagRally-Android/android/app/.cxx/Debug/h3k1i6w1/armeabi-v7a/CMakeFiles/CMakeTmp/CheckSymbolExists.c:
/* */
#include <float.h>
#include <iconv.h>
#include <inttypes.h>
#include <limits.h>
#include <malloc.h>
#include <math.h>
#include <memory.h>
#include <signal.h>
#include <stdarg.h>
#include <stdbool.h>
#include <stddef.h>
#include <stdint.h>
#include <stdio.h>
#include <stdlib.h>
#include <string.h>
#include <strings.h>
#include <sys/types.h>
#include <time.h>
#include <wchar.h>

int main(int argc, char** argv)
{
  (void)argv;
#ifndef acosf
  return ((int*)(&acosf))[argc];
#else
  (void)argc;
  return 0;
#endif
}
Determining if the asin exist passed with the following output:
Change Dir: /home/runner/work/CroMagRally-Android/CroMagRally-Android/android/app/.cxx/Debug/h3k1i6w1/armeabi-v7a/CMakeFiles/CMakeTmp

Run Build Command(s):/usr/local/lib/android/sdk/cmake/3.22.1/bin/ninja cmTC_f0c80 && [1/2] Building C object CMakeFiles/cmTC_f0c80.dir/CheckSymbolExists.c.o
[2/2] Linking C executable cmTC_f0c80


File /home/runner/work/CroMagRally-Android/CroMagRally-Android/android/app/.cxx/Debug/h3k1i6w1/armeabi-v7a/CMakeFiles/CMakeTmp/CheckSymbolExists.c:
/* */
#include <float.h>
#include <iconv.h>
#include <inttypes.h>
#include <limits.h>
#include <malloc.h>
#include <math.h>
#include <memory.h>
#include <signal.h>
#include <stdarg.h>
#include <stdbool.h>
#include <stddef.h>
#include <stdint.h>
#include <stdio.h>
#include <stdlib.h>
#include <string.h>
#include <strings.h>
#include <sys/types.h>
#include <time.h>
#include <wchar.h>

int main(int argc, char** argv)
{
  (void)argv;
#ifndef asin
  return ((int*)(&asin))[argc];
#else
  (void)argc;
  return 0;
#endif
}
Determining if the asinf exist passed with the following output:
Change Dir: /home/runner/work/CroMagRally-Android/CroMagRally-Android/android/app/.cxx/Debug/h3k1i6w1/armeabi-v7a/CMakeFiles/CMakeTmp

Run Build Command(s):/usr/local/lib/android/sdk/cmake/3.22.1/bin/ninja cmTC_77ca8 && [1/2] Building C object CMakeFiles/cmTC_77ca8.dir/CheckSymbolExists.c.o
[2/2] Linking C executable cmTC_77ca8


File /home/runner/work/CroMagRally-Android/CroMagRally-Android/android/app/.cxx/Debug/h3k1i6w1/armeabi-v7a/CMakeFiles/CMakeTmp/CheckSymbolExists.c:
/* */
#include <float.h>
#include <iconv.h>
#include <inttypes.h>
#include <limits.h>
#include <malloc.h>
#include <math.h>
#include <memory.h>
#include <signal.h>
#include <stdarg.h>
#include <stdbool.h>
#include <stddef.h>
#include <stdint.h>
#include <stdio.h>
#include <stdlib.h>
#include <string.h>
#include <strings.h>
#include <sys/types.h>
#include <time.h>
#include <wchar.h>

int main(int argc, char** argv)
{
  (void)argv;
#ifndef asinf
  return ((int*)(&asinf))[argc];
#else
  (void)argc;
  return 0;
#endif
}
Determining if the atan exist passed with the following output:
Change Dir: /home/runner/work/CroMagRally-Android/CroMagRally-Android/android/app/.cxx/Debug/h3k1i6w1/armeabi-v7a/CMakeFiles/CMakeTmp

Run Build Command(s):/usr/local/lib/android/sdk/cmake/3.22.1/bin/ninja cmTC_96134 && [1/2] Building C object CMakeFiles/cmTC_96134.dir/CheckSymbolExists.c.o
[2/2] Linking C executable cmTC_96134


File /home/runner/work/CroMagRally-Android/CroMagRally-Android/android/app/.cxx/Debug/h3k1i6w1/armeabi-v7a/CMakeFiles/CMakeTmp/CheckSymbolExists.c:
/* */
#include <float.h>
#include <iconv.h>
#include <inttypes.h>
#include <limits.h>
#include <malloc.h>
#include <math.h>
#include <memory.h>
#include <signal.h>
#include <stdarg.h>
#include <stdbool.h>
#include <stddef.h>
#include <stdint.h>
#include <stdio.h>
#include <stdlib.h>
#include <string.h>
#include <strings.h>
#include <sys/types.h>
#include <time.h>
#include <wchar.h>

int main(int argc, char** argv)
{
  (void)argv;
#ifndef atan
  return ((int*)(&atan))[argc];
#else
  (void)argc;
  return 0;
#endif
}
Determining if the atan2 exist passed with the following output:
Change Dir: /home/runner/work/CroMagRally-Android/CroMagRally-Android/android/app/.cxx/Debug/h3k1i6w1/armeabi-v7a/CMakeFiles/CMakeTmp

Run Build Command(s):/usr/local/lib/android/sdk/cmake/3.22.1/bin/ninja cmTC_0d055 && [1/2] Building C object CMakeFiles/cmTC_0d055.dir/CheckSymbolExists.c.o
[2/2] Linking C executable cmTC_0d055


File /home/runner/work/CroMagRally-Android/CroMagRally-Android/android/app/.cxx/Debug/h3k1i6w1/armeabi-v7a/CMakeFiles/CMakeTmp/CheckSymbolExists.c:
/* */
#include <float.h>
#include <iconv.h>
#include <inttypes.h>
#include <limits.h>
#include <malloc.h>
#include <math.h>
#include <memory.h>
#include <signal.h>
#include <stdarg.h>
#include <stdbool.h>
#include <stddef.h>
#include <stdint.h>
#include <stdio.h>
#include <stdlib.h>
#include <string.h>
#include <strings.h>
#include <sys/types.h>
#include <time.h>
#include <wchar.h>

int main(int argc, char** argv)
{
  (void)argv;
#ifndef atan2
  return ((int*)(&atan2))[argc];
#else
  (void)argc;
  return 0;
#endif
}
Determining if the atan2f exist passed with the following output:
Change Dir: /home/runner/work/CroMagRally-Android/CroMagRally-Android/android/app/.cxx/Debug/h3k1i6w1/armeabi-v7a/CMakeFiles/CMakeTmp

Run Build Command(s):/usr/local/lib/android/sdk/cmake/3.22.1/bin/ninja cmTC_2761a && [1/2] Building C object CMakeFiles/cmTC_2761a.dir/CheckSymbolExists.c.o
[2/2] Linking C executable cmTC_2761a


File /home/runner/work/CroMagRally-Android/CroMagRally-Android/android/app/.cxx/Debug/h3k1i6w1/armeabi-v7a/CMakeFiles/CMakeTmp/CheckSymbolExists.c:
/* */
#include <float.h>
#include <iconv.h>
#include <inttypes.h>
#include <limits.h>
#include <malloc.h>
#include <math.h>
#include <memory.h>
#include <signal.h>
#include <stdarg.h>
#include <stdbool.h>
#include <stddef.h>
#include <stdint.h>
#include <stdio.h>
#include <stdlib.h>
#include <string.h>
#include <strings.h>
#include <sys/types.h>
#include <time.h>
#include <wchar.h>

int main(int argc, char** argv)
{
  (void)argv;
#ifndef atan2f
  return ((int*)(&atan2f))[argc];
#else
  (void)argc;
  return 0;
#endif
}
Determining if the atanf exist passed with the following output:
Change Dir: /home/runner/work/CroMagRally-Android/CroMagRally-Android/android/app/.cxx/Debug/h3k1i6w1/armeabi-v7a/CMakeFiles/CMakeTmp

Run Build Command(s):/usr/local/lib/android/sdk/cmake/3.22.1/bin/ninja cmTC_2d808 && [1/2] Building C object CMakeFiles/cmTC_2d808.dir/CheckSymbolExists.c.o
[2/2] Linking C executable cmTC_2d808


File /home/runner/work/CroMagRally-Android/CroMagRally-Android/android/app/.cxx/Debug/h3k1i6w1/armeabi-v7a/CMakeFiles/CMakeTmp/CheckSymbolExists.c:
/* */
#include <float.h>
#include <iconv.h>
#include <inttypes.h>
#include <limits.h>
#include <malloc.h>
#include <math.h>
#include <memory.h>
#include <signal.h>
#include <stdarg.h>
#include <stdbool.h>
#include <stddef.h>
#include <stdint.h>
#include <stdio.h>
#include <stdlib.h>
#include <string.h>
#include <strings.h>
#include <sys/types.h>
#include <time.h>
#include <wchar.h>

int main(int argc, char** argv)
{
  (void)argv;
#ifndef atanf
  return ((int*)(&atanf))[argc];
#else
  (void)argc;
  return 0;
#endif
}
Determining if the atof exist passed with the following output:
Change Dir: /home/runner/work/CroMagRally-Android/CroMagRally-Android/android/app/.cxx/Debug/h3k1i6w1/armeabi-v7a/CMakeFiles/CMakeTmp

Run Build Command(s):/usr/local/lib/android/sdk/cmake/3.22.1/bin/ninja cmTC_34557 && [1/2] Building C object CMakeFiles/cmTC_34557.dir/CheckSymbolExists.c.o
[2/2] Linking C executable cmTC_34557


File /home/runner/work/CroMagRally-Android/CroMagRally-Android/android/app/.cxx/Debug/h3k1i6w1/armeabi-v7a/CMakeFiles/CMakeTmp/CheckSymbolExists.c:
/* */
#include <float.h>
#include <iconv.h>
#include <inttypes.h>
#include <limits.h>
#include <malloc.h>
#include <math.h>
#include <memory.h>
#include <signal.h>
#include <stdarg.h>
#include <stdbool.h>
#include <stddef.h>
#include <stdint.h>
#include <stdio.h>
#include <stdlib.h>
#include <string.h>
#include <strings.h>
#include <sys/types.h>
#include <time.h>
#include <wchar.h>

int main(int argc, char** argv)
{
  (void)argv;
#ifndef atof
  return ((int*)(&atof))[argc];
#else
  (void)argc;
  return 0;
#endif
}
Determining if the atoi exist passed with the following output:
Change Dir: /home/runner/work/CroMagRally-Android/CroMagRally-Android/android/app/.cxx/Debug/h3k1i6w1/armeabi-v7a/CMakeFiles/CMakeTmp

Run Build Command(s):/usr/local/lib/android/sdk/cmake/3.22.1/bin/ninja cmTC_4f372 && [1/2] Building C object CMakeFiles/cmTC_4f372.dir/CheckSymbolExists.c.o
[2/2] Linking C executable cmTC_4f372


File /home/runner/work/CroMagRally-Android/CroMagRally-Android/android/app/.cxx/Debug/h3k1i6w1/armeabi-v7a/CMakeFiles/CMakeTmp/CheckSymbolExists.c:
/* */
#include <float.h>
#include <iconv.h>
#include <inttypes.h>
#include <limits.h>
#include <malloc.h>
#include <math.h>
#include <memory.h>
#include <signal.h>
#include <stdarg.h>
#include <stdbool.h>
#include <stddef.h>
#include <stdint.h>
#include <stdio.h>
#include <stdlib.h>
#include <string.h>
#include <strings.h>
#include <sys/types.h>
#include <time.h>
#include <wchar.h>

int main(int argc, char** argv)
{
  (void)argv;
#ifndef atoi
  return ((int*)(&atoi))[argc];
#else
  (void)argc;
  return 0;
#endif
}
Determining if the bcopy exist passed with the following output:
Change Dir: /home/runner/work/CroMagRally-Android/CroMagRally-Android/android/app/.cxx/Debug/h3k1i6w1/armeabi-v7a/CMakeFiles/CMakeTmp

Run Build Command(s):/usr/local/lib/android/sdk/cmake/3.22.1/bin/ninja cmTC_98a8d && [1/2] Building C object CMakeFiles/cmTC_98a8d.dir/CheckSymbolExists.c.o
[2/2] Linking C executable cmTC_98a8d


File /home/runner/work/CroMagRally-Android/CroMagRally-Android/android/app/.cxx/Debug/h3k1i6w1/armeabi-v7a/CMakeFiles/CMakeTmp/CheckSymbolExists.c:
/* */
#include <float.h>
#include <iconv.h>
#include <inttypes.h>
#include <limits.h>
#include <malloc.h>
#include <math.h>
#include <memory.h>
#include <signal.h>
#include <stdarg.h>
#include <stdbool.h>
#include <stddef.h>
#include <stdint.h>
#include <stdio.h>
#include <stdlib.h>
#include <string.h>
#include <strings.h>
#include <sys/types.h>
#include <time.h>
#include <wchar.h>

int main(int argc, char** argv)
{
  (void)argv;
#ifndef bcopy
  return ((int*)(&bcopy))[argc];
#else
  (void)argc;
  return 0;
#endif
}
Determining if the ceil exist passed with the following output:
Change Dir: /home/runner/work/CroMagRally-Android/CroMagRally-Android/android/app/.cxx/Debug/h3k1i6w1/armeabi-v7a/CMakeFiles/CMakeTmp

Run Build Command(s):/usr/local/lib/android/sdk/cmake/3.22.1/bin/ninja cmTC_0d49b && [1/2] Building C object CMakeFiles/cmTC_0d49b.dir/CheckSymbolExists.c.o
[2/2] Linking C executable cmTC_0d49b


File /home/runner/work/CroMagRally-Android/CroMagRally-Android/android/app/.cxx/Debug/h3k1i6w1/armeabi-v7a/CMakeFiles/CMakeTmp/CheckSymbolExists.c:
/* */
#include <float.h>
#include <iconv.h>
#include <inttypes.h>
#include <limits.h>
#include <malloc.h>
#include <math.h>
#include <memory.h>
#include <signal.h>
#include <stdarg.h>
#include <stdbool.h>
#include <stddef.h>
#include <stdint.h>
#include <stdio.h>
#include <stdlib.h>
#include <string.h>
#include <strings.h>
#include <sys/types.h>
#include <time.h>
#include <wchar.h>

int main(int argc, char** argv)
{
  (void)argv;
#ifndef ceil
  return ((int*)(&ceil))[argc];
#else
  (void)argc;
  return 0;
#endif
}
Determining if the ceilf exist passed with the following output:
Change Dir: /home/runner/work/CroMagRally-Android/CroMagRally-Android/android/app/.cxx/Debug/h3k1i6w1/armeabi-v7a/CMakeFiles/CMakeTmp

Run Build Command(s):/usr/local/lib/android/sdk/cmake/3.22.1/bin/ninja cmTC_29d1c && [1/2] Building C object CMakeFiles/cmTC_29d1c.dir/CheckSymbolExists.c.o
[2/2] Linking C executable cmTC_29d1c


File /home/runner/work/CroMagRally-Android/CroMagRally-Android/android/app/.cxx/Debug/h3k1i6w1/armeabi-v7a/CMakeFiles/CMakeTmp/CheckSymbolExists.c:
/* */
#include <float.h>
#include <iconv.h>
#include <inttypes.h>
#include <limits.h>
#include <malloc.h>
#include <math.h>
#include <memory.h>
#include <signal.h>
#include <stdarg.h>
#include <stdbool.h>
#include <stddef.h>
#include <stdint.h>
#include <stdio.h>
#include <stdlib.h>
#include <string.h>
#include <strings.h>
#include <sys/types.h>
#include <time.h>
#include <wchar.h>

int main(int argc, char** argv)
{
  (void)argv;
#ifndef ceilf
  return ((int*)(&ceilf))[argc];
#else
  (void)argc;
  return 0;
#endif
}
Determining if the copysign exist passed with the following output:
Change Dir: /home/runner/work/CroMagRally-Android/CroMagRally-Android/android/app/.cxx/Debug/h3k1i6w1/armeabi-v7a/CMakeFiles/CMakeTmp

Run Build Command(s):/usr/local/lib/android/sdk/cmake/3.22.1/bin/ninja cmTC_cb86b && [1/2] Building C object CMakeFiles/cmTC_cb86b.dir/CheckSymbolExists.c.o
[2/2] Linking C executable cmTC_cb86b


File /home/runner/work/CroMagRally-Android/CroMagRally-Android/android/app/.cxx/Debug/h3k1i6w1/armeabi-v7a/CMakeFiles/CMakeTmp/CheckSymbolExists.c:
/* */
#include <float.h>
#include <iconv.h>
#include <inttypes.h>
#include <limits.h>
#include <malloc.h>
#include <math.h>
#include <memory.h>
#include <signal.h>
#include <stdarg.h>
#include <stdbool.h>
#include <stddef.h>
#include <stdint.h>
#include <stdio.h>
#include <stdlib.h>
#include <string.h>
#include <strings.h>
#include <sys/types.h>
#include <time.h>
#include <wchar.h>

int main(int argc, char** argv)
{
  (void)argv;
#ifndef copysign
  return ((int*)(&copysign))[argc];
#else
  (void)argc;
  return 0;
#endif
}
Determining if the copysignf exist passed with the following output:
Change Dir: /home/runner/work/CroMagRally-Android/CroMagRally-Android/android/app/.cxx/Debug/h3k1i6w1/armeabi-v7a/CMakeFiles/CMakeTmp

Run Build Command(s):/usr/local/lib/android/sdk/cmake/3.22.1/bin/ninja cmTC_eb1f3 && [1/2] Building C object CMakeFiles/cmTC_eb1f3.dir/CheckSymbolExists.c.o
[2/2] Linking C executable cmTC_eb1f3


File /home/runner/work/CroMagRally-Android/CroMagRally-Android/android/app/.cxx/Debug/h3k1i6w1/armeabi-v7a/CMakeFiles/CMakeTmp/CheckSymbolExists.c:
/* */
#include <float.h>
#include <iconv.h>
#include <inttypes.h>
#include <limits.h>
#include <malloc.h>
#include <math.h>
#include <memory.h>
#include <signal.h>
#include <stdarg.h>
#include <stdbool.h>
#include <stddef.h>
#include <stdint.h>
#include <stdio.h>
#include <stdlib.h>
#include <string.h>
#include <strings.h>
#include <sys/types.h>
#include <time.h>
#include <wchar.h>

int main(int argc, char** argv)
{
  (void)argv;
#ifndef copysignf
  return ((int*)(&copysignf))[argc];
#else
  (void)argc;
  return 0;
#endif
}
Determining if the cos exist passed with the following output:
Change Dir: /home/runner/work/CroMagRally-Android/CroMagRally-Android/android/app/.cxx/Debug/h3k1i6w1/armeabi-v7a/CMakeFiles/CMakeTmp

Run Build Command(s):/usr/local/lib/android/sdk/cmake/3.22.1/bin/ninja cmTC_a7890 && [1/2] Building C object CMakeFiles/cmTC_a7890.dir/CheckSymbolExists.c.o
[2/2] Linking C executable cmTC_a7890


File /home/runner/work/CroMagRally-Android/CroMagRally-Android/android/app/.cxx/Debug/h3k1i6w1/armeabi-v7a/CMakeFiles/CMakeTmp/CheckSymbolExists.c:
/* */
#include <float.h>
#include <iconv.h>
#include <inttypes.h>
#include <limits.h>
#include <malloc.h>
#include <math.h>
#include <memory.h>
#include <signal.h>
#include <stdarg.h>
#include <stdbool.h>
#include <stddef.h>
#include <stdint.h>
#include <stdio.h>
#include <stdlib.h>
#include <string.h>
#include <strings.h>
#include <sys/types.h>
#include <time.h>
#include <wchar.h>

int main(int argc, char** argv)
{
  (void)argv;
#ifndef cos
  return ((int*)(&cos))[argc];
#else
  (void)argc;
  return 0;
#endif
}
Determining if the cosf exist passed with the following output:
Change Dir: /home/runner/work/CroMagRally-Android/CroMagRally-Android/android/app/.cxx/Debug/h3k1i6w1/armeabi-v7a/CMakeFiles/CMakeTmp

Run Build Command(s):/usr/local/lib/android/sdk/cmake/3.22.1/bin/ninja cmTC_affa8 && [1/2] Building C object CMakeFiles/cmTC_affa8.dir/CheckSymbolExists.c.o
[2/2] Linking C executable cmTC_affa8


File /home/runner/work/CroMagRally-Android/CroMagRally-Android/android/app/.cxx/Debug/h3k1i6w1/armeabi-v7a/CMakeFiles/CMakeTmp/CheckSymbolExists.c:
/* */
#include <float.h>
#include <iconv.h>
#include <inttypes.h>
#include <limits.h>
#include <malloc.h>
#include <math.h>
#include <memory.h>
#include <signal.h>
#include <stdarg.h>
#include <stdbool.h>
#include <stddef.h>
#include <stdint.h>
#include <stdio.h>
#include <stdlib.h>
#include <string.h>
#include <strings.h>
#include <sys/types.h>
#include <time.h>
#include <wchar.h>

int main(int argc, char** argv)
{
  (void)argv;
#ifndef cosf
  return ((int*)(&cosf))[argc];
#else
  (void)argc;
  return 0;
#endif
}
Determining if the _Exit exist passed with the following output:
Change Dir: /home/runner/work/CroMagRally-Android/CroMagRally-Android/android/app/.cxx/Debug/h3k1i6w1/armeabi-v7a/CMakeFiles/CMakeTmp

Run Build Command(s):/usr/local/lib/android/sdk/cmake/3.22.1/bin/ninja cmTC_e2224 && [1/2] Building C object CMakeFiles/cmTC_e2224.dir/CheckSymbolExists.c.o
[2/2] Linking C executable cmTC_e2224


File /home/runner/work/CroMagRally-Android/CroMagRally-Android/android/app/.cxx/Debug/h3k1i6w1/armeabi-v7a/CMakeFiles/CMakeTmp/CheckSymbolExists.c:
/* */
#include <float.h>
#include <iconv.h>
#include <inttypes.h>
#include <limits.h>
#include <malloc.h>
#include <math.h>
#include <memory.h>
#include <signal.h>
#include <stdarg.h>
#include <stdbool.h>
#include <stddef.h>
#include <stdint.h>
#include <stdio.h>
#include <stdlib.h>
#include <string.h>
#include <strings.h>
#include <sys/types.h>
#include <time.h>
#include <wchar.h>

int main(int argc, char** argv)
{
  (void)argv;
#ifndef _Exit
  return ((int*)(&_Exit))[argc];
#else
  (void)argc;
  return 0;
#endif
}
Determining if the exp exist passed with the following output:
Change Dir: /home/runner/work/CroMagRally-Android/CroMagRally-Android/android/app/.cxx/Debug/h3k1i6w1/armeabi-v7a/CMakeFiles/CMakeTmp

Run Build Command(s):/usr/local/lib/android/sdk/cmake/3.22.1/bin/ninja cmTC_80dcb && [1/2] Building C object CMakeFiles/cmTC_80dcb.dir/CheckSymbolExists.c.o
[2/2] Linking C executable cmTC_80dcb


File /home/runner/work/CroMagRally-Android/CroMagRally-Android/android/app/.cxx/Debug/h3k1i6w1/armeabi-v7a/CMakeFiles/CMakeTmp/CheckSymbolExists.c:
/* */
#include <float.h>
#include <iconv.h>
#include <inttypes.h>
#include <limits.h>
#include <malloc.h>
#include <math.h>
#include <memory.h>
#include <signal.h>
#include <stdarg.h>
#include <stdbool.h>
#include <stddef.h>
#include <stdint.h>
#include <stdio.h>
#include <stdlib.h>
#include <string.h>
#include <strings.h>
#include <sys/types.h>
#include <time.h>
#include <wchar.h>

int main(int argc, char** argv)
{
  (void)argv;
#ifndef exp
  return ((int*)(&exp))[argc];
#else
  (void)argc;
  return 0;
#endif
}
Determining if the expf exist passed with the following output:
Change Dir: /home/runner/work/CroMagRally-Android/CroMagRally-Android/android/app/.cxx/Debug/h3k1i6w1/armeabi-v7a/CMakeFiles/CMakeTmp

Run Build Command(s):/usr/local/lib/android/sdk/cmake/3.22.1/bin/ninja cmTC_27616 && [1/2] Building C object CMakeFiles/cmTC_27616.dir/CheckSymbolExists.c.o
[2/2] Linking C executable cmTC_27616


File /home/runner/work/CroMagRally-Android/CroMagRally-Android/android/app/.cxx/Debug/h3k1i6w1/armeabi-v7a/CMakeFiles/CMakeTmp/CheckSymbolExists.c:
/* */
#include <float.h>
#include <iconv.h>
#include <inttypes.h>
#include <limits.h>
#include <malloc.h>
#include <math.h>
#include <memory.h>
#include <signal.h>
#include <stdarg.h>
#include <stdbool.h>
#include <stddef.h>
#include <stdint.h>
#include <stdio.h>
#include <stdlib.h>
#include <string.h>
#include <strings.h>
#include <sys/types.h>
#include <time.h>
#include <wchar.h>

int main(int argc, char** argv)
{
  (void)argv;
#ifndef expf
  return ((int*)(&expf))[argc];
#else
  (void)argc;
  return 0;
#endif
}
Determining if the fabs exist passed with the following output:
Change Dir: /home/runner/work/CroMagRally-Android/CroMagRally-Android/android/app/.cxx/Debug/h3k1i6w1/armeabi-v7a/CMakeFiles/CMakeTmp

Run Build Command(s):/usr/local/lib/android/sdk/cmake/3.22.1/bin/ninja cmTC_16156 && [1/2] Building C object CMakeFiles/cmTC_16156.dir/CheckSymbolExists.c.o
[2/2] Linking C executable cmTC_16156


File /home/runner/work/CroMagRally-Android/CroMagRally-Android/android/app/.cxx/Debug/h3k1i6w1/armeabi-v7a/CMakeFiles/CMakeTmp/CheckSymbolExists.c:
/* */
#include <float.h>
#include <iconv.h>
#include <inttypes.h>
#include <limits.h>
#include <malloc.h>
#include <math.h>
#include <memory.h>
#include <signal.h>
#include <stdarg.h>
#include <stdbool.h>
#include <stddef.h>
#include <stdint.h>
#include <stdio.h>
#include <stdlib.h>
#include <string.h>
#include <strings.h>
#include <sys/types.h>
#include <time.h>
#include <wchar.h>

int main(int argc, char** argv)
{
  (void)argv;
#ifndef fabs
  return ((int*)(&fabs))[argc];
#else
  (void)argc;
  return 0;
#endif
}
Determining if the fabsf exist passed with the following output:
Change Dir: /home/runner/work/CroMagRally-Android/CroMagRally-Android/android/app/.cxx/Debug/h3k1i6w1/armeabi-v7a/CMakeFiles/CMakeTmp

Run Build Command(s):/usr/local/lib/android/sdk/cmake/3.22.1/bin/ninja cmTC_ec9b6 && [1/2] Building C object CMakeFiles/cmTC_ec9b6.dir/CheckSymbolExists.c.o
[2/2] Linking C executable cmTC_ec9b6


File /home/runner/work/CroMagRally-Android/CroMagRally-Android/android/app/.cxx/Debug/h3k1i6w1/armeabi-v7a/CMakeFiles/CMakeTmp/CheckSymbolExists.c:
/* */
#include <float.h>
#include <iconv.h>
#include <inttypes.h>
#include <limits.h>
#include <malloc.h>
#include <math.h>
#include <memory.h>
#include <signal.h>
#include <stdarg.h>
#include <stdbool.h>
#include <stddef.h>
#include <stdint.h>
#include <stdio.h>
#include <stdlib.h>
#include <string.h>
#include <strings.h>
#include <sys/types.h>
#include <time.h>
#include <wchar.h>

int main(int argc, char** argv)
{
  (void)argv;
#ifndef fabsf
  return ((int*)(&fabsf))[argc];
#else
  (void)argc;
  return 0;
#endif
}
Determining if the floor exist passed with the following output:
Change Dir: /home/runner/work/CroMagRally-Android/CroMagRally-Android/android/app/.cxx/Debug/h3k1i6w1/armeabi-v7a/CMakeFiles/CMakeTmp

Run Build Command(s):/usr/local/lib/android/sdk/cmake/3.22.1/bin/ninja cmTC_23f62 && [1/2] Building C object CMakeFiles/cmTC_23f62.dir/CheckSymbolExists.c.o
[2/2] Linking C executable cmTC_23f62


File /home/runner/work/CroMagRally-Android/CroMagRally-Android/android/app/.cxx/Debug/h3k1i6w1/armeabi-v7a/CMakeFiles/CMakeTmp/CheckSymbolExists.c:
/* */
#include <float.h>
#include <iconv.h>
#include <inttypes.h>
#include <limits.h>
#include <malloc.h>
#include <math.h>
#include <memory.h>
#include <signal.h>
#include <stdarg.h>
#include <stdbool.h>
#include <stddef.h>
#include <stdint.h>
#include <stdio.h>
#include <stdlib.h>
#include <string.h>
#include <strings.h>
#include <sys/types.h>
#include <time.h>
#include <wchar.h>

int main(int argc, char** argv)
{
  (void)argv;
#ifndef floor
  return ((int*)(&floor))[argc];
#else
  (void)argc;
  return 0;
#endif
}
Determining if the floorf exist passed with the following output:
Change Dir: /home/runner/work/CroMagRally-Android/CroMagRally-Android/android/app/.cxx/Debug/h3k1i6w1/armeabi-v7a/CMakeFiles/CMakeTmp

Run Build Command(s):/usr/local/lib/android/sdk/cmake/3.22.1/bin/ninja cmTC_8f9c1 && [1/2] Building C object CMakeFiles/cmTC_8f9c1.dir/CheckSymbolExists.c.o
[2/2] Linking C executable cmTC_8f9c1


File /home/runner/work/CroMagRally-Android/CroMagRally-Android/android/app/.cxx/Debug/h3k1i6w1/armeabi-v7a/CMakeFiles/CMakeTmp/CheckSymbolExists.c:
/* */
#include <float.h>
#include <iconv.h>
#include <inttypes.h>
#include <limits.h>
#include <malloc.h>
#include <math.h>
#include <memory.h>
#include <signal.h>
#include <stdarg.h>
#include <stdbool.h>
#include <stddef.h>
#include <stdint.h>
#include <stdio.h>
#include <stdlib.h>
#include <string.h>
#include <strings.h>
#include <sys/types.h>
#include <time.h>
#include <wchar.h>

int main(int argc, char** argv)
{
  (void)argv;
#ifndef floorf
  return ((int*)(&floorf))[argc];
#else
  (void)argc;
  return 0;
#endif
}
Determining if the fmod exist passed with the following output:
Change Dir: /home/runner/work/CroMagRally-Android/CroMagRally-Android/android/app/.cxx/Debug/h3k1i6w1/armeabi-v7a/CMakeFiles/CMakeTmp

Run Build Command(s):/usr/local/lib/android/sdk/cmake/3.22.1/bin/ninja cmTC_d3198 && [1/2] Building C object CMakeFiles/cmTC_d3198.dir/CheckSymbolExists.c.o
[2/2] Linking C executable cmTC_d3198


File /home/runner/work/CroMagRally-Android/CroMagRally-Android/android/app/.cxx/Debug/h3k1i6w1/armeabi-v7a/CMakeFiles/CMakeTmp/CheckSymbolExists.c:
/* */
#include <float.h>
#include <iconv.h>
#include <inttypes.h>
#include <limits.h>
#include <malloc.h>
#include <math.h>
#include <memory.h>
#include <signal.h>
#include <stdarg.h>
#include <stdbool.h>
#include <stddef.h>
#include <stdint.h>
#include <stdio.h>
#include <stdlib.h>
#include <string.h>
#include <strings.h>
#include <sys/types.h>
#include <time.h>
#include <wchar.h>

int main(int argc, char** argv)
{
  (void)argv;
#ifndef fmod
  return ((int*)(&fmod))[argc];
#else
  (void)argc;
  return 0;
#endif
}
Determining if the fmodf exist passed with the following output:
Change Dir: /home/runner/work/CroMagRally-Android/CroMagRally-Android/android/app/.cxx/Debug/h3k1i6w1/armeabi-v7a/CMakeFiles/CMakeTmp

Run Build Command(s):/usr/local/lib/android/sdk/cmake/3.22.1/bin/ninja cmTC_36daf && [1/2] Building C object CMakeFiles/cmTC_36daf.dir/CheckSymbolExists.c.o
[2/2] Linking C executable cmTC_36daf


File /home/runner/work/CroMagRally-Android/CroMagRally-Android/android/app/.cxx/Debug/h3k1i6w1/armeabi-v7a/CMakeFiles/CMakeTmp/CheckSymbolExists.c:
/* */
#include <float.h>
#include <iconv.h>
#include <inttypes.h>
#include <limits.h>
#include <malloc.h>
#include <math.h>
#include <memory.h>
#include <signal.h>
#include <stdarg.h>
#include <stdbool.h>
#include <stddef.h>
#include <stdint.h>
#include <stdio.h>
#include <stdlib.h>
#include <string.h>
#include <strings.h>
#include <sys/types.h>
#include <time.h>
#include <wchar.h>

int main(int argc, char** argv)
{
  (void)argv;
#ifndef fmodf
  return ((int*)(&fmodf))[argc];
#else
  (void)argc;
  return 0;
#endif
}
Determining if the fopen64 exist passed with the following output:
Change Dir: /home/runner/work/CroMagRally-Android/CroMagRally-Android/android/app/.cxx/Debug/h3k1i6w1/armeabi-v7a/CMakeFiles/CMakeTmp

Run Build Command(s):/usr/local/lib/android/sdk/cmake/3.22.1/bin/ninja cmTC_f620f && [1/2] Building C object CMakeFiles/cmTC_f620f.dir/CheckSymbolExists.c.o
[2/2] Linking C executable cmTC_f620f


File /home/runner/work/CroMagRally-Android/CroMagRally-Android/android/app/.cxx/Debug/h3k1i6w1/armeabi-v7a/CMakeFiles/CMakeTmp/CheckSymbolExists.c:
/* */
#include <float.h>
#include <iconv.h>
#include <inttypes.h>
#include <limits.h>
#include <malloc.h>
#include <math.h>
#include <memory.h>
#include <signal.h>
#include <stdarg.h>
#include <stdbool.h>
#include <stddef.h>
#include <stdint.h>
#include <stdio.h>
#include <stdlib.h>
#include <string.h>
#include <strings.h>
#include <sys/types.h>
#include <time.h>
#include <wchar.h>

int main(int argc, char** argv)
{
  (void)argv;
#ifndef fopen64
  return ((int*)(&fopen64))[argc];
#else
  (void)argc;
  return 0;
#endif
}
Determining if the fseeko exist passed with the following output:
Change Dir: /home/runner/work/CroMagRally-Android/CroMagRally-Android/android/app/.cxx/Debug/h3k1i6w1/armeabi-v7a/CMakeFiles/CMakeTmp

Run Build Command(s):/usr/local/lib/android/sdk/cmake/3.22.1/bin/ninja cmTC_d39d1 && [1/2] Building C object CMakeFiles/cmTC_d39d1.dir/CheckSymbolExists.c.o
[2/2] Linking C executable cmTC_d39d1


File /home/runner/work/CroMagRally-Android/CroMagRally-Android/android/app/.cxx/Debug/h3k1i6w1/armeabi-v7a/CMakeFiles/CMakeTmp/CheckSymbolExists.c:
/* */
#include <float.h>
#include <iconv.h>
#include <inttypes.h>
#include <limits.h>
#include <malloc.h>
#include <math.h>
#include <memory.h>
#include <signal.h>
#include <stdarg.h>
#include <stdbool.h>
#include <stddef.h>
#include <stdint.h>
#include <stdio.h>
#include <stdlib.h>
#include <string.h>
#include <strings.h>
#include <sys/types.h>
#include <time.h>
#include <wchar.h>

int main(int argc, char** argv)
{
  (void)argv;
#ifndef fseeko
  return ((int*)(&fseeko))[argc];
#else
  (void)argc;
  return 0;
#endif
}
Determining if the fseeko64 exist passed with the following output:
Change Dir: /home/runner/work/CroMagRally-Android/CroMagRally-Android/android/app/.cxx/Debug/h3k1i6w1/armeabi-v7a/CMakeFiles/CMakeTmp

Run Build Command(s):/usr/local/lib/android/sdk/cmake/3.22.1/bin/ninja cmTC_6ab14 && [1/2] Building C object CMakeFiles/cmTC_6ab14.dir/CheckSymbolExists.c.o
[2/2] Linking C executable cmTC_6ab14


File /home/runner/work/CroMagRally-Android/CroMagRally-Android/android/app/.cxx/Debug/h3k1i6w1/armeabi-v7a/CMakeFiles/CMakeTmp/CheckSymbolExists.c:
/* */
#include <float.h>
#include <iconv.h>
#include <inttypes.h>
#include <limits.h>
#include <malloc.h>
#include <math.h>
#include <memory.h>
#include <signal.h>
#include <stdarg.h>
#include <stdbool.h>
#include <stddef.h>
#include <stdint.h>
#include <stdio.h>
#include <stdlib.h>
#include <string.h>
#include <strings.h>
#include <sys/types.h>
#include <time.h>
#include <wchar.h>

int main(int argc, char** argv)
{
  (void)argv;
#ifndef fseeko64
  return ((int*)(&fseeko64))[argc];
#else
  (void)argc;
  return 0;
#endif
}
Determining if the getenv exist passed with the following output:
Change Dir: /home/runner/work/CroMagRally-Android/CroMagRally-Android/android/app/.cxx/Debug/h3k1i6w1/armeabi-v7a/CMakeFiles/CMakeTmp

Run Build Command(s):/usr/local/lib/android/sdk/cmake/3.22.1/bin/ninja cmTC_4a37e && [1/2] Building C object CMakeFiles/cmTC_4a37e.dir/CheckSymbolExists.c.o
[2/2] Linking C executable cmTC_4a37e


File /home/runner/work/CroMagRally-Android/CroMagRally-Android/android/app/.cxx/Debug/h3k1i6w1/armeabi-v7a/CMakeFiles/CMakeTmp/CheckSymbolExists.c:
/* */
#include <float.h>
#include <iconv.h>
#include <inttypes.h>
#include <limits.h>
#include <malloc.h>
#include <math.h>
#include <memory.h>
#include <signal.h>
#include <stdarg.h>
#include <stdbool.h>
#include <stddef.h>
#include <stdint.h>
#include <stdio.h>
#include <stdlib.h>
#include <string.h>
#include <strings.h>
#include <sys/types.h>
#include <time.h>
#include <wchar.h>

int main(int argc, char** argv)
{
  (void)argv;
#ifndef getenv
  return ((int*)(&getenv))[argc];
#else
  (void)argc;
  return 0;
#endif
}
Determining if the log exist passed with the following output:
Change Dir: /home/runner/work/CroMagRally-Android/CroMagRally-Android/android/app/.cxx/Debug/h3k1i6w1/armeabi-v7a/CMakeFiles/CMakeTmp

Run Build Command(s):/usr/local/lib/android/sdk/cmake/3.22.1/bin/ninja cmTC_cd142 && [1/2] Building C object CMakeFiles/cmTC_cd142.dir/CheckSymbolExists.c.o
[2/2] Linking C executable cmTC_cd142


File /home/runner/work/CroMagRally-Android/CroMagRally-Android/android/app/.cxx/Debug/h3k1i6w1/armeabi-v7a/CMakeFiles/CMakeTmp/CheckSymbolExists.c:
/* */
#include <float.h>
#include <iconv.h>
#include <inttypes.h>
#include <limits.h>
#include <malloc.h>
#include <math.h>
#include <memory.h>
#include <signal.h>
#include <stdarg.h>
#include <stdbool.h>
#include <stddef.h>
#include <stdint.h>
#include <stdio.h>
#include <stdlib.h>
#include <string.h>
#include <strings.h>
#include <sys/types.h>
#include <time.h>
#include <wchar.h>

int main(int argc, char** argv)
{
  (void)argv;
#ifndef log
  return ((int*)(&log))[argc];
#else
  (void)argc;
  return 0;
#endif
}
Determining if the log10 exist passed with the following output:
Change Dir: /home/runner/work/CroMagRally-Android/CroMagRally-Android/android/app/.cxx/Debug/h3k1i6w1/armeabi-v7a/CMakeFiles/CMakeTmp

Run Build Command(s):/usr/local/lib/android/sdk/cmake/3.22.1/bin/ninja cmTC_7883b && [1/2] Building C object CMakeFiles/cmTC_7883b.dir/CheckSymbolExists.c.o
[2/2] Linking C executable cmTC_7883b


File /home/runner/work/CroMagRally-Android/CroMagRally-Android/android/app/.cxx/Debug/h3k1i6w1/armeabi-v7a/CMakeFiles/CMakeTmp/CheckSymbolExists.c:
/* */
#include <float.h>
#include <iconv.h>
#include <inttypes.h>
#include <limits.h>
#include <malloc.h>
#include <math.h>
#include <memory.h>
#include <signal.h>
#include <stdarg.h>
#include <stdbool.h>
#include <stddef.h>
#include <stdint.h>
#include <stdio.h>
#include <stdlib.h>
#include <string.h>
#include <strings.h>
#include <sys/types.h>
#include <time.h>
#include <wchar.h>

int main(int argc, char** argv)
{
  (void)argv;
#ifndef log10
  return ((int*)(&log10))[argc];
#else
  (void)argc;
  return 0;
#endif
}
Determining if the log10f exist passed with the following output:
Change Dir: /home/runner/work/CroMagRally-Android/CroMagRally-Android/android/app/.cxx/Debug/h3k1i6w1/armeabi-v7a/CMakeFiles/CMakeTmp

Run Build Command(s):/usr/local/lib/android/sdk/cmake/3.22.1/bin/ninja cmTC_5ad16 && [1/2] Building C object CMakeFiles/cmTC_5ad16.dir/CheckSymbolExists.c.o
[2/2] Linking C executable cmTC_5ad16


File /home/runner/work/CroMagRally-Android/CroMagRally-Android/android/app/.cxx/Debug/h3k1i6w1/armeabi-v7a/CMakeFiles/CMakeTmp/CheckSymbolExists.c:
/* */
#include <float.h>
#include <iconv.h>
#include <inttypes.h>
#include <limits.h>
#include <malloc.h>
#include <math.h>
#include <memory.h>
#include <signal.h>
#include <stdarg.h>
#include <stdbool.h>
#include <stddef.h>
#include <stdint.h>
#include <stdio.h>
#include <stdlib.h>
#include <string.h>
#include <strings.h>
#include <sys/types.h>
#include <time.h>
#include <wchar.h>

int main(int argc, char** argv)
{
  (void)argv;
#ifndef log10f
  return ((int*)(&log10f))[argc];
#else
  (void)argc;
  return 0;
#endif
}
Determining if the logf exist passed with the following output:
Change Dir: /home/runner/work/CroMagRally-Android/CroMagRally-Android/android/app/.cxx/Debug/h3k1i6w1/armeabi-v7a/CMakeFiles/CMakeTmp

Run Build Command(s):/usr/local/lib/android/sdk/cmake/3.22.1/bin/ninja cmTC_6bcfb && [1/2] Building C object CMakeFiles/cmTC_6bcfb.dir/CheckSymbolExists.c.o
[2/2] Linking C executable cmTC_6bcfb


File /home/runner/work/CroMagRally-Android/CroMagRally-Android/android/app/.cxx/Debug/h3k1i6w1/armeabi-v7a/CMakeFiles/CMakeTmp/CheckSymbolExists.c:
/* */
#include <float.h>
#include <iconv.h>
#include <inttypes.h>
#include <limits.h>
#include <malloc.h>
#include <math.h>
#include <memory.h>
#include <signal.h>
#include <stdarg.h>
#include <stdbool.h>
#include <stddef.h>
#include <stdint.h>
#include <stdio.h>
#include <stdlib.h>
#include <string.h>
#include <strings.h>
#include <sys/types.h>
#include <time.h>
#include <wchar.h>

int main(int argc, char** argv)
{
  (void)argv;
#ifndef logf
  return ((int*)(&logf))[argc];
#else
  (void)argc;
  return 0;
#endif
}
Determining if the lround exist passed with the following output:
Change Dir: /home/runner/work/CroMagRally-Android/CroMagRally-Android/android/app/.cxx/Debug/h3k1i6w1/armeabi-v7a/CMakeFiles/CMakeTmp

Run Build Command(s):/usr/local/lib/android/sdk/cmake/3.22.1/bin/ninja cmTC_bee69 && [1/2] Building C object CMakeFiles/cmTC_bee69.dir/CheckSymbolExists.c.o
[2/2] Linking C executable cmTC_bee69


File /home/runner/work/CroMagRally-Android/CroMagRally-Android/android/app/.cxx/Debug/h3k1i6w1/armeabi-v7a/CMakeFiles/CMakeTmp/CheckSymbolExists.c:
/* */
#include <float.h>
#include <iconv.h>
#include <inttypes.h>
#include <limits.h>
#include <malloc.h>
#include <math.h>
#include <memory.h>
#include <signal.h>
#include <stdarg.h>
#include <stdbool.h>
#include <stddef.h>
#include <stdint.h>
#include <stdio.h>
#include <stdlib.h>
#include <string.h>
#include <strings.h>
#include <sys/types.h>
#include <time.h>
#include <wchar.h>

int main(int argc, char** argv)
{
  (void)argv;
#ifndef lround
  return ((int*)(&lround))[argc];
#else
  (void)argc;
  return 0;
#endif
}
Determining if the lroundf exist passed with the following output:
Change Dir: /home/runner/work/CroMagRally-Android/CroMagRally-Android/android/app/.cxx/Debug/h3k1i6w1/armeabi-v7a/CMakeFiles/CMakeTmp

Run Build Command(s):/usr/local/lib/android/sdk/cmake/3.22.1/bin/ninja cmTC_65d49 && [1/2] Building C object CMakeFiles/cmTC_65d49.dir/CheckSymbolExists.c.o
[2/2] Linking C executable cmTC_65d49


File /home/runner/work/CroMagRally-Android/CroMagRally-Android/android/app/.cxx/Debug/h3k1i6w1/armeabi-v7a/CMakeFiles/CMakeTmp/CheckSymbolExists.c:
/* */
#include <float.h>
#include <iconv.h>
#include <inttypes.h>
#include <limits.h>
#include <malloc.h>
#include <math.h>
#include <memory.h>
#include <signal.h>
#include <stdarg.h>
#include <stdbool.h>
#include <stddef.h>
#include <stdint.h>
#include <stdio.h>
#include <stdlib.h>
#include <string.h>
#include <strings.h>
#include <sys/types.h>
#include <time.h>
#include <wchar.h>

int main(int argc, char** argv)
{
  (void)argv;
#ifndef lroundf
  return ((int*)(&lroundf))[argc];
#else
  (void)argc;
  return 0;
#endif
}
Determining if the malloc exist passed with the following output:
Change Dir: /home/runner/work/CroMagRally-Android/CroMagRally-Android/android/app/.cxx/Debug/h3k1i6w1/armeabi-v7a/CMakeFiles/CMakeTmp

Run Build Command(s):/usr/local/lib/android/sdk/cmake/3.22.1/bin/ninja cmTC_3e0d3 && [1/2] Building C object CMakeFiles/cmTC_3e0d3.dir/CheckSymbolExists.c.o
[2/2] Linking C executable cmTC_3e0d3


File /home/runner/work/CroMagRally-Android/CroMagRally-Android/android/app/.cxx/Debug/h3k1i6w1/armeabi-v7a/CMakeFiles/CMakeTmp/CheckSymbolExists.c:
/* */
#include <float.h>
#include <iconv.h>
#include <inttypes.h>
#include <limits.h>
#include <malloc.h>
#include <math.h>
#include <memory.h>
#include <signal.h>
#include <stdarg.h>
#include <stdbool.h>
#include <stddef.h>
#include <stdint.h>
#include <stdio.h>
#include <stdlib.h>
#include <string.h>
#include <strings.h>
#include <sys/types.h>
#include <time.h>
#include <wchar.h>

int main(int argc, char** argv)
{
  (void)argv;
#ifndef malloc
  return ((int*)(&malloc))[argc];
#else
  (void)argc;
  return 0;
#endif
}
Determining if the memcmp exist passed with the following output:
Change Dir: /home/runner/work/CroMagRally-Android/CroMagRally-Android/android/app/.cxx/Debug/h3k1i6w1/armeabi-v7a/CMakeFiles/CMakeTmp

Run Build Command(s):/usr/local/lib/android/sdk/cmake/3.22.1/bin/ninja cmTC_50951 && [1/2] Building C object CMakeFiles/cmTC_50951.dir/CheckSymbolExists.c.o
[2/2] Linking C executable cmTC_50951


File /home/runner/work/CroMagRally-Android/CroMagRally-Android/android/app/.cxx/Debug/h3k1i6w1/armeabi-v7a/CMakeFiles/CMakeTmp/CheckSymbolExists.c:
/* */
#include <float.h>
#include <iconv.h>
#include <inttypes.h>
#include <limits.h>
#include <malloc.h>
#include <math.h>
#include <memory.h>
#include <signal.h>
#include <stdarg.h>
#include <stdbool.h>
#include <stddef.h>
#include <stdint.h>
#include <stdio.h>
#include <stdlib.h>
#include <string.h>
#include <strings.h>
#include <sys/types.h>
#include <time.h>
#include <wchar.h>

int main(int argc, char** argv)
{
  (void)argv;
#ifndef memcmp
  return ((int*)(&memcmp))[argc];
#else
  (void)argc;
  return 0;
#endif
}
Determining if the memcpy exist passed with the following output:
Change Dir: /home/runner/work/CroMagRally-Android/CroMagRally-Android/android/app/.cxx/Debug/h3k1i6w1/armeabi-v7a/CMakeFiles/CMakeTmp

Run Build Command(s):/usr/local/lib/android/sdk/cmake/3.22.1/bin/ninja cmTC_9ea4e && [1/2] Building C object CMakeFiles/cmTC_9ea4e.dir/CheckSymbolExists.c.o
[2/2] Linking C executable cmTC_9ea4e


File /home/runner/work/CroMagRally-Android/CroMagRally-Android/android/app/.cxx/Debug/h3k1i6w1/armeabi-v7a/CMakeFiles/CMakeTmp/CheckSymbolExists.c:
/* */
#include <float.h>
#include <iconv.h>
#include <inttypes.h>
#include <limits.h>
#include <malloc.h>
#include <math.h>
#include <memory.h>
#include <signal.h>
#include <stdarg.h>
#include <stdbool.h>
#include <stddef.h>
#include <stdint.h>
#include <stdio.h>
#include <stdlib.h>
#include <string.h>
#include <strings.h>
#include <sys/types.h>
#include <time.h>
#include <wchar.h>

int main(int argc, char** argv)
{
  (void)argv;
#ifndef memcpy
  return ((int*)(&memcpy))[argc];
#else
  (void)argc;
  return 0;
#endif
}
Determining if the memmove exist passed with the following output:
Change Dir: /home/runner/work/CroMagRally-Android/CroMagRally-Android/android/app/.cxx/Debug/h3k1i6w1/armeabi-v7a/CMakeFiles/CMakeTmp

Run Build Command(s):/usr/local/lib/android/sdk/cmake/3.22.1/bin/ninja cmTC_254be && [1/2] Building C object CMakeFiles/cmTC_254be.dir/CheckSymbolExists.c.o
[2/2] Linking C executable cmTC_254be


File /home/runner/work/CroMagRally-Android/CroMagRally-Android/android/app/.cxx/Debug/h3k1i6w1/armeabi-v7a/CMakeFiles/CMakeTmp/CheckSymbolExists.c:
/* */
#include <float.h>
#include <iconv.h>
#include <inttypes.h>
#include <limits.h>
#include <malloc.h>
#include <math.h>
#include <memory.h>
#include <signal.h>
#include <stdarg.h>
#include <stdbool.h>
#include <stddef.h>
#include <stdint.h>
#include <stdio.h>
#include <stdlib.h>
#include <string.h>
#include <strings.h>
#include <sys/types.h>
#include <time.h>
#include <wchar.h>

int main(int argc, char** argv)
{
  (void)argv;
#ifndef memmove
  return ((int*)(&memmove))[argc];
#else
  (void)argc;
  return 0;
#endif
}
Determining if the memset exist passed with the following output:
Change Dir: /home/runner/work/CroMagRally-Android/CroMagRally-Android/android/app/.cxx/Debug/h3k1i6w1/armeabi-v7a/CMakeFiles/CMakeTmp

Run Build Command(s):/usr/local/lib/android/sdk/cmake/3.22.1/bin/ninja cmTC_5208b && [1/2] Building C object CMakeFiles/cmTC_5208b.dir/CheckSymbolExists.c.o
[2/2] Linking C executable cmTC_5208b


File /home/runner/work/CroMagRally-Android/CroMagRally-Android/android/app/.cxx/Debug/h3k1i6w1/armeabi-v7a/CMakeFiles/CMakeTmp/CheckSymbolExists.c:
/* */
#include <float.h>
#include <iconv.h>
#include <inttypes.h>
#include <limits.h>
#include <malloc.h>
#include <math.h>
#include <memory.h>
#include <signal.h>
#include <stdarg.h>
#include <stdbool.h>
#include <stddef.h>
#include <stdint.h>
#include <stdio.h>
#include <stdlib.h>
#include <string.h>
#include <strings.h>
#include <sys/types.h>
#include <time.h>
#include <wchar.h>

int main(int argc, char** argv)
{
  (void)argv;
#ifndef memset
  return ((int*)(&memset))[argc];
#else
  (void)argc;
  return 0;
#endif
}
Determining if the modf exist passed with the following output:
Change Dir: /home/runner/work/CroMagRally-Android/CroMagRally-Android/android/app/.cxx/Debug/h3k1i6w1/armeabi-v7a/CMakeFiles/CMakeTmp

Run Build Command(s):/usr/local/lib/android/sdk/cmake/3.22.1/bin/ninja cmTC_b57b0 && [1/2] Building C object CMakeFiles/cmTC_b57b0.dir/CheckSymbolExists.c.o
[2/2] Linking C executable cmTC_b57b0


File /home/runner/work/CroMagRally-Android/CroMagRally-Android/android/app/.cxx/Debug/h3k1i6w1/armeabi-v7a/CMakeFiles/CMakeTmp/CheckSymbolExists.c:
/* */
#include <float.h>
#include <iconv.h>
#include <inttypes.h>
#include <limits.h>
#include <malloc.h>
#include <math.h>
#include <memory.h>
#include <signal.h>
#include <stdarg.h>
#include <stdbool.h>
#include <stddef.h>
#include <stdint.h>
#include <stdio.h>
#include <stdlib.h>
#include <string.h>
#include <strings.h>
#include <sys/types.h>
#include <time.h>
#include <wchar.h>

int main(int argc, char** argv)
{
  (void)argv;
#ifndef modf
  return ((int*)(&modf))[argc];
#else
  (void)argc;
  return 0;
#endif
}
Determining if the modff exist passed with the following output:
Change Dir: /home/runner/work/CroMagRally-Android/CroMagRally-Android/android/app/.cxx/Debug/h3k1i6w1/armeabi-v7a/CMakeFiles/CMakeTmp

Run Build Command(s):/usr/local/lib/android/sdk/cmake/3.22.1/bin/ninja cmTC_1f01b && [1/2] Building C object CMakeFiles/cmTC_1f01b.dir/CheckSymbolExists.c.o
[2/2] Linking C executable cmTC_1f01b


File /home/runner/work/CroMagRally-Android/CroMagRally-Android/android/app/.cxx/Debug/h3k1i6w1/armeabi-v7a/CMakeFiles/CMakeTmp/CheckSymbolExists.c:
/* */
#include <float.h>
#include <iconv.h>
#include <inttypes.h>
#include <limits.h>
#include <malloc.h>
#include <math.h>
#include <memory.h>
#include <signal.h>
#include <stdarg.h>
#include <stdbool.h>
#include <stddef.h>
#include <stdint.h>
#include <stdio.h>
#include <stdlib.h>
#include <string.h>
#include <strings.h>
#include <sys/types.h>
#include <time.h>
#include <wchar.h>

int main(int argc, char** argv)
{
  (void)argv;
#ifndef modff
  return ((int*)(&modff))[argc];
#else
  (void)argc;
  return 0;
#endif
}
Determining if the pow exist passed with the following output:
Change Dir: /home/runner/work/CroMagRally-Android/CroMagRally-Android/android/app/.cxx/Debug/h3k1i6w1/armeabi-v7a/CMakeFiles/CMakeTmp

Run Build Command(s):/usr/local/lib/android/sdk/cmake/3.22.1/bin/ninja cmTC_995bf && [1/2] Building C object CMakeFiles/cmTC_995bf.dir/CheckSymbolExists.c.o
[2/2] Linking C executable cmTC_995bf


File /home/runner/work/CroMagRally-Android/CroMagRally-Android/android/app/.cxx/Debug/h3k1i6w1/armeabi-v7a/CMakeFiles/CMakeTmp/CheckSymbolExists.c:
/* */
#include <float.h>
#include <iconv.h>
#include <inttypes.h>
#include <limits.h>
#include <malloc.h>
#include <math.h>
#include <memory.h>
#include <signal.h>
#include <stdarg.h>
#include <stdbool.h>
#include <stddef.h>
#include <stdint.h>
#include <stdio.h>
#include <stdlib.h>
#include <string.h>
#include <strings.h>
#include <sys/types.h>
#include <time.h>
#include <wchar.h>

int main(int argc, char** argv)
{
  (void)argv;
#ifndef pow
  return ((int*)(&pow))[argc];
#else
  (void)argc;
  return 0;
#endif
}
Determining if the powf exist passed with the following output:
Change Dir: /home/runner/work/CroMagRally-Android/CroMagRally-Android/android/app/.cxx/Debug/h3k1i6w1/armeabi-v7a/CMakeFiles/CMakeTmp

Run Build Command(s):/usr/local/lib/android/sdk/cmake/3.22.1/bin/ninja cmTC_fb6c4 && [1/2] Building C object CMakeFiles/cmTC_fb6c4.dir/CheckSymbolExists.c.o
[2/2] Linking C executable cmTC_fb6c4


File /home/runner/work/CroMagRally-Android/CroMagRally-Android/android/app/.cxx/Debug/h3k1i6w1/armeabi-v7a/CMakeFiles/CMakeTmp/CheckSymbolExists.c:
/* */
#include <float.h>
#include <iconv.h>
#include <inttypes.h>
#include <limits.h>
#include <malloc.h>
#include <math.h>
#include <memory.h>
#include <signal.h>
#include <stdarg.h>
#include <stdbool.h>
#include <stddef.h>
#include <stdint.h>
#include <stdio.h>
#include <stdlib.h>
#include <string.h>
#include <strings.h>
#include <sys/types.h>
#include <time.h>
#include <wchar.h>

int main(int argc, char** argv)
{
  (void)argv;
#ifndef powf
  return ((int*)(&powf))[argc];
#else
  (void)argc;
  return 0;
#endif
}
Determining if the putenv exist passed with the following output:
Change Dir: /home/runner/work/CroMagRally-Android/CroMagRally-Android/android/app/.cxx/Debug/h3k1i6w1/armeabi-v7a/CMakeFiles/CMakeTmp

Run Build Command(s):/usr/local/lib/android/sdk/cmake/3.22.1/bin/ninja cmTC_beaa7 && [1/2] Building C object CMakeFiles/cmTC_beaa7.dir/CheckSymbolExists.c.o
[2/2] Linking C executable cmTC_beaa7


File /home/runner/work/CroMagRally-Android/CroMagRally-Android/android/app/.cxx/Debug/h3k1i6w1/armeabi-v7a/CMakeFiles/CMakeTmp/CheckSymbolExists.c:
/* */
#include <float.h>
#include <iconv.h>
#include <inttypes.h>
#include <limits.h>
#include <malloc.h>
#include <math.h>
#include <memory.h>
#include <signal.h>
#include <stdarg.h>
#include <stdbool.h>
#include <stddef.h>
#include <stdint.h>
#include <stdio.h>
#include <stdlib.h>
#include <string.h>
#include <strings.h>
#include <sys/types.h>
#include <time.h>
#include <wchar.h>

int main(int argc, char** argv)
{
  (void)argv;
#ifndef putenv
  return ((int*)(&putenv))[argc];
#else
  (void)argc;
  return 0;
#endif
}
Determining if the round exist passed with the following output:
Change Dir: /home/runner/work/CroMagRally-Android/CroMagRally-Android/android/app/.cxx/Debug/h3k1i6w1/armeabi-v7a/CMakeFiles/CMakeTmp

Run Build Command(s):/usr/local/lib/android/sdk/cmake/3.22.1/bin/ninja cmTC_a0f2f && [1/2] Building C object CMakeFiles/cmTC_a0f2f.dir/CheckSymbolExists.c.o
[2/2] Linking C executable cmTC_a0f2f


File /home/runner/work/CroMagRally-Android/CroMagRally-Android/android/app/.cxx/Debug/h3k1i6w1/armeabi-v7a/CMakeFiles/CMakeTmp/CheckSymbolExists.c:
/* */
#include <float.h>
#include <iconv.h>
#include <inttypes.h>
#include <limits.h>
#include <malloc.h>
#include <math.h>
#include <memory.h>
#include <signal.h>
#include <stdarg.h>
#include <stdbool.h>
#include <stddef.h>
#include <stdint.h>
#include <stdio.h>
#include <stdlib.h>
#include <string.h>
#include <strings.h>
#include <sys/types.h>
#include <time.h>
#include <wchar.h>

int main(int argc, char** argv)
{
  (void)argv;
#ifndef round
  return ((int*)(&round))[argc];
#else
  (void)argc;
  return 0;
#endif
}
Determining if the roundf exist passed with the following output:
Change Dir: /home/runner/work/CroMagRally-Android/CroMagRally-Android/android/app/.cxx/Debug/h3k1i6w1/armeabi-v7a/CMakeFiles/CMakeTmp

Run Build Command(s):/usr/local/lib/android/sdk/cmake/3.22.1/bin/ninja cmTC_6a077 && [1/2] Building C object CMakeFiles/cmTC_6a077.dir/CheckSymbolExists.c.o
[2/2] Linking C executable cmTC_6a077


File /home/runner/work/CroMagRally-Android/CroMagRally-Android/android/app/.cxx/Debug/h3k1i6w1/armeabi-v7a/CMakeFiles/CMakeTmp/CheckSymbolExists.c:
/* */
#include <float.h>
#include <iconv.h>
#include <inttypes.h>
#include <limits.h>
#include <malloc.h>
#include <math.h>
#include <memory.h>
#include <signal.h>
#include <stdarg.h>
#include <stdbool.h>
#include <stddef.h>
#include <stdint.h>
#include <stdio.h>
#include <stdlib.h>
#include <string.h>
#include <strings.h>
#include <sys/types.h>
#include <time.h>
#include <wchar.h>

int main(int argc, char** argv)
{
  (void)argv;
#ifndef roundf
  return ((int*)(&roundf))[argc];
#else
  (void)argc;
  return 0;
#endif
}
Determining if the scalbn exist passed with the following output:
Change Dir: /home/runner/work/CroMagRally-Android/CroMagRally-Android/android/app/.cxx/Debug/h3k1i6w1/armeabi-v7a/CMakeFiles/CMakeTmp

Run Build Command(s):/usr/local/lib/android/sdk/cmake/3.22.1/bin/ninja cmTC_3f6e4 && [1/2] Building C object CMakeFiles/cmTC_3f6e4.dir/CheckSymbolExists.c.o
[2/2] Linking C executable cmTC_3f6e4


File /home/runner/work/CroMagRally-Android/CroMagRally-Android/android/app/.cxx/Debug/h3k1i6w1/armeabi-v7a/CMakeFiles/CMakeTmp/CheckSymbolExists.c:
/* */
#include <float.h>
#include <iconv.h>
#include <inttypes.h>
#include <limits.h>
#include <malloc.h>
#include <math.h>
#include <memory.h>
#include <signal.h>
#include <stdarg.h>
#include <stdbool.h>
#include <stddef.h>
#include <stdint.h>
#include <stdio.h>
#include <stdlib.h>
#include <string.h>
#include <strings.h>
#include <sys/types.h>
#include <time.h>
#include <wchar.h>

int main(int argc, char** argv)
{
  (void)argv;
#ifndef scalbn
  return ((int*)(&scalbn))[argc];
#else
  (void)argc;
  return 0;
#endif
}
Determining if the scalbnf exist passed with the following output:
Change Dir: /home/runner/work/CroMagRally-Android/CroMagRally-Android/android/app/.cxx/Debug/h3k1i6w1/armeabi-v7a/CMakeFiles/CMakeTmp

Run Build Command(s):/usr/local/lib/android/sdk/cmake/3.22.1/bin/ninja cmTC_2670a && [1/2] Building C object CMakeFiles/cmTC_2670a.dir/CheckSymbolExists.c.o
[2/2] Linking C executable cmTC_2670a


File /home/runner/work/CroMagRally-Android/CroMagRally-Android/android/app/.cxx/Debug/h3k1i6w1/armeabi-v7a/CMakeFiles/CMakeTmp/CheckSymbolExists.c:
/* */
#include <float.h>
#include <iconv.h>
#include <inttypes.h>
#include <limits.h>
#include <malloc.h>
#include <math.h>
#include <memory.h>
#include <signal.h>
#include <stdarg.h>
#include <stdbool.h>
#include <stddef.h>
#include <stdint.h>
#include <stdio.h>
#include <stdlib.h>
#include <string.h>
#include <strings.h>
#include <sys/types.h>
#include <time.h>
#include <wchar.h>

int main(int argc, char** argv)
{
  (void)argv;
#ifndef scalbnf
  return ((int*)(&scalbnf))[argc];
#else
  (void)argc;
  return 0;
#endif
}
Determining if the setenv exist passed with the following output:
Change Dir: /home/runner/work/CroMagRally-Android/CroMagRally-Android/android/app/.cxx/Debug/h3k1i6w1/armeabi-v7a/CMakeFiles/CMakeTmp

Run Build Command(s):/usr/local/lib/android/sdk/cmake/3.22.1/bin/ninja cmTC_44a40 && [1/2] Building C object CMakeFiles/cmTC_44a40.dir/CheckSymbolExists.c.o
[2/2] Linking C executable cmTC_44a40


File /home/runner/work/CroMagRally-Android/CroMagRally-Android/android/app/.cxx/Debug/h3k1i6w1/armeabi-v7a/CMakeFiles/CMakeTmp/CheckSymbolExists.c:
/* */
#include <float.h>
#include <iconv.h>
#include <inttypes.h>
#include <limits.h>
#include <malloc.h>
#include <math.h>
#include <memory.h>
#include <signal.h>
#include <stdarg.h>
#include <stdbool.h>
#include <stddef.h>
#include <stdint.h>
#include <stdio.h>
#include <stdlib.h>
#include <string.h>
#include <strings.h>
#include <sys/types.h>
#include <time.h>
#include <wchar.h>

int main(int argc, char** argv)
{
  (void)argv;
#ifndef setenv
  return ((int*)(&setenv))[argc];
#else
  (void)argc;
  return 0;
#endif
}
Determining if the sin exist passed with the following output:
Change Dir: /home/runner/work/CroMagRally-Android/CroMagRally-Android/android/app/.cxx/Debug/h3k1i6w1/armeabi-v7a/CMakeFiles/CMakeTmp

Run Build Command(s):/usr/local/lib/android/sdk/cmake/3.22.1/bin/ninja cmTC_b9056 && [1/2] Building C object CMakeFiles/cmTC_b9056.dir/CheckSymbolExists.c.o
[2/2] Linking C executable cmTC_b9056


File /home/runner/work/CroMagRally-Android/CroMagRally-Android/android/app/.cxx/Debug/h3k1i6w1/armeabi-v7a/CMakeFiles/CMakeTmp/CheckSymbolExists.c:
/* */
#include <float.h>
#include <iconv.h>
#include <inttypes.h>
#include <limits.h>
#include <malloc.h>
#include <math.h>
#include <memory.h>
#include <signal.h>
#include <stdarg.h>
#include <stdbool.h>
#include <stddef.h>
#include <stdint.h>
#include <stdio.h>
#include <stdlib.h>
#include <string.h>
#include <strings.h>
#include <sys/types.h>
#include <time.h>
#include <wchar.h>

int main(int argc, char** argv)
{
  (void)argv;
#ifndef sin
  return ((int*)(&sin))[argc];
#else
  (void)argc;
  return 0;
#endif
}
Determining if the sinf exist passed with the following output:
Change Dir: /home/runner/work/CroMagRally-Android/CroMagRally-Android/android/app/.cxx/Debug/h3k1i6w1/armeabi-v7a/CMakeFiles/CMakeTmp

Run Build Command(s):/usr/local/lib/android/sdk/cmake/3.22.1/bin/ninja cmTC_f4357 && [1/2] Building C object CMakeFiles/cmTC_f4357.dir/CheckSymbolExists.c.o
[2/2] Linking C executable cmTC_f4357


File /home/runner/work/CroMagRally-Android/CroMagRally-Android/android/app/.cxx/Debug/h3k1i6w1/armeabi-v7a/CMakeFiles/CMakeTmp/CheckSymbolExists.c:
/* */
#include <float.h>
#include <iconv.h>
#include <inttypes.h>
#include <limits.h>
#include <malloc.h>
#include <math.h>
#include <memory.h>
#include <signal.h>
#include <stdarg.h>
#include <stdbool.h>
#include <stddef.h>
#include <stdint.h>
#include <stdio.h>
#include <stdlib.h>
#include <string.h>
#include <strings.h>
#include <sys/types.h>
#include <time.h>
#include <wchar.h>

int main(int argc, char** argv)
{
  (void)argv;
#ifndef sinf
  return ((int*)(&sinf))[argc];
#else
  (void)argc;
  return 0;
#endif
}
Determining if the sqrt exist passed with the following output:
Change Dir: /home/runner/work/CroMagRally-Android/CroMagRally-Android/android/app/.cxx/Debug/h3k1i6w1/armeabi-v7a/CMakeFiles/CMakeTmp

Run Build Command(s):/usr/local/lib/android/sdk/cmake/3.22.1/bin/ninja cmTC_da596 && [1/2] Building C object CMakeFiles/cmTC_da596.dir/CheckSymbolExists.c.o
[2/2] Linking C executable cmTC_da596


File /home/runner/work/CroMagRally-Android/CroMagRally-Android/android/app/.cxx/Debug/h3k1i6w1/armeabi-v7a/CMakeFiles/CMakeTmp/CheckSymbolExists.c:
/* */
#include <float.h>
#include <iconv.h>
#include <inttypes.h>
#include <limits.h>
#include <malloc.h>
#include <math.h>
#include <memory.h>
#include <signal.h>
#include <stdarg.h>
#include <stdbool.h>
#include <stddef.h>
#include <stdint.h>
#include <stdio.h>
#include <stdlib.h>
#include <string.h>
#include <strings.h>
#include <sys/types.h>
#include <time.h>
#include <wchar.h>

int main(int argc, char** argv)
{
  (void)argv;
#ifndef sqrt
  return ((int*)(&sqrt))[argc];
#else
  (void)argc;
  return 0;
#endif
}
Determining if the sqrtf exist passed with the following output:
Change Dir: /home/runner/work/CroMagRally-Android/CroMagRally-Android/android/app/.cxx/Debug/h3k1i6w1/armeabi-v7a/CMakeFiles/CMakeTmp

Run Build Command(s):/usr/local/lib/android/sdk/cmake/3.22.1/bin/ninja cmTC_f3068 && [1/2] Building C object CMakeFiles/cmTC_f3068.dir/CheckSymbolExists.c.o
[2/2] Linking C executable cmTC_f3068


File /home/runner/work/CroMagRally-Android/CroMagRally-Android/android/app/.cxx/Debug/h3k1i6w1/armeabi-v7a/CMakeFiles/CMakeTmp/CheckSymbolExists.c:
/* */
#include <float.h>
#include <iconv.h>
#include <inttypes.h>
#include <limits.h>
#include <malloc.h>
#include <math.h>
#include <memory.h>
#include <signal.h>
#include <stdarg.h>
#include <stdbool.h>
#include <stddef.h>
#include <stdint.h>
#include <stdio.h>
#include <stdlib.h>
#include <string.h>
#include <strings.h>
#include <sys/types.h>
#include <time.h>
#include <wchar.h>

int main(int argc, char** argv)
{
  (void)argv;
#ifndef sqrtf
  return ((int*)(&sqrtf))[argc];
#else
  (void)argc;
  return 0;
#endif
}
Determining if the sscanf exist passed with the following output:
Change Dir: /home/runner/work/CroMagRally-Android/CroMagRally-Android/android/app/.cxx/Debug/h3k1i6w1/armeabi-v7a/CMakeFiles/CMakeTmp

Run Build Command(s):/usr/local/lib/android/sdk/cmake/3.22.1/bin/ninja cmTC_6ac89 && [1/2] Building C object CMakeFiles/cmTC_6ac89.dir/CheckSymbolExists.c.o
[2/2] Linking C executable cmTC_6ac89


File /home/runner/work/CroMagRally-Android/CroMagRally-Android/android/app/.cxx/Debug/h3k1i6w1/armeabi-v7a/CMakeFiles/CMakeTmp/CheckSymbolExists.c:
/* */
#include <float.h>
#include <iconv.h>
#include <inttypes.h>
#include <limits.h>
#include <malloc.h>
#include <math.h>
#include <memory.h>
#include <signal.h>
#include <stdarg.h>
#include <stdbool.h>
#include <stddef.h>
#include <stdint.h>
#include <stdio.h>
#include <stdlib.h>
#include <string.h>
#include <strings.h>
#include <sys/types.h>
#include <time.h>
#include <wchar.h>

int main(int argc, char** argv)
{
  (void)argv;
#ifndef sscanf
  return ((int*)(&sscanf))[argc];
#else
  (void)argc;
  return 0;
#endif
}
Determining if the strchr exist passed with the following output:
Change Dir: /home/runner/work/CroMagRally-Android/CroMagRally-Android/android/app/.cxx/Debug/h3k1i6w1/armeabi-v7a/CMakeFiles/CMakeTmp

Run Build Command(s):/usr/local/lib/android/sdk/cmake/3.22.1/bin/ninja cmTC_0b4b2 && [1/2] Building C object CMakeFiles/cmTC_0b4b2.dir/CheckSymbolExists.c.o
[2/2] Linking C executable cmTC_0b4b2


File /home/runner/work/CroMagRally-Android/CroMagRally-Android/android/app/.cxx/Debug/h3k1i6w1/armeabi-v7a/CMakeFiles/CMakeTmp/CheckSymbolExists.c:
/* */
#include <float.h>
#include <iconv.h>
#include <inttypes.h>
#include <limits.h>
#include <malloc.h>
#include <math.h>
#include <memory.h>
#include <signal.h>
#include <stdarg.h>
#include <stdbool.h>
#include <stddef.h>
#include <stdint.h>
#include <stdio.h>
#include <stdlib.h>
#include <string.h>
#include <strings.h>
#include <sys/types.h>
#include <time.h>
#include <wchar.h>

int main(int argc, char** argv)
{
  (void)argv;
#ifndef strchr
  return ((int*)(&strchr))[argc];
#else
  (void)argc;
  return 0;
#endif
}
Determining if the strcmp exist passed with the following output:
Change Dir: /home/runner/work/CroMagRally-Android/CroMagRally-Android/android/app/.cxx/Debug/h3k1i6w1/armeabi-v7a/CMakeFiles/CMakeTmp

Run Build Command(s):/usr/local/lib/android/sdk/cmake/3.22.1/bin/ninja cmTC_890b3 && [1/2] Building C object CMakeFiles/cmTC_890b3.dir/CheckSymbolExists.c.o
[2/2] Linking C executable cmTC_890b3


File /home/runner/work/CroMagRally-Android/CroMagRally-Android/android/app/.cxx/Debug/h3k1i6w1/armeabi-v7a/CMakeFiles/CMakeTmp/CheckSymbolExists.c:
/* */
#include <float.h>
#include <iconv.h>
#include <inttypes.h>
#include <limits.h>
#include <malloc.h>
#include <math.h>
#include <memory.h>
#include <signal.h>
#include <stdarg.h>
#include <stdbool.h>
#include <stddef.h>
#include <stdint.h>
#include <stdio.h>
#include <stdlib.h>
#include <string.h>
#include <strings.h>
#include <sys/types.h>
#include <time.h>
#include <wchar.h>

int main(int argc, char** argv)
{
  (void)argv;
#ifndef strcmp
  return ((int*)(&strcmp))[argc];
#else
  (void)argc;
  return 0;
#endif
}
Determining if the strlcat exist passed with the following output:
Change Dir: /home/runner/work/CroMagRally-Android/CroMagRally-Android/android/app/.cxx/Debug/h3k1i6w1/armeabi-v7a/CMakeFiles/CMakeTmp

Run Build Command(s):/usr/local/lib/android/sdk/cmake/3.22.1/bin/ninja cmTC_0aac0 && [1/2] Building C object CMakeFiles/cmTC_0aac0.dir/CheckSymbolExists.c.o
[2/2] Linking C executable cmTC_0aac0


File /home/runner/work/CroMagRally-Android/CroMagRally-Android/android/app/.cxx/Debug/h3k1i6w1/armeabi-v7a/CMakeFiles/CMakeTmp/CheckSymbolExists.c:
/* */
#include <float.h>
#include <iconv.h>
#include <inttypes.h>
#include <limits.h>
#include <malloc.h>
#include <math.h>
#include <memory.h>
#include <signal.h>
#include <stdarg.h>
#include <stdbool.h>
#include <stddef.h>
#include <stdint.h>
#include <stdio.h>
#include <stdlib.h>
#include <string.h>
#include <strings.h>
#include <sys/types.h>
#include <time.h>
#include <wchar.h>

int main(int argc, char** argv)
{
  (void)argv;
#ifndef strlcat
  return ((int*)(&strlcat))[argc];
#else
  (void)argc;
  return 0;
#endif
}
Determining if the strlcpy exist passed with the following output:
Change Dir: /home/runner/work/CroMagRally-Android/CroMagRally-Android/android/app/.cxx/Debug/h3k1i6w1/armeabi-v7a/CMakeFiles/CMakeTmp

Run Build Command(s):/usr/local/lib/android/sdk/cmake/3.22.1/bin/ninja cmTC_87c06 && [1/2] Building C object CMakeFiles/cmTC_87c06.dir/CheckSymbolExists.c.o
[2/2] Linking C executable cmTC_87c06


File /home/runner/work/CroMagRally-Android/CroMagRally-Android/android/app/.cxx/Debug/h3k1i6w1/armeabi-v7a/CMakeFiles/CMakeTmp/CheckSymbolExists.c:
/* */
#include <float.h>
#include <iconv.h>
#include <inttypes.h>
#include <limits.h>
#include <malloc.h>
#include <math.h>
#include <memory.h>
#include <signal.h>
#include <stdarg.h>
#include <stdbool.h>
#include <stddef.h>
#include <stdint.h>
#include <stdio.h>
#include <stdlib.h>
#include <string.h>
#include <strings.h>
#include <sys/types.h>
#include <time.h>
#include <wchar.h>

int main(int argc, char** argv)
{
  (void)argv;
#ifndef strlcpy
  return ((int*)(&strlcpy))[argc];
#else
  (void)argc;
  return 0;
#endif
}
Determining if the strlen exist passed with the following output:
Change Dir: /home/runner/work/CroMagRally-Android/CroMagRally-Android/android/app/.cxx/Debug/h3k1i6w1/armeabi-v7a/CMakeFiles/CMakeTmp

Run Build Command(s):/usr/local/lib/android/sdk/cmake/3.22.1/bin/ninja cmTC_6a3bb && [1/2] Building C object CMakeFiles/cmTC_6a3bb.dir/CheckSymbolExists.c.o
[2/2] Linking C executable cmTC_6a3bb


File /home/runner/work/CroMagRally-Android/CroMagRally-Android/android/app/.cxx/Debug/h3k1i6w1/armeabi-v7a/CMakeFiles/CMakeTmp/CheckSymbolExists.c:
/* */
#include <float.h>
#include <iconv.h>
#include <inttypes.h>
#include <limits.h>
#include <malloc.h>
#include <math.h>
#include <memory.h>
#include <signal.h>
#include <stdarg.h>
#include <stdbool.h>
#include <stddef.h>
#include <stdint.h>
#include <stdio.h>
#include <stdlib.h>
#include <string.h>
#include <strings.h>
#include <sys/types.h>
#include <time.h>
#include <wchar.h>

int main(int argc, char** argv)
{
  (void)argv;
#ifndef strlen
  return ((int*)(&strlen))[argc];
#else
  (void)argc;
  return 0;
#endif
}
Determining if the strncmp exist passed with the following output:
Change Dir: /home/runner/work/CroMagRally-Android/CroMagRally-Android/android/app/.cxx/Debug/h3k1i6w1/armeabi-v7a/CMakeFiles/CMakeTmp

Run Build Command(s):/usr/local/lib/android/sdk/cmake/3.22.1/bin/ninja cmTC_42b57 && [1/2] Building C object CMakeFiles/cmTC_42b57.dir/CheckSymbolExists.c.o
[2/2] Linking C executable cmTC_42b57


File /home/runner/work/CroMagRally-Android/CroMagRally-Android/android/app/.cxx/Debug/h3k1i6w1/armeabi-v7a/CMakeFiles/CMakeTmp/CheckSymbolExists.c:
/* */
#include <float.h>
#include <iconv.h>
#include <inttypes.h>
#include <limits.h>
#include <malloc.h>
#include <math.h>
#include <memory.h>
#include <signal.h>
#include <stdarg.h>
#include <stdbool.h>
#include <stddef.h>
#include <stdint.h>
#include <stdio.h>
#include <stdlib.h>
#include <string.h>
#include <strings.h>
#include <sys/types.h>
#include <time.h>
#include <wchar.h>

int main(int argc, char** argv)
{
  (void)argv;
#ifndef strncmp
  return ((int*)(&strncmp))[argc];
#else
  (void)argc;
  return 0;
#endif
}
Determining if the strnlen exist passed with the following output:
Change Dir: /home/runner/work/CroMagRally-Android/CroMagRally-Android/android/app/.cxx/Debug/h3k1i6w1/armeabi-v7a/CMakeFiles/CMakeTmp

Run Build Command(s):/usr/local/lib/android/sdk/cmake/3.22.1/bin/ninja cmTC_4e68f && [1/2] Building C object CMakeFiles/cmTC_4e68f.dir/CheckSymbolExists.c.o
[2/2] Linking C executable cmTC_4e68f


File /home/runner/work/CroMagRally-Android/CroMagRally-Android/android/app/.cxx/Debug/h3k1i6w1/armeabi-v7a/CMakeFiles/CMakeTmp/CheckSymbolExists.c:
/* */
#include <float.h>
#include <iconv.h>
#include <inttypes.h>
#include <limits.h>
#include <malloc.h>
#include <math.h>
#include <memory.h>
#include <signal.h>
#include <stdarg.h>
#include <stdbool.h>
#include <stddef.h>
#include <stdint.h>
#include <stdio.h>
#include <stdlib.h>
#include <string.h>
#include <strings.h>
#include <sys/types.h>
#include <time.h>
#include <wchar.h>

int main(int argc, char** argv)
{
  (void)argv;
#ifndef strnlen
  return ((int*)(&strnlen))[argc];
#else
  (void)argc;
  return 0;
#endif
}
Determining if the strpbrk exist passed with the following output:
Change Dir: /home/runner/work/CroMagRally-Android/CroMagRally-Android/android/app/.cxx/Debug/h3k1i6w1/armeabi-v7a/CMakeFiles/CMakeTmp

Run Build Command(s):/usr/local/lib/android/sdk/cmake/3.22.1/bin/ninja cmTC_2aac4 && [1/2] Building C object CMakeFiles/cmTC_2aac4.dir/CheckSymbolExists.c.o
[2/2] Linking C executable cmTC_2aac4


File /home/runner/work/CroMagRally-Android/CroMagRally-Android/android/app/.cxx/Debug/h3k1i6w1/armeabi-v7a/CMakeFiles/CMakeTmp/CheckSymbolExists.c:
/* */
#include <float.h>
#include <iconv.h>
#include <inttypes.h>
#include <limits.h>
#include <malloc.h>
#include <math.h>
#include <memory.h>
#include <signal.h>
#include <stdarg.h>
#include <stdbool.h>
#include <stddef.h>
#include <stdint.h>
#include <stdio.h>
#include <stdlib.h>
#include <string.h>
#include <strings.h>
#include <sys/types.h>
#include <time.h>
#include <wchar.h>

int main(int argc, char** argv)
{
  (void)argv;
#ifndef strpbrk
  return ((int*)(&strpbrk))[argc];
#else
  (void)argc;
  return 0;
#endif
}
Determining if the strrchr exist passed with the following output:
Change Dir: /home/runner/work/CroMagRally-Android/CroMagRally-Android/android/app/.cxx/Debug/h3k1i6w1/armeabi-v7a/CMakeFiles/CMakeTmp

Run Build Command(s):/usr/local/lib/android/sdk/cmake/3.22.1/bin/ninja cmTC_57e62 && [1/2] Building C object CMakeFiles/cmTC_57e62.dir/CheckSymbolExists.c.o
[2/2] Linking C executable cmTC_57e62


File /home/runner/work/CroMagRally-Android/CroMagRally-Android/android/app/.cxx/Debug/h3k1i6w1/armeabi-v7a/CMakeFiles/CMakeTmp/CheckSymbolExists.c:
/* */
#include <float.h>
#include <iconv.h>
#include <inttypes.h>
#include <limits.h>
#include <malloc.h>
#include <math.h>
#include <memory.h>
#include <signal.h>
#include <stdarg.h>
#include <stdbool.h>
#include <stddef.h>
#include <stdint.h>
#include <stdio.h>
#include <stdlib.h>
#include <string.h>
#include <strings.h>
#include <sys/types.h>
#include <time.h>
#include <wchar.h>

int main(int argc, char** argv)
{
  (void)argv;
#ifndef strrchr
  return ((int*)(&strrchr))[argc];
#else
  (void)argc;
  return 0;
#endif
}
Determining if the strstr exist passed with the following output:
Change Dir: /home/runner/work/CroMagRally-Android/CroMagRally-Android/android/app/.cxx/Debug/h3k1i6w1/armeabi-v7a/CMakeFiles/CMakeTmp

Run Build Command(s):/usr/local/lib/android/sdk/cmake/3.22.1/bin/ninja cmTC_80229 && [1/2] Building C object CMakeFiles/cmTC_80229.dir/CheckSymbolExists.c.o
[2/2] Linking C executable cmTC_80229


File /home/runner/work/CroMagRally-Android/CroMagRally-Android/android/app/.cxx/Debug/h3k1i6w1/armeabi-v7a/CMakeFiles/CMakeTmp/CheckSymbolExists.c:
/* */
#include <float.h>
#include <iconv.h>
#include <inttypes.h>
#include <limits.h>
#include <malloc.h>
#include <math.h>
#include <memory.h>
#include <signal.h>
#include <stdarg.h>
#include <stdbool.h>
#include <stddef.h>
#include <stdint.h>
#include <stdio.h>
#include <stdlib.h>
#include <string.h>
#include <strings.h>
#include <sys/types.h>
#include <time.h>
#include <wchar.h>

int main(int argc, char** argv)
{
  (void)argv;
#ifndef strstr
  return ((int*)(&strstr))[argc];
#else
  (void)argc;
  return 0;
#endif
}
Determining if the strtod exist passed with the following output:
Change Dir: /home/runner/work/CroMagRally-Android/CroMagRally-Android/android/app/.cxx/Debug/h3k1i6w1/armeabi-v7a/CMakeFiles/CMakeTmp

Run Build Command(s):/usr/local/lib/android/sdk/cmake/3.22.1/bin/ninja cmTC_955bb && [1/2] Building C object CMakeFiles/cmTC_955bb.dir/CheckSymbolExists.c.o
[2/2] Linking C executable cmTC_955bb


File /home/runner/work/CroMagRally-Android/CroMagRally-Android/android/app/.cxx/Debug/h3k1i6w1/armeabi-v7a/CMakeFiles/CMakeTmp/CheckSymbolExists.c:
/* */
#include <float.h>
#include <iconv.h>
#include <inttypes.h>
#include <limits.h>
#include <malloc.h>
#include <math.h>
#include <memory.h>
#include <signal.h>
#include <stdarg.h>
#include <stdbool.h>
#include <stddef.h>
#include <stdint.h>
#include <stdio.h>
#include <stdlib.h>
#include <string.h>
#include <strings.h>
#include <sys/types.h>
#include <time.h>
#include <wchar.h>

int main(int argc, char** argv)
{
  (void)argv;
#ifndef strtod
  return ((int*)(&strtod))[argc];
#else
  (void)argc;
  return 0;
#endif
}
Determining if the strtok_r exist passed with the following output:
Change Dir: /home/runner/work/CroMagRally-Android/CroMagRally-Android/android/app/.cxx/Debug/h3k1i6w1/armeabi-v7a/CMakeFiles/CMakeTmp

Run Build Command(s):/usr/local/lib/android/sdk/cmake/3.22.1/bin/ninja cmTC_be1bf && [1/2] Building C object CMakeFiles/cmTC_be1bf.dir/CheckSymbolExists.c.o
[2/2] Linking C executable cmTC_be1bf


File /home/runner/work/CroMagRally-Android/CroMagRally-Android/android/app/.cxx/Debug/h3k1i6w1/armeabi-v7a/CMakeFiles/CMakeTmp/CheckSymbolExists.c:
/* */
#include <float.h>
#include <iconv.h>
#include <inttypes.h>
#include <limits.h>
#include <malloc.h>
#include <math.h>
#include <memory.h>
#include <signal.h>
#include <stdarg.h>
#include <stdbool.h>
#include <stddef.h>
#include <stdint.h>
#include <stdio.h>
#include <stdlib.h>
#include <string.h>
#include <strings.h>
#include <sys/types.h>
#include <time.h>
#include <wchar.h>

int main(int argc, char** argv)
{
  (void)argv;
#ifndef strtok_r
  return ((int*)(&strtok_r))[argc];
#else
  (void)argc;
  return 0;
#endif
}
Determining if the strtol exist passed with the following output:
Change Dir: /home/runner/work/CroMagRally-Android/CroMagRally-Android/android/app/.cxx/Debug/h3k1i6w1/armeabi-v7a/CMakeFiles/CMakeTmp

Run Build Command(s):/usr/local/lib/android/sdk/cmake/3.22.1/bin/ninja cmTC_e9283 && [1/2] Building C object CMakeFiles/cmTC_e9283.dir/CheckSymbolExists.c.o
[2/2] Linking C executable cmTC_e9283


File /home/runner/work/CroMagRally-Android/CroMagRally-Android/android/app/.cxx/Debug/h3k1i6w1/armeabi-v7a/CMakeFiles/CMakeTmp/CheckSymbolExists.c:
/* */
#include <float.h>
#include <iconv.h>
#include <inttypes.h>
#include <limits.h>
#include <malloc.h>
#include <math.h>
#include <memory.h>
#include <signal.h>
#include <stdarg.h>
#include <stdbool.h>
#include <stddef.h>
#include <stdint.h>
#include <stdio.h>
#include <stdlib.h>
#include <string.h>
#include <strings.h>
#include <sys/types.h>
#include <time.h>
#include <wchar.h>

int main(int argc, char** argv)
{
  (void)argv;
#ifndef strtol
  return ((int*)(&strtol))[argc];
#else
  (void)argc;
  return 0;
#endif
}
Determining if the strtoll exist passed with the following output:
Change Dir: /home/runner/work/CroMagRally-Android/CroMagRally-Android/android/app/.cxx/Debug/h3k1i6w1/armeabi-v7a/CMakeFiles/CMakeTmp

Run Build Command(s):/usr/local/lib/android/sdk/cmake/3.22.1/bin/ninja cmTC_79adf && [1/2] Building C object CMakeFiles/cmTC_79adf.dir/CheckSymbolExists.c.o
[2/2] Linking C executable cmTC_79adf


File /home/runner/work/CroMagRally-Android/CroMagRally-Android/android/app/.cxx/Debug/h3k1i6w1/armeabi-v7a/CMakeFiles/CMakeTmp/CheckSymbolExists.c:
/* */
#include <float.h>
#include <iconv.h>
#include <inttypes.h>
#include <limits.h>
#include <malloc.h>
#include <math.h>
#include <memory.h>
#include <signal.h>
#include <stdarg.h>
#include <stdbool.h>
#include <stddef.h>
#include <stdint.h>
#include <stdio.h>
#include <stdlib.h>
#include <string.h>
#include <strings.h>
#include <sys/types.h>
#include <time.h>
#include <wchar.h>

int main(int argc, char** argv)
{
  (void)argv;
#ifndef strtoll
  return ((int*)(&strtoll))[argc];
#else
  (void)argc;
  return 0;
#endif
}
Determining if the strtoul exist passed with the following output:
Change Dir: /home/runner/work/CroMagRally-Android/CroMagRally-Android/android/app/.cxx/Debug/h3k1i6w1/armeabi-v7a/CMakeFiles/CMakeTmp

Run Build Command(s):/usr/local/lib/android/sdk/cmake/3.22.1/bin/ninja cmTC_7d586 && [1/2] Building C object CMakeFiles/cmTC_7d586.dir/CheckSymbolExists.c.o
[2/2] Linking C executable cmTC_7d586


File /home/runner/work/CroMagRally-Android/CroMagRally-Android/android/app/.cxx/Debug/h3k1i6w1/armeabi-v7a/CMakeFiles/CMakeTmp/CheckSymbolExists.c:
/* */
#include <float.h>
#include <iconv.h>
#include <inttypes.h>
#include <limits.h>
#include <malloc.h>
#include <math.h>
#include <memory.h>
#include <signal.h>
#include <stdarg.h>
#include <stdbool.h>
#include <stddef.h>
#include <stdint.h>
#include <stdio.h>
#include <stdlib.h>
#include <string.h>
#include <strings.h>
#include <sys/types.h>
#include <time.h>
#include <wchar.h>

int main(int argc, char** argv)
{
  (void)argv;
#ifndef strtoul
  return ((int*)(&strtoul))[argc];
#else
  (void)argc;
  return 0;
#endif
}
Determining if the strtoull exist passed with the following output:
Change Dir: /home/runner/work/CroMagRally-Android/CroMagRally-Android/android/app/.cxx/Debug/h3k1i6w1/armeabi-v7a/CMakeFiles/CMakeTmp

Run Build Command(s):/usr/local/lib/android/sdk/cmake/3.22.1/bin/ninja cmTC_12949 && [1/2] Building C object CMakeFiles/cmTC_12949.dir/CheckSymbolExists.c.o
[2/2] Linking C executable cmTC_12949


File /home/runner/work/CroMagRally-Android/CroMagRally-Android/android/app/.cxx/Debug/h3k1i6w1/armeabi-v7a/CMakeFiles/CMakeTmp/CheckSymbolExists.c:
/* */
#include <float.h>
#include <iconv.h>
#include <inttypes.h>
#include <limits.h>
#include <malloc.h>
#include <math.h>
#include <memory.h>
#include <signal.h>
#include <stdarg.h>
#include <stdbool.h>
#include <stddef.h>
#include <stdint.h>
#include <stdio.h>
#include <stdlib.h>
#include <string.h>
#include <strings.h>
#include <sys/types.h>
#include <time.h>
#include <wchar.h>

int main(int argc, char** argv)
{
  (void)argv;
#ifndef strtoull
  return ((int*)(&strtoull))[argc];
#else
  (void)argc;
  return 0;
#endif
}
Determining if the tan exist passed with the following output:
Change Dir: /home/runner/work/CroMagRally-Android/CroMagRally-Android/android/app/.cxx/Debug/h3k1i6w1/armeabi-v7a/CMakeFiles/CMakeTmp

Run Build Command(s):/usr/local/lib/android/sdk/cmake/3.22.1/bin/ninja cmTC_7f88f && [1/2] Building C object CMakeFiles/cmTC_7f88f.dir/CheckSymbolExists.c.o
[2/2] Linking C executable cmTC_7f88f


File /home/runner/work/CroMagRally-Android/CroMagRally-Android/android/app/.cxx/Debug/h3k1i6w1/armeabi-v7a/CMakeFiles/CMakeTmp/CheckSymbolExists.c:
/* */
#include <float.h>
#include <iconv.h>
#include <inttypes.h>
#include <limits.h>
#include <malloc.h>
#include <math.h>
#include <memory.h>
#include <signal.h>
#include <stdarg.h>
#include <stdbool.h>
#include <stddef.h>
#include <stdint.h>
#include <stdio.h>
#include <stdlib.h>
#include <string.h>
#include <strings.h>
#include <sys/types.h>
#include <time.h>
#include <wchar.h>

int main(int argc, char** argv)
{
  (void)argv;
#ifndef tan
  return ((int*)(&tan))[argc];
#else
  (void)argc;
  return 0;
#endif
}
Determining if the tanf exist passed with the following output:
Change Dir: /home/runner/work/CroMagRally-Android/CroMagRally-Android/android/app/.cxx/Debug/h3k1i6w1/armeabi-v7a/CMakeFiles/CMakeTmp

Run Build Command(s):/usr/local/lib/android/sdk/cmake/3.22.1/bin/ninja cmTC_3404d && [1/2] Building C object CMakeFiles/cmTC_3404d.dir/CheckSymbolExists.c.o
[2/2] Linking C executable cmTC_3404d


File /home/runner/work/CroMagRally-Android/CroMagRally-Android/android/app/.cxx/Debug/h3k1i6w1/armeabi-v7a/CMakeFiles/CMakeTmp/CheckSymbolExists.c:
/* */
#include <float.h>
#include <iconv.h>
#include <inttypes.h>
#include <limits.h>
#include <malloc.h>
#include <math.h>
#include <memory.h>
#include <signal.h>
#include <stdarg.h>
#include <stdbool.h>
#include <stddef.h>
#include <stdint.h>
#include <stdio.h>
#include <stdlib.h>
#include <string.h>
#include <strings.h>
#include <sys/types.h>
#include <time.h>
#include <wchar.h>

int main(int argc, char** argv)
{
  (void)argv;
#ifndef tanf
  return ((int*)(&tanf))[argc];
#else
  (void)argc;
  return 0;
#endif
}
Determining if the trunc exist passed with the following output:
Change Dir: /home/runner/work/CroMagRally-Android/CroMagRally-Android/android/app/.cxx/Debug/h3k1i6w1/armeabi-v7a/CMakeFiles/CMakeTmp

Run Build Command(s):/usr/local/lib/android/sdk/cmake/3.22.1/bin/ninja cmTC_a1ed5 && [1/2] Building C object CMakeFiles/cmTC_a1ed5.dir/CheckSymbolExists.c.o
[2/2] Linking C executable cmTC_a1ed5


File /home/runner/work/CroMagRally-Android/CroMagRally-Android/android/app/.cxx/Debug/h3k1i6w1/armeabi-v7a/CMakeFiles/CMakeTmp/CheckSymbolExists.c:
/* */
#include <float.h>
#include <iconv.h>
#include <inttypes.h>
#include <limits.h>
#include <malloc.h>
#include <math.h>
#include <memory.h>
#include <signal.h>
#include <stdarg.h>
#include <stdbool.h>
#include <stddef.h>
#include <stdint.h>
#include <stdio.h>
#include <stdlib.h>
#include <string.h>
#include <strings.h>
#include <sys/types.h>
#include <time.h>
#include <wchar.h>

int main(int argc, char** argv)
{
  (void)argv;
#ifndef trunc
  return ((int*)(&trunc))[argc];
#else
  (void)argc;
  return 0;
#endif
}
Determining if the truncf exist passed with the following output:
Change Dir: /home/runner/work/CroMagRally-Android/CroMagRally-Android/android/app/.cxx/Debug/h3k1i6w1/armeabi-v7a/CMakeFiles/CMakeTmp

Run Build Command(s):/usr/local/lib/android/sdk/cmake/3.22.1/bin/ninja cmTC_022da && [1/2] Building C object CMakeFiles/cmTC_022da.dir/CheckSymbolExists.c.o
[2/2] Linking C executable cmTC_022da


File /home/runner/work/CroMagRally-Android/CroMagRally-Android/android/app/.cxx/Debug/h3k1i6w1/armeabi-v7a/CMakeFiles/CMakeTmp/CheckSymbolExists.c:
/* */
#include <float.h>
#include <iconv.h>
#include <inttypes.h>
#include <limits.h>
#include <malloc.h>
#include <math.h>
#include <memory.h>
#include <signal.h>
#include <stdarg.h>
#include <stdbool.h>
#include <stddef.h>
#include <stdint.h>
#include <stdio.h>
#include <stdlib.h>
#include <string.h>
#include <strings.h>
#include <sys/types.h>
#include <time.h>
#include <wchar.h>

int main(int argc, char** argv)
{
  (void)argv;
#ifndef truncf
  return ((int*)(&truncf))[argc];
#else
  (void)argc;
  return 0;
#endif
}
Determining if the unsetenv exist passed with the following output:
Change Dir: /home/runner/work/CroMagRally-Android/CroMagRally-Android/android/app/.cxx/Debug/h3k1i6w1/armeabi-v7a/CMakeFiles/CMakeTmp

Run Build Command(s):/usr/local/lib/android/sdk/cmake/3.22.1/bin/ninja cmTC_cefcb && [1/2] Building C object CMakeFiles/cmTC_cefcb.dir/CheckSymbolExists.c.o
[2/2] Linking C executable cmTC_cefcb


File /home/runner/work/CroMagRally-Android/CroMagRally-Android/android/app/.cxx/Debug/h3k1i6w1/armeabi-v7a/CMakeFiles/CMakeTmp/CheckSymbolExists.c:
/* */
#include <float.h>
#include <iconv.h>
#include <inttypes.h>
#include <limits.h>
#include <malloc.h>
#include <math.h>
#include <memory.h>
#include <signal.h>
#include <stdarg.h>
#include <stdbool.h>
#include <stddef.h>
#include <stdint.h>
#include <stdio.h>
#include <stdlib.h>
#include <string.h>
#include <strings.h>
#include <sys/types.h>
#include <time.h>
#include <wchar.h>

int main(int argc, char** argv)
{
  (void)argv;
#ifndef unsetenv
  return ((int*)(&unsetenv))[argc];
#else
  (void)argc;
  return 0;
#endif
}
Determining if the vsnprintf exist passed with the following output:
Change Dir: /home/runner/work/CroMagRally-Android/CroMagRally-Android/android/app/.cxx/Debug/h3k1i6w1/armeabi-v7a/CMakeFiles/CMakeTmp

Run Build Command(s):/usr/local/lib/android/sdk/cmake/3.22.1/bin/ninja cmTC_02030 && [1/2] Building C object CMakeFiles/cmTC_02030.dir/CheckSymbolExists.c.o
[2/2] Linking C executable cmTC_02030


File /home/runner/work/CroMagRally-Android/CroMagRally-Android/android/app/.cxx/Debug/h3k1i6w1/armeabi-v7a/CMakeFiles/CMakeTmp/CheckSymbolExists.c:
/* */
#include <float.h>
#include <iconv.h>
#include <inttypes.h>
#include <limits.h>
#include <malloc.h>
#include <math.h>
#include <memory.h>
#include <signal.h>
#include <stdarg.h>
#include <stdbool.h>
#include <stddef.h>
#include <stdint.h>
#include <stdio.h>
#include <stdlib.h>
#include <string.h>
#include <strings.h>
#include <sys/types.h>
#include <time.h>
#include <wchar.h>

int main(int argc, char** argv)
{
  (void)argv;
#ifndef vsnprintf
  return ((int*)(&vsnprintf))[argc];
#else
  (void)argc;
  return 0;
#endif
}
Determining if the vsscanf exist passed with the following output:
Change Dir: /home/runner/work/CroMagRally-Android/CroMagRally-Android/android/app/.cxx/Debug/h3k1i6w1/armeabi-v7a/CMakeFiles/CMakeTmp

Run Build Command(s):/usr/local/lib/android/sdk/cmake/3.22.1/bin/ninja cmTC_4f9c8 && [1/2] Building C object CMakeFiles/cmTC_4f9c8.dir/CheckSymbolExists.c.o
[2/2] Linking C executable cmTC_4f9c8


File /home/runner/work/CroMagRally-Android/CroMagRally-Android/android/app/.cxx/Debug/h3k1i6w1/armeabi-v7a/CMakeFiles/CMakeTmp/CheckSymbolExists.c:
/* */
#include <float.h>
#include <iconv.h>
#include <inttypes.h>
#include <limits.h>
#include <malloc.h>
#include <math.h>
#include <memory.h>
#include <signal.h>
#include <stdarg.h>
#include <stdbool.h>
#include <stddef.h>
#include <stdint.h>
#include <stdio.h>
#include <stdlib.h>
#include <string.h>
#include <strings.h>
#include <sys/types.h>
#include <time.h>
#include <wchar.h>

int main(int argc, char** argv)
{
  (void)argv;
#ifndef vsscanf
  return ((int*)(&vsscanf))[argc];
#else
  (void)argc;
  return 0;
#endif
}
Determining if the wcsnlen exist passed with the following output:
Change Dir: /home/runner/work/CroMagRally-Android/CroMagRally-Android/android/app/.cxx/Debug/h3k1i6w1/armeabi-v7a/CMakeFiles/CMakeTmp

Run Build Command(s):/usr/local/lib/android/sdk/cmake/3.22.1/bin/ninja cmTC_dd89f && [1/2] Building C object CMakeFiles/cmTC_dd89f.dir/CheckSymbolExists.c.o
[2/2] Linking C executable cmTC_dd89f


File /home/runner/work/CroMagRally-Android/CroMagRally-Android/android/app/.cxx/Debug/h3k1i6w1/armeabi-v7a/CMakeFiles/CMakeTmp/CheckSymbolExists.c:
/* */
#include <float.h>
#include <iconv.h>
#include <inttypes.h>
#include <limits.h>
#include <malloc.h>
#include <math.h>
#include <memory.h>
#include <signal.h>
#include <stdarg.h>
#include <stdbool.h>
#include <stddef.h>
#include <stdint.h>
#include <stdio.h>
#include <stdlib.h>
#include <string.h>
#include <strings.h>
#include <sys/types.h>
#include <time.h>
#include <wchar.h>

int main(int argc, char** argv)
{
  (void)argv;
#ifndef wcsnlen
  return ((int*)(&wcsnlen))[argc];
#else
  (void)argc;
  return 0;
#endif
}
Determining if the wcscmp exist passed with the following output:
Change Dir: /home/runner/work/CroMagRally-Android/CroMagRally-Android/android/app/.cxx/Debug/h3k1i6w1/armeabi-v7a/CMakeFiles/CMakeTmp

Run Build Command(s):/usr/local/lib/android/sdk/cmake/3.22.1/bin/ninja cmTC_d74c2 && [1/2] Building C object CMakeFiles/cmTC_d74c2.dir/CheckSymbolExists.c.o
[2/2] Linking C executable cmTC_d74c2


File /home/runner/work/CroMagRally-Android/CroMagRally-Android/android/app/.cxx/Debug/h3k1i6w1/armeabi-v7a/CMakeFiles/CMakeTmp/CheckSymbolExists.c:
/* */
#include <float.h>
#include <iconv.h>
#include <inttypes.h>
#include <limits.h>
#include <malloc.h>
#include <math.h>
#include <memory.h>
#include <signal.h>
#include <stdarg.h>
#include <stdbool.h>
#include <stddef.h>
#include <stdint.h>
#include <stdio.h>
#include <stdlib.h>
#include <string.h>
#include <strings.h>
#include <sys/types.h>
#include <time.h>
#include <wchar.h>

int main(int argc, char** argv)
{
  (void)argv;
#ifndef wcscmp
  return ((int*)(&wcscmp))[argc];
#else
  (void)argc;
  return 0;
#endif
}
Determining if the wcsdup exist passed with the following output:
Change Dir: /home/runner/work/CroMagRally-Android/CroMagRally-Android/android/app/.cxx/Debug/h3k1i6w1/armeabi-v7a/CMakeFiles/CMakeTmp

Run Build Command(s):/usr/local/lib/android/sdk/cmake/3.22.1/bin/ninja cmTC_f58ff && [1/2] Building C object CMakeFiles/cmTC_f58ff.dir/CheckSymbolExists.c.o
[2/2] Linking C executable cmTC_f58ff


File /home/runner/work/CroMagRally-Android/CroMagRally-Android/android/app/.cxx/Debug/h3k1i6w1/armeabi-v7a/CMakeFiles/CMakeTmp/CheckSymbolExists.c:
/* */
#include <float.h>
#include <iconv.h>
#include <inttypes.h>
#include <limits.h>
#include <malloc.h>
#include <math.h>
#include <memory.h>
#include <signal.h>
#include <stdarg.h>
#include <stdbool.h>
#include <stddef.h>
#include <stdint.h>
#include <stdio.h>
#include <stdlib.h>
#include <string.h>
#include <strings.h>
#include <sys/types.h>
#include <time.h>
#include <wchar.h>

int main(int argc, char** argv)
{
  (void)argv;
#ifndef wcsdup
  return ((int*)(&wcsdup))[argc];
#else
  (void)argc;
  return 0;
#endif
}
Determining if the wcslcat exist passed with the following output:
Change Dir: /home/runner/work/CroMagRally-Android/CroMagRally-Android/android/app/.cxx/Debug/h3k1i6w1/armeabi-v7a/CMakeFiles/CMakeTmp

Run Build Command(s):/usr/local/lib/android/sdk/cmake/3.22.1/bin/ninja cmTC_29b8f && [1/2] Building C object CMakeFiles/cmTC_29b8f.dir/CheckSymbolExists.c.o
[2/2] Linking C executable cmTC_29b8f


File /home/runner/work/CroMagRally-Android/CroMagRally-Android/android/app/.cxx/Debug/h3k1i6w1/armeabi-v7a/CMakeFiles/CMakeTmp/CheckSymbolExists.c:
/* */
#include <float.h>
#include <iconv.h>
#include <inttypes.h>
#include <limits.h>
#include <malloc.h>
#include <math.h>
#include <memory.h>
#include <signal.h>
#include <stdarg.h>
#include <stdbool.h>
#include <stddef.h>
#include <stdint.h>
#include <stdio.h>
#include <stdlib.h>
#include <string.h>
#include <strings.h>
#include <sys/types.h>
#include <time.h>
#include <wchar.h>

int main(int argc, char** argv)
{
  (void)argv;
#ifndef wcslcat
  return ((int*)(&wcslcat))[argc];
#else
  (void)argc;
  return 0;
#endif
}
Determining if the wcslcpy exist passed with the following output:
Change Dir: /home/runner/work/CroMagRally-Android/CroMagRally-Android/android/app/.cxx/Debug/h3k1i6w1/armeabi-v7a/CMakeFiles/CMakeTmp

Run Build Command(s):/usr/local/lib/android/sdk/cmake/3.22.1/bin/ninja cmTC_df206 && [1/2] Building C object CMakeFiles/cmTC_df206.dir/CheckSymbolExists.c.o
[2/2] Linking C executable cmTC_df206


File /home/runner/work/CroMagRally-Android/CroMagRally-Android/android/app/.cxx/Debug/h3k1i6w1/armeabi-v7a/CMakeFiles/CMakeTmp/CheckSymbolExists.c:
/* */
#include <float.h>
#include <iconv.h>
#include <inttypes.h>
#include <limits.h>
#include <malloc.h>
#include <math.h>
#include <memory.h>
#include <signal.h>
#include <stdarg.h>
#include <stdbool.h>
#include <stddef.h>
#include <stdint.h>
#include <stdio.h>
#include <stdlib.h>
#include <string.h>
#include <strings.h>
#include <sys/types.h>
#include <time.h>
#include <wchar.h>

int main(int argc, char** argv)
{
  (void)argv;
#ifndef wcslcpy
  return ((int*)(&wcslcpy))[argc];
#else
  (void)argc;
  return 0;
#endif
}
Determining if the wcslen exist passed with the following output:
Change Dir: /home/runner/work/CroMagRally-Android/CroMagRally-Android/android/app/.cxx/Debug/h3k1i6w1/armeabi-v7a/CMakeFiles/CMakeTmp

Run Build Command(s):/usr/local/lib/android/sdk/cmake/3.22.1/bin/ninja cmTC_cfe52 && [1/2] Building C object CMakeFiles/cmTC_cfe52.dir/CheckSymbolExists.c.o
[2/2] Linking C executable cmTC_cfe52


File /home/runner/work/CroMagRally-Android/CroMagRally-Android/android/app/.cxx/Debug/h3k1i6w1/armeabi-v7a/CMakeFiles/CMakeTmp/CheckSymbolExists.c:
/* */
#include <float.h>
#include <iconv.h>
#include <inttypes.h>
#include <limits.h>
#include <malloc.h>
#include <math.h>
#include <memory.h>
#include <signal.h>
#include <stdarg.h>
#include <stdbool.h>
#include <stddef.h>
#include <stdint.h>
#include <stdio.h>
#include <stdlib.h>
#include <string.h>
#include <strings.h>
#include <sys/types.h>
#include <time.h>
#include <wchar.h>

int main(int argc, char** argv)
{
  (void)argv;
#ifndef wcslen
  return ((int*)(&wcslen))[argc];
#else
  (void)argc;
  return 0;
#endif
}
Determining if the wcsncmp exist passed with the following output:
Change Dir: /home/runner/work/CroMagRally-Android/CroMagRally-Android/android/app/.cxx/Debug/h3k1i6w1/armeabi-v7a/CMakeFiles/CMakeTmp

Run Build Command(s):/usr/local/lib/android/sdk/cmake/3.22.1/bin/ninja cmTC_10d9c && [1/2] Building C object CMakeFiles/cmTC_10d9c.dir/CheckSymbolExists.c.o
[2/2] Linking C executable cmTC_10d9c


File /home/runner/work/CroMagRally-Android/CroMagRally-Android/android/app/.cxx/Debug/h3k1i6w1/armeabi-v7a/CMakeFiles/CMakeTmp/CheckSymbolExists.c:
/* */
#include <float.h>
#include <iconv.h>
#include <inttypes.h>
#include <limits.h>
#include <malloc.h>
#include <math.h>
#include <memory.h>
#include <signal.h>
#include <stdarg.h>
#include <stdbool.h>
#include <stddef.h>
#include <stdint.h>
#include <stdio.h>
#include <stdlib.h>
#include <string.h>
#include <strings.h>
#include <sys/types.h>
#include <time.h>
#include <wchar.h>

int main(int argc, char** argv)
{
  (void)argv;
#ifndef wcsncmp
  return ((int*)(&wcsncmp))[argc];
#else
  (void)argc;
  return 0;
#endif
}
Determining if the wcsstr exist passed with the following output:
Change Dir: /home/runner/work/CroMagRally-Android/CroMagRally-Android/android/app/.cxx/Debug/h3k1i6w1/armeabi-v7a/CMakeFiles/CMakeTmp

Run Build Command(s):/usr/local/lib/android/sdk/cmake/3.22.1/bin/ninja cmTC_2b018 && [1/2] Building C object CMakeFiles/cmTC_2b018.dir/CheckSymbolExists.c.o
[2/2] Linking C executable cmTC_2b018


File /home/runner/work/CroMagRally-Android/CroMagRally-Android/android/app/.cxx/Debug/h3k1i6w1/armeabi-v7a/CMakeFiles/CMakeTmp/CheckSymbolExists.c:
/* */
#include <float.h>
#include <iconv.h>
#include <inttypes.h>
#include <limits.h>
#include <malloc.h>
#include <math.h>
#include <memory.h>
#include <signal.h>
#include <stdarg.h>
#include <stdbool.h>
#include <stddef.h>
#include <stdint.h>
#include <stdio.h>
#include <stdlib.h>
#include <string.h>
#include <strings.h>
#include <sys/types.h>
#include <time.h>
#include <wchar.h>

int main(int argc, char** argv)
{
  (void)argv;
#ifndef wcsstr
  return ((int*)(&wcsstr))[argc];
#else
  (void)argc;
  return 0;
#endif
}
Determining if the wcstol exist passed with the following output:
Change Dir: /home/runner/work/CroMagRally-Android/CroMagRally-Android/android/app/.cxx/Debug/h3k1i6w1/armeabi-v7a/CMakeFiles/CMakeTmp

Run Build Command(s):/usr/local/lib/android/sdk/cmake/3.22.1/bin/ninja cmTC_93595 && [1/2] Building C object CMakeFiles/cmTC_93595.dir/CheckSymbolExists.c.o
[2/2] Linking C executable cmTC_93595


File /home/runner/work/CroMagRally-Android/CroMagRally-Android/android/app/.cxx/Debug/h3k1i6w1/armeabi-v7a/CMakeFiles/CMakeTmp/CheckSymbolExists.c:
/* */
#include <float.h>
#include <iconv.h>
#include <inttypes.h>
#include <limits.h>
#include <malloc.h>
#include <math.h>
#include <memory.h>
#include <signal.h>
#include <stdarg.h>
#include <stdbool.h>
#include <stddef.h>
#include <stdint.h>
#include <stdio.h>
#include <stdlib.h>
#include <string.h>
#include <strings.h>
#include <sys/types.h>
#include <time.h>
#include <wchar.h>

int main(int argc, char** argv)
{
  (void)argv;
#ifndef wcstol
  return ((int*)(&wcstol))[argc];
#else
  (void)argc;
  return 0;
#endif
}
Determining if the strcasestr exist passed with the following output:
Change Dir: /home/runner/work/CroMagRally-Android/CroMagRally-Android/android/app/.cxx/Debug/h3k1i6w1/armeabi-v7a/CMakeFiles/CMakeTmp

Run Build Command(s):/usr/local/lib/android/sdk/cmake/3.22.1/bin/ninja cmTC_3dcaf && [1/2] Building C object CMakeFiles/cmTC_3dcaf.dir/CheckSymbolExists.c.o
[2/2] Linking C executable cmTC_3dcaf


File /home/runner/work/CroMagRally-Android/CroMagRally-Android/android/app/.cxx/Debug/h3k1i6w1/armeabi-v7a/CMakeFiles/CMakeTmp/CheckSymbolExists.c:
/* */
#include <float.h>
#include <iconv.h>
#include <inttypes.h>
#include <limits.h>
#include <malloc.h>
#include <math.h>
#include <memory.h>
#include <signal.h>
#include <stdarg.h>
#include <stdbool.h>
#include <stddef.h>
#include <stdint.h>
#include <stdio.h>
#include <stdlib.h>
#include <string.h>
#include <strings.h>
#include <sys/types.h>
#include <time.h>
#include <wchar.h>

int main(int argc, char** argv)
{
  (void)argv;
#ifndef strcasestr
  return ((int*)(&strcasestr))[argc];
#else
  (void)argc;
  return 0;
#endif
}
Performing C SOURCE FILE Test LIBC_HAS_ISINF succeeded with the following output:
Change Dir: /home/runner/work/CroMagRally-Android/CroMagRally-Android/android/app/.cxx/Debug/h3k1i6w1/armeabi-v7a/CMakeFiles/CMakeTmp

Run Build Command(s):/usr/local/lib/android/sdk/cmake/3.22.1/bin/ninja cmTC_de4c1 && [1/2] Building C object CMakeFiles/cmTC_de4c1.dir/src.c.o
[2/2] Linking C executable cmTC_de4c1


Source file was:

        #include <math.h>
        int main() {
          double d = 3.14159;
          return isinf(d);
        }
      
Performing C SOURCE FILE Test LIBC_ISINF_HANDLES_FLOAT succeeded with the following output:
Change Dir: /home/runner/work/CroMagRally-Android/CroMagRally-Android/android/app/.cxx/Debug/h3k1i6w1/armeabi-v7a/CMakeFiles/CMakeTmp

Run Build Command(s):/usr/local/lib/android/sdk/cmake/3.22.1/bin/ninja cmTC_3a5ef && [1/2] Building C object CMakeFiles/cmTC_3a5ef.dir/src.c.o
[2/2] Linking C executable cmTC_3a5ef


Source file was:

      #include <math.h>
      int main() {
        float f = 3.14159f;
        return isinf(f);
      }
    
Performing C SOURCE FILE Test LIBC_HAS_ISNAN succeeded with the following output:
Change Dir: /home/runner/work/CroMagRally-Android/CroMagRally-Android/android/app/.cxx/Debug/h3k1i6w1/armeabi-v7a/CMakeFiles/CMakeTmp

Run Build Command(s):/usr/local/lib/android/sdk/cmake/3.22.1/bin/ninja cmTC_592d8 && [1/2] Building C object CMakeFiles/cmTC_592d8.dir/src.c.o
[2/2] Linking C executable cmTC_592d8


Source file was:

        #include <math.h>
        int main() {
          double d = 3.14159;
          return isnan(d);
        }
      
Performing C SOURCE FILE Test LIBC_ISNAN_HANDLES_FLOAT succeeded with the following output:
Change Dir: /home/runner/work/CroMagRally-Android/CroMagRally-Android/android/app/.cxx/Debug/h3k1i6w1/armeabi-v7a/CMakeFiles/CMakeTmp

Run Build Command(s):/usr/local/lib/android/sdk/cmake/3.22.1/bin/ninja cmTC_cf36b && [1/2] Building C object CMakeFiles/cmTC_cf36b.dir/src.c.o
[2/2] Linking C executable cmTC_cf36b


Source file was:

      #include <math.h>
      int main() {
        float f = 3.14159f;
        return isnan(f);
      }
    
Performing C SOURCE FILE Test LIBC_HAS_ISNANF succeeded with the following output:
Change Dir: /home/runner/work/CroMagRally-Android/CroMagRally-Android/android/app/.cxx/Debug/h3k1i6w1/armeabi-v7a/CMakeFiles/CMakeTmp

Run Build Command(s):/usr/local/lib/android/sdk/cmake/3.22.1/bin/ninja cmTC_bf9dd && [1/2] Building C object CMakeFiles/cmTC_bf9dd.dir/src.c.o
[2/2] Linking C executable cmTC_bf9dd


Source file was:

      #include <math.h>
      int main() {
        float f = 3.14159f;
        return isnanf(f);
      }
    
Determining if the fdatasync exist passed with the following output:
Change Dir: /home/runner/work/CroMagRally-Android/CroMagRally-Android/android/app/.cxx/Debug/h3k1i6w1/armeabi-v7a/CMakeFiles/CMakeTmp

Run Build Command(s):/usr/local/lib/android/sdk/cmake/3.22.1/bin/ninja cmTC_4e622 && [1/2] Building C object CMakeFiles/cmTC_4e622.dir/CheckSymbolExists.c.o
[2/2] Linking C executable cmTC_4e622


File /home/runner/work/CroMagRally-Android/CroMagRally-Android/android/app/.cxx/Debug/h3k1i6w1/armeabi-v7a/CMakeFiles/CMakeTmp/CheckSymbolExists.c:
/* */
#include <unistd.h>

int main(int argc, char** argv)
{
  (void)argv;
#ifndef fdatasync
  return ((int*)(&fdatasync))[argc];
#else
  (void)argc;
  return 0;
#endif
}
Determining if the gethostname exist passed with the following output:
Change Dir: /home/runner/work/CroMagRally-Android/CroMagRally-Android/android/app/.cxx/Debug/h3k1i6w1/armeabi-v7a/CMakeFiles/CMakeTmp

Run Build Command(s):/usr/local/lib/android/sdk/cmake/3.22.1/bin/ninja cmTC_97aa2 && [1/2] Building C object CMakeFiles/cmTC_97aa2.dir/CheckSymbolExists.c.o
[2/2] Linking C executable cmTC_97aa2


File /home/runner/work/CroMagRally-Android/CroMagRally-Android/android/app/.cxx/Debug/h3k1i6w1/armeabi-v7a/CMakeFiles/CMakeTmp/CheckSymbolExists.c:
/* */
#include <unistd.h>

int main(int argc, char** argv)
{
  (void)argv;
#ifndef gethostname
  return ((int*)(&gethostname))[argc];
#else
  (void)argc;
  return 0;
#endif
}
Determining if the getpagesize exist passed with the following output:
Change Dir: /home/runner/work/CroMagRally-Android/CroMagRally-Android/android/app/.cxx/Debug/h3k1i6w1/armeabi-v7a/CMakeFiles/CMakeTmp

Run Build Command(s):/usr/local/lib/android/sdk/cmake/3.22.1/bin/ninja cmTC_13693 && [1/2] Building C object CMakeFiles/cmTC_13693.dir/CheckSymbolExists.c.o
[2/2] Linking C executable cmTC_13693


File /home/runner/work/CroMagRally-Android/CroMagRally-Android/android/app/.cxx/Debug/h3k1i6w1/armeabi-v7a/CMakeFiles/CMakeTmp/CheckSymbolExists.c:
/* */
#include <unistd.h>

int main(int argc, char** argv)
{
  (void)argv;
#ifndef getpagesize
  return ((int*)(&getpagesize))[argc];
#else
  (void)argc;
  return 0;
#endif
}
Determining if the getresgid exist passed with the following output:
Change Dir: /home/runner/work/CroMagRally-Android/CroMagRally-Android/android/app/.cxx/Debug/h3k1i6w1/armeabi-v7a/CMakeFiles/CMakeTmp

Run Build Command(s):/usr/local/lib/android/sdk/cmake/3.22.1/bin/ninja cmTC_618bb && [1/2] Building C object CMakeFiles/cmTC_618bb.dir/CheckSymbolExists.c.o
[2/2] Linking C executable cmTC_618bb


File /home/runner/work/CroMagRally-Android/CroMagRally-Android/android/app/.cxx/Debug/h3k1i6w1/armeabi-v7a/CMakeFiles/CMakeTmp/CheckSymbolExists.c:
/* */
#include <unistd.h>

int main(int argc, char** argv)
{
  (void)argv;
#ifndef getresgid
  return ((int*)(&getresgid))[argc];
#else
  (void)argc;
  return 0;
#endif
}
Determining if the getresuid exist passed with the following output:
Change Dir: /home/runner/work/CroMagRally-Android/CroMagRally-Android/android/app/.cxx/Debug/h3k1i6w1/armeabi-v7a/CMakeFiles/CMakeTmp

Run Build Command(s):/usr/local/lib/android/sdk/cmake/3.22.1/bin/ninja cmTC_e3908 && [1/2] Building C object CMakeFiles/cmTC_e3908.dir/CheckSymbolExists.c.o
[2/2] Linking C executable cmTC_e3908


File /home/runner/work/CroMagRally-Android/CroMagRally-Android/android/app/.cxx/Debug/h3k1i6w1/armeabi-v7a/CMakeFiles/CMakeTmp/CheckSymbolExists.c:
/* */
#include <unistd.h>

int main(int argc, char** argv)
{
  (void)argv;
#ifndef getresuid
  return ((int*)(&getresuid))[argc];
#else
  (void)argc;
  return 0;
#endif
}
Determining if the sigaction exist passed with the following output:
Change Dir: /home/runner/work/CroMagRally-Android/CroMagRally-Android/android/app/.cxx/Debug/h3k1i6w1/armeabi-v7a/CMakeFiles/CMakeTmp

Run Build Command(s):/usr/local/lib/android/sdk/cmake/3.22.1/bin/ninja cmTC_5389e && [1/2] Building C object CMakeFiles/cmTC_5389e.dir/CheckSymbolExists.c.o
[2/2] Linking C executable cmTC_5389e


File /home/runner/work/CroMagRally-Android/CroMagRally-Android/android/app/.cxx/Debug/h3k1i6w1/armeabi-v7a/CMakeFiles/CMakeTmp/CheckSymbolExists.c:
/* */
#include <signal.h>

int main(int argc, char** argv)
{
  (void)argv;
#ifndef sigaction
  return ((int*)(&sigaction))[argc];
#else
  (void)argc;
  return 0;
#endif
}
Determining if the sigtimedwait exist passed with the following output:
Change Dir: /home/runner/work/CroMagRally-Android/CroMagRally-Android/android/app/.cxx/Debug/h3k1i6w1/armeabi-v7a/CMakeFiles/CMakeTmp

Run Build Command(s):/usr/local/lib/android/sdk/cmake/3.22.1/bin/ninja cmTC_da4df && [1/2] Building C object CMakeFiles/cmTC_da4df.dir/CheckSymbolExists.c.o
[2/2] Linking C executable cmTC_da4df


File /home/runner/work/CroMagRally-Android/CroMagRally-Android/android/app/.cxx/Debug/h3k1i6w1/armeabi-v7a/CMakeFiles/CMakeTmp/CheckSymbolExists.c:
/* */
#include <signal.h>

int main(int argc, char** argv)
{
  (void)argv;
#ifndef sigtimedwait
  return ((int*)(&sigtimedwait))[argc];
#else
  (void)argc;
  return 0;
#endif
}
Determining if the setjmp exist passed with the following output:
Change Dir: /home/runner/work/CroMagRally-Android/CroMagRally-Android/android/app/.cxx/Debug/h3k1i6w1/armeabi-v7a/CMakeFiles/CMakeTmp

Run Build Command(s):/usr/local/lib/android/sdk/cmake/3.22.1/bin/ninja cmTC_e9a2e && [1/2] Building C object CMakeFiles/cmTC_e9a2e.dir/CheckSymbolExists.c.o
[2/2] Linking C executable cmTC_e9a2e


File /home/runner/work/CroMagRally-Android/CroMagRally-Android/android/app/.cxx/Debug/h3k1i6w1/armeabi-v7a/CMakeFiles/CMakeTmp/CheckSymbolExists.c:
/* */
#include <setjmp.h>

int main(int argc, char** argv)
{
  (void)argv;
#ifndef setjmp
  return ((int*)(&setjmp))[argc];
#else
  (void)argc;
  return 0;
#endif
}
Determining if the nanosleep exist passed with the following output:
Change Dir: /home/runner/work/CroMagRally-Android/CroMagRally-Android/android/app/.cxx/Debug/h3k1i6w1/armeabi-v7a/CMakeFiles/CMakeTmp

Run Build Command(s):/usr/local/lib/android/sdk/cmake/3.22.1/bin/ninja cmTC_0e1b7 && [1/2] Building C object CMakeFiles/cmTC_0e1b7.dir/CheckSymbolExists.c.o
[2/2] Linking C executable cmTC_0e1b7


File /home/runner/work/CroMagRally-Android/CroMagRally-Android/android/app/.cxx/Debug/h3k1i6w1/armeabi-v7a/CMakeFiles/CMakeTmp/CheckSymbolExists.c:
/* */
#include <time.h>

int main(int argc, char** argv)
{
  (void)argv;
#ifndef nanosleep
  return ((int*)(&nanosleep))[argc];
#else
  (void)argc;
  return 0;
#endif
}
Determining if the gmtime_r exist passed with the following output:
Change Dir: /home/runner/work/CroMagRally-Android/CroMagRally-Android/android/app/.cxx/Debug/h3k1i6w1/armeabi-v7a/CMakeFiles/CMakeTmp

Run Build Command(s):/usr/local/lib/android/sdk/cmake/3.22.1/bin/ninja cmTC_c5acd && [1/2] Building C object CMakeFiles/cmTC_c5acd.dir/CheckSymbolExists.c.o
[2/2] Linking C executable cmTC_c5acd


File /home/runner/work/CroMagRally-Android/CroMagRally-Android/android/app/.cxx/Debug/h3k1i6w1/armeabi-v7a/CMakeFiles/CMakeTmp/CheckSymbolExists.c:
/* */
#include <time.h>

int main(int argc, char** argv)
{
  (void)argv;
#ifndef gmtime_r
  return ((int*)(&gmtime_r))[argc];
#else
  (void)argc;
  return 0;
#endif
}
Determining if the localtime_r exist passed with the following output:
Change Dir: /home/runner/work/CroMagRally-Android/CroMagRally-Android/android/app/.cxx/Debug/h3k1i6w1/armeabi-v7a/CMakeFiles/CMakeTmp

Run Build Command(s):/usr/local/lib/android/sdk/cmake/3.22.1/bin/ninja cmTC_4b268 && [1/2] Building C object CMakeFiles/cmTC_4b268.dir/CheckSymbolExists.c.o
[2/2] Linking C executable cmTC_4b268


File /home/runner/work/CroMagRally-Android/CroMagRally-Android/android/app/.cxx/Debug/h3k1i6w1/armeabi-v7a/CMakeFiles/CMakeTmp/CheckSymbolExists.c:
/* */
#include <time.h>

int main(int argc, char** argv)
{
  (void)argv;
#ifndef localtime_r
  return ((int*)(&localtime_r))[argc];
#else
  (void)argc;
  return 0;
#endif
}
Determining if the sysconf exist passed with the following output:
Change Dir: /home/runner/work/CroMagRally-Android/CroMagRally-Android/android/app/.cxx/Debug/h3k1i6w1/armeabi-v7a/CMakeFiles/CMakeTmp

Run Build Command(s):/usr/local/lib/android/sdk/cmake/3.22.1/bin/ninja cmTC_63825 && [1/2] Building C object CMakeFiles/cmTC_63825.dir/CheckSymbolExists.c.o
[2/2] Linking C executable cmTC_63825


File /home/runner/work/CroMagRally-Android/CroMagRally-Android/android/app/.cxx/Debug/h3k1i6w1/armeabi-v7a/CMakeFiles/CMakeTmp/CheckSymbolExists.c:
/* */
#include <unistd.h>

int main(int argc, char** argv)
{
  (void)argv;
#ifndef sysconf
  return ((int*)(&sysconf))[argc];
#else
  (void)argc;
  return 0;
#endif
}
Determining if the getauxval exist passed with the following output:
Change Dir: /home/runner/work/CroMagRally-Android/CroMagRally-Android/android/app/.cxx/Debug/h3k1i6w1/armeabi-v7a/CMakeFiles/CMakeTmp

Run Build Command(s):/usr/local/lib/android/sdk/cmake/3.22.1/bin/ninja cmTC_5abae && [1/2] Building C object CMakeFiles/cmTC_5abae.dir/CheckSymbolExists.c.o
[2/2] Linking C executable cmTC_5abae


File /home/runner/work/CroMagRally-Android/CroMagRally-Android/android/app/.cxx/Debug/h3k1i6w1/armeabi-v7a/CMakeFiles/CMakeTmp/CheckSymbolExists.c:
/* */
#include <sys/auxv.h>

int main(int argc, char** argv)
{
  (void)argv;
#ifndef getauxval
  return ((int*)(&getauxval))[argc];
#else
  (void)argc;
  return 0;
#endif
}
Determining if the ppoll exist passed with the following output:
Change Dir: /home/runner/work/CroMagRally-Android/CroMagRally-Android/android/app/.cxx/Debug/h3k1i6w1/armeabi-v7a/CMakeFiles/CMakeTmp

Run Build Command(s):/usr/local/lib/android/sdk/cmake/3.22.1/bin/ninja cmTC_2efe2 && [1/2] Building C object CMakeFiles/cmTC_2efe2.dir/CheckSymbolExists.c.o
[2/2] Linking C executable cmTC_2efe2


File /home/runner/work/CroMagRally-Android/CroMagRally-Android/android/app/.cxx/Debug/h3k1i6w1/armeabi-v7a/CMakeFiles/CMakeTmp/CheckSymbolExists.c:
/* */
#include <poll.h>

int main(int argc, char** argv)
{
  (void)argv;
#ifndef ppoll
  return ((int*)(&ppoll))[argc];
#else
  (void)argc;
  return 0;
#endif
}
Determining if the posix_fallocate exist passed with the following output:
Change Dir: /home/runner/work/CroMagRally-Android/CroMagRally-Android/android/app/.cxx/Debug/h3k1i6w1/armeabi-v7a/CMakeFiles/CMakeTmp

Run Build Command(s):/usr/local/lib/android/sdk/cmake/3.22.1/bin/ninja cmTC_60aec && [1/2] Building C object CMakeFiles/cmTC_60aec.dir/CheckSymbolExists.c.o
[2/2] Linking C executable cmTC_60aec


File /home/runner/work/CroMagRally-Android/CroMagRally-Android/android/app/.cxx/Debug/h3k1i6w1/armeabi-v7a/CMakeFiles/CMakeTmp/CheckSymbolExists.c:
/* */
#include <fcntl.h>

int main(int argc, char** argv)
{
  (void)argv;
#ifndef posix_fallocate
  return ((int*)(&posix_fallocate))[argc];
#else
  (void)argc;
  return 0;
#endif
}
Performing C SOURCE FILE Test HAVE_SA_SIGACTION succeeded with the following output:
Change Dir: /home/runner/work/CroMagRally-Android/CroMagRally-Android/android/app/.cxx/Debug/h3k1i6w1/armeabi-v7a/CMakeFiles/CMakeTmp

Run Build Command(s):/usr/local/lib/android/sdk/cmake/3.22.1/bin/ninja cmTC_b5b53 && [1/2] Building C object CMakeFiles/cmTC_b5b53.dir/src.c.o
[2/2] Linking C executable cmTC_b5b53


Source file was:

#include <signal.h>

int main()
{
  (void)sizeof(((struct sigaction *)0)->sa_sigaction);
  return 0;
}

Performing C SOURCE FILE Test HAVE_ST_MTIM succeeded with the following output:
Change Dir: /home/runner/work/CroMagRally-Android/CroMagRally-Android/android/app/.cxx/Debug/h3k1i6w1/armeabi-v7a/CMakeFiles/CMakeTmp

Run Build Command(s):/usr/local/lib/android/sdk/cmake/3.22.1/bin/ninja cmTC_fc2c2 && [1/2] Building C object CMakeFiles/cmTC_fc2c2.dir/src.c.o
[2/2] Linking C executable cmTC_fc2c2


Source file was:

#include <sys/stat.h>

int main()
{
  (void)sizeof(((struct stat *)0)->st_mtim);
  return 0;
}

Determining if the dlopen exist passed with the following output:
Change Dir: /home/runner/work/CroMagRally-Android/CroMagRally-Android/android/app/.cxx/Debug/h3k1i6w1/armeabi-v7a/CMakeFiles/CMakeTmp

Run Build Command(s):/usr/local/lib/android/sdk/cmake/3.22.1/bin/ninja cmTC_69465 && [1/2] Building C object CMakeFiles/cmTC_69465.dir/CheckSymbolExists.c.o
[2/2] Linking C executable cmTC_69465


File /home/runner/work/CroMagRally-Android/CroMagRally-Android/android/app/.cxx/Debug/h3k1i6w1/armeabi-v7a/CMakeFiles/CMakeTmp/CheckSymbolExists.c:
/* */
#include <dlfcn.h>

int main(int argc, char** argv)
{
  (void)argv;
#ifndef dlopen
  return ((int*)(&dlopen))[argc];
#else
  (void)argc;
  return 0;
#endif
}
Performing C SOURCE FILE Test HAVE_O_CLOEXEC succeeded with the following output:
Change Dir: /home/runner/work/CroMagRally-Android/CroMagRally-Android/android/app/.cxx/Debug/h3k1i6w1/armeabi-v7a/CMakeFiles/CMakeTmp

Run Build Command(s):/usr/local/lib/android/sdk/cmake/3.22.1/bin/ninja cmTC_06503 && [1/2] Building C object CMakeFiles/cmTC_06503.dir/src.c.o
[2/2] Linking C executable cmTC_06503


Source file was:

    #include <fcntl.h>
    int flag = O_CLOEXEC;
    int main(int argc, char **argv) { return 0; }
Performing C SOURCE FILE Test HAVE_ARM_MODE succeeded with the following output:
Change Dir: /home/runner/work/CroMagRally-Android/CroMagRally-Android/android/app/.cxx/Debug/h3k1i6w1/armeabi-v7a/CMakeFiles/CMakeTmp

Run Build Command(s):/usr/local/lib/android/sdk/cmake/3.22.1/bin/ninja cmTC_a5c07 && [1/2] Building C object CMakeFiles/cmTC_a5c07.dir/src.c.o
[2/2] Linking C executable cmTC_a5c07


Source file was:
int main(void) { return 0; }
Performing C SOURCE FILE Test VULKAN_PASSED_ANDROID_CHECKS succeeded with the following output:
Change Dir: /home/runner/work/CroMagRally-Android/CroMagRally-Android/android/app/.cxx/Debug/h3k1i6w1/armeabi-v7a/CMakeFiles/CMakeTmp

Run Build Command(s):/usr/local/lib/android/sdk/cmake/3.22.1/bin/ninja cmTC_80035 && [1/2] Building C object CMakeFiles/cmTC_80035.dir/src.c.o
[2/2] Linking C executable cmTC_80035


Source file was:

      #if defined(__ARM_ARCH) && __ARM_ARCH < 7
      #error Vulkan doesn't work on this configuration
      #endif
      int main(int argc, char **argv) { return 0; }
      
Performing C SOURCE FILE Test HAVE_PTHREADS succeeded with the following output:
Change Dir: /home/runner/work/CroMagRally-Android/CroMagRally-Android/android/app/.cxx/Debug/h3k1i6w1/armeabi-v7a/CMakeFiles/CMakeTmp

Run Build Command(s):/usr/local/lib/android/sdk/cmake/3.22.1/bin/ninja cmTC_de6f0 && [1/2] Building C object CMakeFiles/cmTC_de6f0.dir/src.c.o
[2/2] Linking C executable cmTC_de6f0


Source file was:

        #include <pthread.h>
        int main(int argc, char** argv) {
          pthread_attr_t type;
          pthread_attr_init(&type);
          return 0;
        }
Performing C SOURCE FILE Test HAVE_RECURSIVE_MUTEXES succeeded with the following output:
Change Dir: /home/runner/work/CroMagRally-Android/CroMagRally-Android/android/app/.cxx/Debug/h3k1i6w1/armeabi-v7a/CMakeFiles/CMakeTmp

Run Build Command(s):/usr/local/lib/android/sdk/cmake/3.22.1/bin/ninja cmTC_66174 && [1/2] Building C object CMakeFiles/cmTC_66174.dir/src.c.o
[2/2] Linking C executable cmTC_66174


Source file was:

        #include <pthread.h>
        int main(int argc, char **argv) {
          pthread_mutexattr_t attr;
          pthread_mutexattr_settype(&attr, PTHREAD_MUTEX_RECURSIVE);
          return 0;
        }
Performing C SOURCE FILE Test HAVE_PTHREADS_SEM succeeded with the following output:
Change Dir: /home/runner/work/CroMagRally-Android/CroMagRally-Android/android/app/.cxx/Debug/h3k1i6w1/armeabi-v7a/CMakeFiles/CMakeTmp

Run Build Command(s):/usr/local/lib/android/sdk/cmake/3.22.1/bin/ninja cmTC_65db2 && [1/2] Building C object CMakeFiles/cmTC_65db2.dir/src.c.o
[2/2] Linking C executable cmTC_65db2


Source file was:
#include <pthread.h>
                                 #include <semaphore.h>
                                 int main(int argc, char **argv) { return 0; }
Performing C SOURCE FILE Test COMPILER_HAS_SEM_TIMEDWAIT succeeded with the following output:
Change Dir: /home/runner/work/CroMagRally-Android/CroMagRally-Android/android/app/.cxx/Debug/h3k1i6w1/armeabi-v7a/CMakeFiles/CMakeTmp

Run Build Command(s):/usr/local/lib/android/sdk/cmake/3.22.1/bin/ninja cmTC_b9418 && [1/2] Building C object CMakeFiles/cmTC_b9418.dir/src.c.o
/home/runner/work/CroMagRally-Android/CroMagRally-Android/android/app/.cxx/Debug/h3k1i6w1/armeabi-v7a/CMakeFiles/CMakeTmp/src.c:5:33: warning: null passed to a callee that requires a non-null argument [-Wnonnull]
    5 |                   sem_timedwait(NULL, NULL);
      |                                 ^~~~
/usr/local/lib/android/sdk/ndk/27.3.13750724/toolchains/llvm/prebuilt/linux-x86_64/lib/clang/18/include/__stddef_null.h:26:14: note: expanded from macro 'NULL'
   26 | #define NULL ((void*)0)
      |              ^~~~~~~~~~
/home/runner/work/CroMagRally-Android/CroMagRally-Android/android/app/.cxx/Debug/h3k1i6w1/armeabi-v7a/CMakeFiles/CMakeTmp/src.c:5:39: warning: null passed to a callee that requires a non-null argument [-Wnonnull]
    5 |                   sem_timedwait(NULL, NULL);
      |                                       ^~~~
/usr/local/lib/android/sdk/ndk/27.3.13750724/toolchains/llvm/prebuilt/linux-x86_64/lib/clang/18/include/__stddef_null.h:26:14: note: expanded from macro 'NULL'
   26 | #define NULL ((void*)0)
      |              ^~~~~~~~~~
2 warnings generated.
[2/2] Linking C executable cmTC_b9418


Source file was:

              #include <pthread.h>
              #include <semaphore.h>
              int main(int argc, char **argv) {
                  sem_timedwait(NULL, NULL);
                  return 0;
              }
Determining if the include file pthread.h exists passed with the following output:
Change Dir: /home/runner/work/CroMagRally-Android/CroMagRally-Android/android/app/.cxx/Debug/h3k1i6w1/armeabi-v7a/CMakeFiles/CMakeTmp

Run Build Command(s):/usr/local/lib/android/sdk/cmake/3.22.1/bin/ninja cmTC_d7b2f && [1/2] Building C object CMakeFiles/cmTC_d7b2f.dir/CheckIncludeFile.c.o
[2/2] Linking C executable cmTC_d7b2f



Performing C SOURCE FILE Test HAVE_PTHREAD_SETNAME_NP succeeded with the following output:
Change Dir: /home/runner/work/CroMagRally-Android/CroMagRally-Android/android/app/.cxx/Debug/h3k1i6w1/armeabi-v7a/CMakeFiles/CMakeTmp

Run Build Command(s):/usr/local/lib/android/sdk/cmake/3.22.1/bin/ninja cmTC_64544 && [1/2] Building C object CMakeFiles/cmTC_64544.dir/src.c.o
[2/2] Linking C executable cmTC_64544


Source file was:

            #include <pthread.h>
            int main(int argc, char **argv) {
              #ifdef __APPLE__
              pthread_setname_np("");
              #else
              pthread_setname_np(pthread_self(),"");
              #endif
              return 0;
            }
