The target system is: Android - 1 - aarch64
The host system is: Linux - 6.11.0-1018-azure - x86_64
Compiling the C compiler identification source file "CMakeCCompilerId.c" succeeded.
Compiler: /usr/local/lib/android/sdk/ndk/27.3.13750724/toolchains/llvm/prebuilt/linux-x86_64/bin/clang 
Build flags: -g;-DANDROID;-fdata-sections;-ffunction-sections;-funwind-tables;-fstack-protector-strong;-no-canonical-prefixes;-D_FORTIFY_SOURCE=2;-Wformat;-Werror=format-security;
Id flags: -c;--target=aarch64-none-linux-android24 

The output was:
0


Compilation of the C compiler identification source "CMakeCCompilerId.c" produced "CMakeCCompilerId.o"

The C compiler identification is Clang, found in "/home/runner/work/CroMagRally-Android/CroMagRally-Android/android/app/.cxx/Debug/h3k1i6w1/arm64-v8a/CMakeFiles/3.22.1-g37088a8/CompilerIdC/CMakeCCompilerId.o"

Compiling the CXX compiler identification source file "CMakeCXXCompilerId.cpp" succeeded.
Compiler: /usr/local/lib/android/sdk/ndk/27.3.13750724/toolchains/llvm/prebuilt/linux-x86_64/bin/clang++ 
Build flags: -g;-DANDROID;-fdata-sections;-ffunction-sections;-funwind-tables;-fstack-protector-strong;-no-canonical-prefixes;-D_FORTIFY_SOURCE=2;-Wformat;-Werror=format-security;;
Id flags: -c;--target=aarch64-none-linux-android24 

The output was:
0


Compilation of the CXX compiler identification source "CMakeCXXCompilerId.cpp" produced "CMakeCXXCompilerId.o"

The CXX compiler identification is Clang, found in "/home/runner/work/CroMagRally-Android/CroMagRally-Android/android/app/.cxx/Debug/h3k1i6w1/arm64-v8a/CMakeFiles/3.22.1-g37088a8/CompilerIdCXX/CMakeCXXCompilerId.o"

Detecting C compiler ABI info compiled with the following output:
Change Dir: /home/runner/work/CroMagRally-Android/CroMagRally-Android/android/app/.cxx/Debug/h3k1i6w1/arm64-v8a/CMakeFiles/CMakeTmp

Run Build Command(s):/usr/local/lib/android/sdk/cmake/3.22.1/bin/ninja cmTC_13fa5 && [1/2] Building C object CMakeFiles/cmTC_13fa5.dir/CMakeCCompilerABI.c.o
Android (13691557, +pgo, +bolt, +lto, +mlgo, based on r522817d) clang version 18.0.4 (https://android.googlesource.com/toolchain/llvm-project d8003a456d14a3deb8054cdaa529ffbf02d9b262)
Target: aarch64-none-linux-android24
Thread model: posix
InstalledDir: /usr/local/lib/android/sdk/ndk/27.3.13750724/toolchains/llvm/prebuilt/linux-x86_64/bin
 (in-process)
 "/usr/local/lib/android/sdk/ndk/27.3.13750724/toolchains/llvm/prebuilt/linux-x86_64/bin/clang" -cc1 -triple aarch64-none-linux-android24 -emit-obj -mrelax-all -disable-free -clear-ast-before-backend -disable-llvm-verifier -discard-value-names -main-file-name CMakeCCompilerABI.c -mrelocation-model pic -pic-level 2 -pic-is-pie -mframe-pointer=non-leaf -ffp-contract=on -fno-rounding-math -mconstructor-aliases -funwind-tables=2 -target-cpu generic -target-feature +neon -target-feature +v8a -target-feature +fix-cortex-a53-835769 -target-abi aapcs -debug-info-kind=constructor -dwarf-version=4 -debugger-tuning=gdb -fdebug-compilation-dir=/home/runner/work/CroMagRally-Android/CroMagRally-Android/android/app/.cxx/Debug/h3k1i6w1/arm64-v8a/CMakeFiles/CMakeTmp -v -ffunction-sections -fdata-sections -fcoverage-compilation-dir=/home/runner/work/CroMagRally-Android/CroMagRally-Android/android/app/.cxx/Debug/h3k1i6w1/arm64-v8a/CMakeFiles/CMakeTmp -resource-dir /usr/local/lib/android/sdk/ndk/27.3.13750724/toolchains/llvm/prebuilt/linux-x86_64/lib/clang/18 -dependency-file CMakeFiles/cmTC_13fa5.dir/CMakeCCompilerABI.c.o.d -MT CMakeFiles/cmTC_13fa5.dir/CMakeCCompilerABI.c.o -sys-header-deps -D ANDROID -D _FORTIFY_SOURCE=2 -isysroot /usr/local/lib/android/sdk/ndk/27.3.13750724/toolchains/llvm/prebuilt/linux-x86_64/sysroot -internal-isystem /usr/local/lib/android/sdk/ndk/27.3.13750724/toolchains/llvm/prebuilt/linux-x86_64/lib/clang/18/include -internal-isystem /usr/local/lib/android/sdk/ndk/27.3.13750724/toolchains/llvm/prebuilt/linux-x86_64/sysroot/usr/local/include -internal-externc-isystem /usr/local/lib/android/sdk/ndk/27.3.13750724/toolchains/llvm/prebuilt/linux-x86_64/sysroot/usr/include/aarch64-linux-android -internal-externc-isystem /usr/local/lib/android/sdk/ndk/27.3.13750724/toolchains/llvm/prebuilt/linux-x86_64/sysroot/include -internal-externc-isystem /usr/local/lib/android/sdk/ndk/27.3.13750724/toolchains/llvm/prebuilt/linux-x86_64/sysroot/usr/include -Wformat -ferror-limit 19 -femulated-tls -stack-protector 2 -fno-signed-char -fgnuc-version=4.2.1 -target-feature +outline-atomics -D__GCC_HAVE_DWARF2_CFI_ASM=1 -o CMakeFiles/cmTC_13fa5.dir/CMakeCCompilerABI.c.o -x c /usr/local/lib/android/sdk/cmake/3.22.1/share/cmake-3.22/Modules/CMakeCCompilerABI.c
clang -cc1 version 18.0.4 based upon LLVM 18.0.4 default target x86_64-unknown-linux-gnu
ignoring nonexistent directory "/usr/local/lib/android/sdk/ndk/27.3.13750724/toolchains/llvm/prebuilt/linux-x86_64/sysroot/usr/local/include"
ignoring nonexistent directory "/usr/local/lib/android/sdk/ndk/27.3.13750724/toolchains/llvm/prebuilt/linux-x86_64/sysroot/include"
#include "..." search starts here:
#include <...> search starts here:
 /usr/local/lib/android/sdk/ndk/27.3.13750724/toolchains/llvm/prebuilt/linux-x86_64/lib/clang/18/include
 /usr/local/lib/android/sdk/ndk/27.3.13750724/toolchains/llvm/prebuilt/linux-x86_64/sysroot/usr/include/aarch64-linux-android
 /usr/local/lib/android/sdk/ndk/27.3.13750724/toolchains/llvm/prebuilt/linux-x86_64/sysroot/usr/include
End of search list.
[2/2] Linking C executable cmTC_13fa5
Android (13691557, +pgo, +bolt, +lto, +mlgo, based on r522817d) clang version 18.0.4 (https://android.googlesource.com/toolchain/llvm-project d8003a456d14a3deb8054cdaa529ffbf02d9b262)
Target: aarch64-none-linux-android24
Thread model: posix
InstalledDir: /usr/local/lib/android/sdk/ndk/27.3.13750724/toolchains/llvm/prebuilt/linux-x86_64/bin
 "/usr/local/lib/android/sdk/ndk/27.3.13750724/toolchains/llvm/prebuilt/linux-x86_64/bin/ld.lld" --sysroot=/usr/local/lib/android/sdk/ndk/27.3.13750724/toolchains/llvm/prebuilt/linux-x86_64/sysroot -EL --fix-cortex-a53-843419 -z now -z relro -z max-page-size=4096 --hash-style=gnu --eh-frame-hdr -m aarch64linux -pie -dynamic-linker /system/bin/linker64 -o cmTC_13fa5 /usr/local/lib/android/sdk/ndk/27.3.13750724/toolchains/llvm/prebuilt/linux-x86_64/sysroot/usr/lib/aarch64-linux-android/24/crtbegin_dynamic.o -L/usr/local/lib/android/sdk/ndk/27.3.13750724/toolchains/llvm/prebuilt/linux-x86_64/lib/clang/18/lib/linux/aarch64 -L/usr/local/lib/android/sdk/ndk/27.3.13750724/toolchains/llvm/prebuilt/linux-x86_64/sysroot/usr/lib/aarch64-linux-android/24 -L/usr/local/lib/android/sdk/ndk/27.3.13750724/toolchains/llvm/prebuilt/linux-x86_64/sysroot/usr/lib/aarch64-linux-android -L/usr/local/lib/android/sdk/ndk/27.3.13750724/toolchains/llvm/prebuilt/linux-x86_64/sysroot/usr/lib --build-id=sha1 --no-rosegment --no-undefined-version --fatal-warnings --no-undefined CMakeFiles/cmTC_13fa5.dir/CMakeCCompilerABI.c.o /usr/local/lib/android/sdk/ndk/27.3.13750724/toolchains/llvm/prebuilt/linux-x86_64/lib/clang/18/lib/linux/libclang_rt.builtins-aarch64-android.a -l:libunwind.a -ldl -lc /usr/local/lib/android/sdk/ndk/27.3.13750724/toolchains/llvm/prebuilt/linux-x86_64/lib/clang/18/lib/linux/libclang_rt.builtins-aarch64-android.a -l:libunwind.a -ldl /usr/local/lib/android/sdk/ndk/27.3.13750724/toolchains/llvm/prebuilt/linux-x86_64/sysroot/usr/lib/aarch64-linux-android/24/crtend_android.o



Parsed C implicit include dir info from above output: rv=done
  found start of include info
  found start of implicit include info
    add: [/usr/local/lib/android/sdk/ndk/27.3.13750724/toolchains/llvm/prebuilt/linux-x86_64/lib/clang/18/include]
    add: [/usr/local/lib/android/sdk/ndk/27.3.13750724/toolchains/llvm/prebuilt/linux-x86_64/sysroot/usr/include/aarch64-linux-android]
    add: [/usr/local/lib/android/sdk/ndk/27.3.13750724/toolchains/llvm/prebuilt/linux-x86_64/sysroot/usr/include]
  end of search list found
  collapse include dir [/usr/local/lib/android/sdk/ndk/27.3.13750724/toolchains/llvm/prebuilt/linux-x86_64/lib/clang/18/include] ==> [/usr/local/lib/android/sdk/ndk/27.3.13750724/toolchains/llvm/prebuilt/linux-x86_64/lib/clang/18/include]
  collapse include dir [/usr/local/lib/android/sdk/ndk/27.3.13750724/toolchains/llvm/prebuilt/linux-x86_64/sysroot/usr/include/aarch64-linux-android] ==> [/usr/local/lib/android/sdk/ndk/27.3.13750724/toolchains/llvm/prebuilt/linux-x86_64/sysroot/usr/include/aarch64-linux-android]
  collapse include dir [/usr/local/lib/android/sdk/ndk/27.3.13750724/toolchains/llvm/prebuilt/linux-x86_64/sysroot/usr/include] ==> [/usr/local/lib/android/sdk/ndk/27.3.13750724/toolchains/llvm/prebuilt/linux-x86_64/sysroot/usr/include]
  implicit include dirs: [/usr/local/lib/android/sdk/ndk/27.3.13750724/toolchains/llvm/prebuilt/linux-x86_64/lib/clang/18/include;/usr/local/lib/android/sdk/ndk/27.3.13750724/toolchains/llvm/prebuilt/linux-x86_64/sysroot/usr/include/aarch64-linux-android;/usr/local/lib/android/sdk/ndk/27.3.13750724/toolchains/llvm/prebuilt/linux-x86_64/sysroot/usr/include]


Parsed C implicit link information from above output:
  link line regex: [^( *|.*[/\])(ld\.lld|CMAKE_LINK_STARTFILE-NOTFOUND|([^/\]+-)?ld|collect2)[^/\]*( |$)]
  ignore line: [Change Dir: /home/runner/work/CroMagRally-Android/CroMagRally-Android/android/app/.cxx/Debug/h3k1i6w1/arm64-v8a/CMakeFiles/CMakeTmp]
  ignore line: []
  ignore line: [Run Build Command(s):/usr/local/lib/android/sdk/cmake/3.22.1/bin/ninja cmTC_13fa5 && [1/2] Building C object CMakeFiles/cmTC_13fa5.dir/CMakeCCompilerABI.c.o]
  ignore line: [Android (13691557  +pgo  +bolt  +lto  +mlgo  based on r522817d) clang version 18.0.4 (https://android.googlesource.com/toolchain/llvm-project d8003a456d14a3deb8054cdaa529ffbf02d9b262)]
  ignore line: [Target: aarch64-none-linux-android24]
  ignore line: [Thread model: posix]
  ignore line: [InstalledDir: /usr/local/lib/android/sdk/ndk/27.3.13750724/toolchains/llvm/prebuilt/linux-x86_64/bin]
  ignore line: [ (in-process)]
  ignore line: [ "/usr/local/lib/android/sdk/ndk/27.3.13750724/toolchains/llvm/prebuilt/linux-x86_64/bin/clang" -cc1 -triple aarch64-none-linux-android24 -emit-obj -mrelax-all -disable-free -clear-ast-before-backend -disable-llvm-verifier -discard-value-names -main-file-name CMakeCCompilerABI.c -mrelocation-model pic -pic-level 2 -pic-is-pie -mframe-pointer=non-leaf -ffp-contract=on -fno-rounding-math -mconstructor-aliases -funwind-tables=2 -target-cpu generic -target-feature +neon -target-feature +v8a -target-feature +fix-cortex-a53-835769 -target-abi aapcs -debug-info-kind=constructor -dwarf-version=4 -debugger-tuning=gdb -fdebug-compilation-dir=/home/runner/work/CroMagRally-Android/CroMagRally-Android/android/app/.cxx/Debug/h3k1i6w1/arm64-v8a/CMakeFiles/CMakeTmp -v -ffunction-sections -fdata-sections -fcoverage-compilation-dir=/home/runner/work/CroMagRally-Android/CroMagRally-Android/android/app/.cxx/Debug/h3k1i6w1/arm64-v8a/CMakeFiles/CMakeTmp -resource-dir /usr/local/lib/android/sdk/ndk/27.3.13750724/toolchains/llvm/prebuilt/linux-x86_64/lib/clang/18 -dependency-file CMakeFiles/cmTC_13fa5.dir/CMakeCCompilerABI.c.o.d -MT CMakeFiles/cmTC_13fa5.dir/CMakeCCompilerABI.c.o -sys-header-deps -D ANDROID -D _FORTIFY_SOURCE=2 -isysroot /usr/local/lib/android/sdk/ndk/27.3.13750724/toolchains/llvm/prebuilt/linux-x86_64/sysroot -internal-isystem /usr/local/lib/android/sdk/ndk/27.3.13750724/toolchains/llvm/prebuilt/linux-x86_64/lib/clang/18/include -internal-isystem /usr/local/lib/android/sdk/ndk/27.3.13750724/toolchains/llvm/prebuilt/linux-x86_64/sysroot/usr/local/include -internal-externc-isystem /usr/local/lib/android/sdk/ndk/27.3.13750724/toolchains/llvm/prebuilt/linux-x86_64/sysroot/usr/include/aarch64-linux-android -internal-externc-isystem /usr/local/lib/android/sdk/ndk/27.3.13750724/toolchains/llvm/prebuilt/linux-x86_64/sysroot/include -internal-externc-isystem /usr/local/lib/android/sdk/ndk/27.3.13750724/toolchains/llvm/prebuilt/linux-x86_64/sysroot/usr/include -Wformat -ferror-limit 19 -femulated-tls -stack-protector 2 -fno-signed-char -fgnuc-version=4.2.1 -target-feature +outline-atomics -D__GCC_HAVE_DWARF2_CFI_ASM=1 -o CMakeFiles/cmTC_13fa5.dir/CMakeCCompilerABI.c.o -x c /usr/local/lib/android/sdk/cmake/3.22.1/share/cmake-3.22/Modules/CMakeCCompilerABI.c]
  ignore line: [clang -cc1 version 18.0.4 based upon LLVM 18.0.4 default target x86_64-unknown-linux-gnu]
  ignore line: [ignoring nonexistent directory "/usr/local/lib/android/sdk/ndk/27.3.13750724/toolchains/llvm/prebuilt/linux-x86_64/sysroot/usr/local/include"]
  ignore line: [ignoring nonexistent directory "/usr/local/lib/android/sdk/ndk/27.3.13750724/toolchains/llvm/prebuilt/linux-x86_64/sysroot/include"]
  ignore line: [#include "..." search starts here:]
  ignore line: [#include <...> search starts here:]
  ignore line: [ /usr/local/lib/android/sdk/ndk/27.3.13750724/toolchains/llvm/prebuilt/linux-x86_64/lib/clang/18/include]
  ignore line: [ /usr/local/lib/android/sdk/ndk/27.3.13750724/toolchains/llvm/prebuilt/linux-x86_64/sysroot/usr/include/aarch64-linux-android]
  ignore line: [ /usr/local/lib/android/sdk/ndk/27.3.13750724/toolchains/llvm/prebuilt/linux-x86_64/sysroot/usr/include]
  ignore line: [End of search list.]
  ignore line: [[2/2] Linking C executable cmTC_13fa5]
  ignore line: [Android (13691557  +pgo  +bolt  +lto  +mlgo  based on r522817d) clang version 18.0.4 (https://android.googlesource.com/toolchain/llvm-project d8003a456d14a3deb8054cdaa529ffbf02d9b262)]
  ignore line: [Target: aarch64-none-linux-android24]
  ignore line: [Thread model: posix]
  ignore line: [InstalledDir: /usr/local/lib/android/sdk/ndk/27.3.13750724/toolchains/llvm/prebuilt/linux-x86_64/bin]
  link line: [ "/usr/local/lib/android/sdk/ndk/27.3.13750724/toolchains/llvm/prebuilt/linux-x86_64/bin/ld.lld" --sysroot=/usr/local/lib/android/sdk/ndk/27.3.13750724/toolchains/llvm/prebuilt/linux-x86_64/sysroot -EL --fix-cortex-a53-843419 -z now -z relro -z max-page-size=4096 --hash-style=gnu --eh-frame-hdr -m aarch64linux -pie -dynamic-linker /system/bin/linker64 -o cmTC_13fa5 /usr/local/lib/android/sdk/ndk/27.3.13750724/toolchains/llvm/prebuilt/linux-x86_64/sysroot/usr/lib/aarch64-linux-android/24/crtbegin_dynamic.o -L/usr/local/lib/android/sdk/ndk/27.3.13750724/toolchains/llvm/prebuilt/linux-x86_64/lib/clang/18/lib/linux/aarch64 -L/usr/local/lib/android/sdk/ndk/27.3.13750724/toolchains/llvm/prebuilt/linux-x86_64/sysroot/usr/lib/aarch64-linux-android/24 -L/usr/local/lib/android/sdk/ndk/27.3.13750724/toolchains/llvm/prebuilt/linux-x86_64/sysroot/usr/lib/aarch64-linux-android -L/usr/local/lib/android/sdk/ndk/27.3.13750724/toolchains/llvm/prebuilt/linux-x86_64/sysroot/usr/lib --build-id=sha1 --no-rosegment --no-undefined-version --fatal-warnings --no-undefined CMakeFiles/cmTC_13fa5.dir/CMakeCCompilerABI.c.o /usr/local/lib/android/sdk/ndk/27.3.13750724/toolchains/llvm/prebuilt/linux-x86_64/lib/clang/18/lib/linux/libclang_rt.builtins-aarch64-android.a -l:libunwind.a -ldl -lc /usr/local/lib/android/sdk/ndk/27.3.13750724/toolchains/llvm/prebuilt/linux-x86_64/lib/clang/18/lib/linux/libclang_rt.builtins-aarch64-android.a -l:libunwind.a -ldl /usr/local/lib/android/sdk/ndk/27.3.13750724/toolchains/llvm/prebuilt/linux-x86_64/sysroot/usr/lib/aarch64-linux-android/24/crtend_android.o]
    arg [/usr/local/lib/android/sdk/ndk/27.3.13750724/toolchains/llvm/prebuilt/linux-x86_64/bin/ld.lld] ==> ignore
    arg [--sysroot=/usr/local/lib/android/sdk/ndk/27.3.13750724/toolchains/llvm/prebuilt/linux-x86_64/sysroot] ==> ignore
    arg [-EL] ==> ignore
    arg [--fix-cortex-a53-843419] ==> ignore
    arg [-znow] ==> ignore
    arg [-zrelro] ==> ignore
    arg [-zmax-page-size=4096] ==> ignore
    arg [--hash-style=gnu] ==> ignore
    arg [--eh-frame-hdr] ==> ignore
    arg [-m] ==> ignore
    arg [aarch64linux] ==> ignore
    arg [-pie] ==> ignore
    arg [-dynamic-linker] ==> ignore
    arg [/system/bin/linker64] ==> ignore
    arg [-o] ==> ignore
    arg [cmTC_13fa5] ==> ignore
    arg [/usr/local/lib/android/sdk/ndk/27.3.13750724/toolchains/llvm/prebuilt/linux-x86_64/sysroot/usr/lib/aarch64-linux-android/24/crtbegin_dynamic.o] ==> obj [/usr/local/lib/android/sdk/ndk/27.3.13750724/toolchains/llvm/prebuilt/linux-x86_64/sysroot/usr/lib/aarch64-linux-android/24/crtbegin_dynamic.o]
    arg [-L/usr/local/lib/android/sdk/ndk/27.3.13750724/toolchains/llvm/prebuilt/linux-x86_64/lib/clang/18/lib/linux/aarch64] ==> dir [/usr/local/lib/android/sdk/ndk/27.3.13750724/toolchains/llvm/prebuilt/linux-x86_64/lib/clang/18/lib/linux/aarch64]
    arg [-L/usr/local/lib/android/sdk/ndk/27.3.13750724/toolchains/llvm/prebuilt/linux-x86_64/sysroot/usr/lib/aarch64-linux-android/24] ==> dir [/usr/local/lib/android/sdk/ndk/27.3.13750724/toolchains/llvm/prebuilt/linux-x86_64/sysroot/usr/lib/aarch64-linux-android/24]
    arg [-L/usr/local/lib/android/sdk/ndk/27.3.13750724/toolchains/llvm/prebuilt/linux-x86_64/sysroot/usr/lib/aarch64-linux-android] ==> dir [/usr/local/lib/android/sdk/ndk/27.3.13750724/toolchains/llvm/prebuilt/linux-x86_64/sysroot/usr/lib/aarch64-linux-android]
    arg [-L/usr/local/lib/android/sdk/ndk/27.3.13750724/toolchains/llvm/prebuilt/linux-x86_64/sysroot/usr/lib] ==> dir [/usr/local/lib/android/sdk/ndk/27.3.13750724/toolchains/llvm/prebuilt/linux-x86_64/sysroot/usr/lib]
    arg [--build-id=sha1] ==> ignore
    arg [--no-rosegment] ==> ignore
    arg [--no-undefined-version] ==> ignore
    arg [--fatal-warnings] ==> ignore
    arg [--no-undefined] ==> ignore
    arg [CMakeFiles/cmTC_13fa5.dir/CMakeCCompilerABI.c.o] ==> ignore
    arg [/usr/local/lib/android/sdk/ndk/27.3.13750724/toolchains/llvm/prebuilt/linux-x86_64/lib/clang/18/lib/linux/libclang_rt.builtins-aarch64-android.a] ==> lib [/usr/local/lib/android/sdk/ndk/27.3.13750724/toolchains/llvm/prebuilt/linux-x86_64/lib/clang/18/lib/linux/libclang_rt.builtins-aarch64-android.a]
    arg [-l:libunwind.a] ==> lib [-l:libunwind.a]
    arg [-ldl] ==> lib [dl]
    arg [-lc] ==> lib [c]
    arg [/usr/local/lib/android/sdk/ndk/27.3.13750724/toolchains/llvm/prebuilt/linux-x86_64/lib/clang/18/lib/linux/libclang_rt.builtins-aarch64-android.a] ==> lib [/usr/local/lib/android/sdk/ndk/27.3.13750724/toolchains/llvm/prebuilt/linux-x86_64/lib/clang/18/lib/linux/libclang_rt.builtins-aarch64-android.a]
    arg [-l:libunwind.a] ==> lib [-l:libunwind.a]
    arg [-ldl] ==> lib [dl]
    arg [/usr/local/lib/android/sdk/ndk/27.3.13750724/toolchains/llvm/prebuilt/linux-x86_64/sysroot/usr/lib/aarch64-linux-android/24/crtend_android.o] ==> obj [/usr/local/lib/android/sdk/ndk/27.3.13750724/toolchains/llvm/prebuilt/linux-x86_64/sysroot/usr/lib/aarch64-linux-android/24/crtend_android.o]
  remove lib [/usr/local/lib/android/sdk/ndk/27.3.13750724/toolchains/llvm/prebuilt/linux-x86_64/lib/clang/18/lib/linux/libclang_rt.builtins-aarch64-android.a]
  remove lib [/usr/local/lib/android/sdk/ndk/27.3.13750724/toolchains/llvm/prebuilt/linux-x86_64/lib/clang/18/lib/linux/libclang_rt.builtins-aarch64-android.a]
  collapse library dir [/usr/local/lib/android/sdk/ndk/27.3.13750724/toolchains/llvm/prebuilt/linux-x86_64/lib/clang/18/lib/linux/aarch64] ==> [/usr/local/lib/android/sdk/ndk/27.3.13750724/toolchains/llvm/prebuilt/linux-x86_64/lib/clang/18/lib/linux/aarch64]
  collapse library dir [/usr/local/lib/android/sdk/ndk/27.3.13750724/toolchains/llvm/prebuilt/linux-x86_64/sysroot/usr/lib/aarch64-linux-android/24] ==> [/usr/local/lib/android/sdk/ndk/27.3.13750724/toolchains/llvm/prebuilt/linux-x86_64/sysroot/usr/lib/aarch64-linux-android/24]
  collapse library dir [/usr/local/lib/android/sdk/ndk/27.3.13750724/toolchains/llvm/prebuilt/linux-x86_64/sysroot/usr/lib/aarch64-linux-android] ==> [/usr/local/lib/android/sdk/ndk/27.3.13750724/toolchains/llvm/prebuilt/linux-x86_64/sysroot/usr/lib/aarch64-linux-android]
  collapse library dir [/usr/local/lib/android/sdk/ndk/27.3.13750724/toolchains/llvm/prebuilt/linux-x86_64/sysroot/usr/lib] ==> [/usr/local/lib/android/sdk/ndk/27.3.13750724/toolchains/llvm/prebuilt/linux-x86_64/sysroot/usr/lib]
  implicit libs: [-l:libunwind.a;dl;c;-l:libunwind.a;dl]
  implicit objs: [/usr/local/lib/android/sdk/ndk/27.3.13750724/toolchains/llvm/prebuilt/linux-x86_64/sysroot/usr/lib/aarch64-linux-android/24/crtbegin_dynamic.o;/usr/local/lib/android/sdk/ndk/27.3.13750724/toolchains/llvm/prebuilt/linux-x86_64/sysroot/usr/lib/aarch64-linux-android/24/crtend_android.o]
  implicit dirs: [/usr/local/lib/android/sdk/ndk/27.3.13750724/toolchains/llvm/prebuilt/linux-x86_64/lib/clang/18/lib/linux/aarch64;/usr/local/lib/android/sdk/ndk/27.3.13750724/toolchains/llvm/prebuilt/linux-x86_64/sysroot/usr/lib/aarch64-linux-android/24;/usr/local/lib/android/sdk/ndk/27.3.13750724/toolchains/llvm/prebuilt/linux-x86_64/sysroot/usr/lib/aarch64-linux-android;/usr/local/lib/android/sdk/ndk/27.3.13750724/toolchains/llvm/prebuilt/linux-x86_64/sysroot/usr/lib]
  implicit fwks: []


Detecting CXX compiler ABI info compiled with the following output:
Change Dir: /home/runner/work/CroMagRally-Android/CroMagRally-Android/android/app/.cxx/Debug/h3k1i6w1/arm64-v8a/CMakeFiles/CMakeTmp

Run Build Command(s):/usr/local/lib/android/sdk/cmake/3.22.1/bin/ninja cmTC_34a4e && [1/2] Building CXX object CMakeFiles/cmTC_34a4e.dir/CMakeCXXCompilerABI.cpp.o
Android (13691557, +pgo, +bolt, +lto, +mlgo, based on r522817d) clang version 18.0.4 (https://android.googlesource.com/toolchain/llvm-project d8003a456d14a3deb8054cdaa529ffbf02d9b262)
Target: aarch64-none-linux-android24
Thread model: posix
InstalledDir: /usr/local/lib/android/sdk/ndk/27.3.13750724/toolchains/llvm/prebuilt/linux-x86_64/bin
 (in-process)
 "/usr/local/lib/android/sdk/ndk/27.3.13750724/toolchains/llvm/prebuilt/linux-x86_64/bin/clang++" -cc1 -triple aarch64-none-linux-android24 -emit-obj -mrelax-all -disable-free -clear-ast-before-backend -disable-llvm-verifier -discard-value-names -main-file-name CMakeCXXCompilerABI.cpp -mrelocation-model pic -pic-level 2 -pic-is-pie -mframe-pointer=non-leaf -ffp-contract=on -fno-rounding-math -mconstructor-aliases -funwind-tables=2 -target-cpu generic -target-feature +neon -target-feature +v8a -target-feature +fix-cortex-a53-835769 -target-abi aapcs -debug-info-kind=constructor -dwarf-version=4 -debugger-tuning=gdb -fdebug-compilation-dir=/home/runner/work/CroMagRally-Android/CroMagRally-Android/android/app/.cxx/Debug/h3k1i6w1/arm64-v8a/CMakeFiles/CMakeTmp -v -ffunction-sections -fdata-sections -fcoverage-compilation-dir=/home/runner/work/CroMagRally-Android/CroMagRally-Android/android/app/.cxx/Debug/h3k1i6w1/arm64-v8a/CMakeFiles/CMakeTmp -resource-dir /usr/local/lib/android/sdk/ndk/27.3.13750724/toolchains/llvm/prebuilt/linux-x86_64/lib/clang/18 -dependency-file CMakeFiles/cmTC_34a4e.dir/CMakeCXXCompilerABI.cpp.o.d -MT CMakeFiles/cmTC_34a4e.dir/CMakeCXXCompilerABI.cpp.o -sys-header-deps -D ANDROID -D _FORTIFY_SOURCE=2 -isysroot /usr/local/lib/android/sdk/ndk/27.3.13750724/toolchains/llvm/prebuilt/linux-x86_64/sysroot -internal-isystem /usr/local/lib/android/sdk/ndk/27.3.13750724/toolchains/llvm/prebuilt/linux-x86_64/sysroot/usr/include/c++/v1 -internal-isystem /usr/local/lib/android/sdk/ndk/27.3.13750724/toolchains/llvm/prebuilt/linux-x86_64/lib/clang/18/include -internal-isystem /usr/local/lib/android/sdk/ndk/27.3.13750724/toolchains/llvm/prebuilt/linux-x86_64/sysroot/usr/local/include -internal-externc-isystem /usr/local/lib/android/sdk/ndk/27.3.13750724/toolchains/llvm/prebuilt/linux-x86_64/sysroot/usr/include/aarch64-linux-android -internal-externc-isystem /usr/local/lib/android/sdk/ndk/27.3.13750724/toolchains/llvm/prebuilt/linux-x86_64/sysroot/include -internal-externc-isystem /usr/local/lib/android/sdk/ndk/27.3.13750724/toolchains/llvm/prebuilt/linux-x86_64/sysroot/usr/include -Wformat -std=gnu++20 -fdeprecated-macro -ferror-limit 19 -femulated-tls -stack-protector 2 -fno-signed-char -fgnuc-version=4.2.1 -fno-implicit-modules -fcxx-exceptions -fexceptions -target-feature +outline-atomics -D__GCC_HAVE_DWARF2_CFI_ASM=1 -o CMakeFiles/cmTC_34a4e.dir/CMakeCXXCompilerABI.cpp.o -x c++ /usr/local/lib/android/sdk/cmake/3.22.1/share/cmake-3.22/Modules/CMakeCXXCompilerABI.cpp
clang -cc1 version 18.0.4 based upon LLVM 18.0.4 default target x86_64-unknown-linux-gnu
ignoring nonexistent directory "/usr/local/lib/android/sdk/ndk/27.3.13750724/toolchains/llvm/prebuilt/linux-x86_64/sysroot/usr/local/include"
ignoring nonexistent directory "/usr/local/lib/android/sdk/ndk/27.3.13750724/toolchains/llvm/prebuilt/linux-x86_64/sysroot/include"
#include "..." search starts here:
#include <...> search starts here:
 /usr/local/lib/android/sdk/ndk/27.3.13750724/toolchains/llvm/prebuilt/linux-x86_64/sysroot/usr/include/c++/v1
 /usr/local/lib/android/sdk/ndk/27.3.13750724/toolchains/llvm/prebuilt/linux-x86_64/lib/clang/18/include
 /usr/local/lib/android/sdk/ndk/27.3.13750724/toolchains/llvm/prebuilt/linux-x86_64/sysroot/usr/include/aarch64-linux-android
 /usr/local/lib/android/sdk/ndk/27.3.13750724/toolchains/llvm/prebuilt/linux-x86_64/sysroot/usr/include
End of search list.
[2/2] Linking CXX executable cmTC_34a4e
Android (13691557, +pgo, +bolt, +lto, +mlgo, based on r522817d) clang version 18.0.4 (https://android.googlesource.com/toolchain/llvm-project d8003a456d14a3deb8054cdaa529ffbf02d9b262)
Target: aarch64-none-linux-android24
Thread model: posix
InstalledDir: /usr/local/lib/android/sdk/ndk/27.3.13750724/toolchains/llvm/prebuilt/linux-x86_64/bin
 "/usr/local/lib/android/sdk/ndk/27.3.13750724/toolchains/llvm/prebuilt/linux-x86_64/bin/ld.lld" --sysroot=/usr/local/lib/android/sdk/ndk/27.3.13750724/toolchains/llvm/prebuilt/linux-x86_64/sysroot -EL --fix-cortex-a53-843419 -z now -z relro -z max-page-size=4096 --hash-style=gnu --eh-frame-hdr -m aarch64linux -pie -dynamic-linker /system/bin/linker64 -o cmTC_34a4e /usr/local/lib/android/sdk/ndk/27.3.13750724/toolchains/llvm/prebuilt/linux-x86_64/sysroot/usr/lib/aarch64-linux-android/24/crtbegin_dynamic.o -L/usr/local/lib/android/sdk/ndk/27.3.13750724/toolchains/llvm/prebuilt/linux-x86_64/lib/clang/18/lib/linux/aarch64 -L/usr/local/lib/android/sdk/ndk/27.3.13750724/toolchains/llvm/prebuilt/linux-x86_64/sysroot/usr/lib/aarch64-linux-android/24 -L/usr/local/lib/android/sdk/ndk/27.3.13750724/toolchains/llvm/prebuilt/linux-x86_64/sysroot/usr/lib/aarch64-linux-android -L/usr/local/lib/android/sdk/ndk/27.3.13750724/toolchains/llvm/prebuilt/linux-x86_64/sysroot/usr/lib --build-id=sha1 --no-rosegment --no-undefined-version --fatal-warnings --no-undefined CMakeFiles/cmTC_34a4e.dir/CMakeCXXCompilerABI.cpp.o -lc++ -lm /usr/local/lib/android/sdk/ndk/27.3.13750724/toolchains/llvm/prebuilt/linux-x86_64/lib/clang/18/lib/linux/libclang_rt.builtins-aarch64-android.a -l:libunwind.a -ldl -lc /usr/local/lib/android/sdk/ndk/27.3.13750724/toolchains/llvm/prebuilt/linux-x86_64/lib/clang/18/lib/linux/libclang_rt.builtins-aarch64-android.a -l:libunwind.a -ldl /usr/local/lib/android/sdk/ndk/27.3.13750724/toolchains/llvm/prebuilt/linux-x86_64/sysroot/usr/lib/aarch64-linux-android/24/crtend_android.o



Parsed CXX implicit include dir info from above output: rv=done
  found start of include info
  found start of implicit include info
    add: [/usr/local/lib/android/sdk/ndk/27.3.13750724/toolchains/llvm/prebuilt/linux-x86_64/sysroot/usr/include/c++/v1]
    add: [/usr/local/lib/android/sdk/ndk/27.3.13750724/toolchains/llvm/prebuilt/linux-x86_64/lib/clang/18/include]
    add: [/usr/local/lib/android/sdk/ndk/27.3.13750724/toolchains/llvm/prebuilt/linux-x86_64/sysroot/usr/include/aarch64-linux-android]
    add: [/usr/local/lib/android/sdk/ndk/27.3.13750724/toolchains/llvm/prebuilt/linux-x86_64/sysroot/usr/include]
  end of search list found
  collapse include dir [/usr/local/lib/android/sdk/ndk/27.3.13750724/toolchains/llvm/prebuilt/linux-x86_64/sysroot/usr/include/c++/v1] ==> [/usr/local/lib/android/sdk/ndk/27.3.13750724/toolchains/llvm/prebuilt/linux-x86_64/sysroot/usr/include/c++/v1]
  collapse include dir [/usr/local/lib/android/sdk/ndk/27.3.13750724/toolchains/llvm/prebuilt/linux-x86_64/lib/clang/18/include] ==> [/usr/local/lib/android/sdk/ndk/27.3.13750724/toolchains/llvm/prebuilt/linux-x86_64/lib/clang/18/include]
  collapse include dir [/usr/local/lib/android/sdk/ndk/27.3.13750724/toolchains/llvm/prebuilt/linux-x86_64/sysroot/usr/include/aarch64-linux-android] ==> [/usr/local/lib/android/sdk/ndk/27.3.13750724/toolchains/llvm/prebuilt/linux-x86_64/sysroot/usr/include/aarch64-linux-android]
  collapse include dir [/usr/local/lib/android/sdk/ndk/27.3.13750724/toolchains/llvm/prebuilt/linux-x86_64/sysroot/usr/include] ==> [/usr/local/lib/android/sdk/ndk/27.3.13750724/toolchains/llvm/prebuilt/linux-x86_64/sysroot/usr/include]
  implicit include dirs: [/usr/local/lib/android/sdk/ndk/27.3.13750724/toolchains/llvm/prebuilt/linux-x86_64/sysroot/usr/include/c++/v1;/usr/local/lib/android/sdk/ndk/27.3.13750724/toolchains/llvm/prebuilt/linux-x86_64/lib/clang/18/include;/usr/local/lib/android/sdk/ndk/27.3.13750724/toolchains/llvm/prebuilt/linux-x86_64/sysroot/usr/include/aarch64-linux-android;/usr/local/lib/android/sdk/ndk/27.3.13750724/toolchains/llvm/prebuilt/linux-x86_64/sysroot/usr/include]


Parsed CXX implicit link information from above output:
  link line regex: [^( *|.*[/\])(ld\.lld|CMAKE_LINK_STARTFILE-NOTFOUND|([^/\]+-)?ld|collect2)[^/\]*( |$)]
  ignore line: [Change Dir: /home/runner/work/CroMagRally-Android/CroMagRally-Android/android/app/.cxx/Debug/h3k1i6w1/arm64-v8a/CMakeFiles/CMakeTmp]
  ignore line: []
  ignore line: [Run Build Command(s):/usr/local/lib/android/sdk/cmake/3.22.1/bin/ninja cmTC_34a4e && [1/2] Building CXX object CMakeFiles/cmTC_34a4e.dir/CMakeCXXCompilerABI.cpp.o]
  ignore line: [Android (13691557  +pgo  +bolt  +lto  +mlgo  based on r522817d) clang version 18.0.4 (https://android.googlesource.com/toolchain/llvm-project d8003a456d14a3deb8054cdaa529ffbf02d9b262)]
  ignore line: [Target: aarch64-none-linux-android24]
  ignore line: [Thread model: posix]
  ignore line: [InstalledDir: /usr/local/lib/android/sdk/ndk/27.3.13750724/toolchains/llvm/prebuilt/linux-x86_64/bin]
  ignore line: [ (in-process)]
  ignore line: [ "/usr/local/lib/android/sdk/ndk/27.3.13750724/toolchains/llvm/prebuilt/linux-x86_64/bin/clang++" -cc1 -triple aarch64-none-linux-android24 -emit-obj -mrelax-all -disable-free -clear-ast-before-backend -disable-llvm-verifier -discard-value-names -main-file-name CMakeCXXCompilerABI.cpp -mrelocation-model pic -pic-level 2 -pic-is-pie -mframe-pointer=non-leaf -ffp-contract=on -fno-rounding-math -mconstructor-aliases -funwind-tables=2 -target-cpu generic -target-feature +neon -target-feature +v8a -target-feature +fix-cortex-a53-835769 -target-abi aapcs -debug-info-kind=constructor -dwarf-version=4 -debugger-tuning=gdb -fdebug-compilation-dir=/home/runner/work/CroMagRally-Android/CroMagRally-Android/android/app/.cxx/Debug/h3k1i6w1/arm64-v8a/CMakeFiles/CMakeTmp -v -ffunction-sections -fdata-sections -fcoverage-compilation-dir=/home/runner/work/CroMagRally-Android/CroMagRally-Android/android/app/.cxx/Debug/h3k1i6w1/arm64-v8a/CMakeFiles/CMakeTmp -resource-dir /usr/local/lib/android/sdk/ndk/27.3.13750724/toolchains/llvm/prebuilt/linux-x86_64/lib/clang/18 -dependency-file CMakeFiles/cmTC_34a4e.dir/CMakeCXXCompilerABI.cpp.o.d -MT CMakeFiles/cmTC_34a4e.dir/CMakeCXXCompilerABI.cpp.o -sys-header-deps -D ANDROID -D _FORTIFY_SOURCE=2 -isysroot /usr/local/lib/android/sdk/ndk/27.3.13750724/toolchains/llvm/prebuilt/linux-x86_64/sysroot -internal-isystem /usr/local/lib/android/sdk/ndk/27.3.13750724/toolchains/llvm/prebuilt/linux-x86_64/sysroot/usr/include/c++/v1 -internal-isystem /usr/local/lib/android/sdk/ndk/27.3.13750724/toolchains/llvm/prebuilt/linux-x86_64/lib/clang/18/include -internal-isystem /usr/local/lib/android/sdk/ndk/27.3.13750724/toolchains/llvm/prebuilt/linux-x86_64/sysroot/usr/local/include -internal-externc-isystem /usr/local/lib/android/sdk/ndk/27.3.13750724/toolchains/llvm/prebuilt/linux-x86_64/sysroot/usr/include/aarch64-linux-android -internal-externc-isystem /usr/local/lib/android/sdk/ndk/27.3.13750724/toolchains/llvm/prebuilt/linux-x86_64/sysroot/include -internal-externc-isystem /usr/local/lib/android/sdk/ndk/27.3.13750724/toolchains/llvm/prebuilt/linux-x86_64/sysroot/usr/include -Wformat -std=gnu++20 -fdeprecated-macro -ferror-limit 19 -femulated-tls -stack-protector 2 -fno-signed-char -fgnuc-version=4.2.1 -fno-implicit-modules -fcxx-exceptions -fexceptions -target-feature +outline-atomics -D__GCC_HAVE_DWARF2_CFI_ASM=1 -o CMakeFiles/cmTC_34a4e.dir/CMakeCXXCompilerABI.cpp.o -x c++ /usr/local/lib/android/sdk/cmake/3.22.1/share/cmake-3.22/Modules/CMakeCXXCompilerABI.cpp]
  ignore line: [clang -cc1 version 18.0.4 based upon LLVM 18.0.4 default target x86_64-unknown-linux-gnu]
  ignore line: [ignoring nonexistent directory "/usr/local/lib/android/sdk/ndk/27.3.13750724/toolchains/llvm/prebuilt/linux-x86_64/sysroot/usr/local/include"]
  ignore line: [ignoring nonexistent directory "/usr/local/lib/android/sdk/ndk/27.3.13750724/toolchains/llvm/prebuilt/linux-x86_64/sysroot/include"]
  ignore line: [#include "..." search starts here:]
  ignore line: [#include <...> search starts here:]
  ignore line: [ /usr/local/lib/android/sdk/ndk/27.3.13750724/toolchains/llvm/prebuilt/linux-x86_64/sysroot/usr/include/c++/v1]
  ignore line: [ /usr/local/lib/android/sdk/ndk/27.3.13750724/toolchains/llvm/prebuilt/linux-x86_64/lib/clang/18/include]
  ignore line: [ /usr/local/lib/android/sdk/ndk/27.3.13750724/toolchains/llvm/prebuilt/linux-x86_64/sysroot/usr/include/aarch64-linux-android]
  ignore line: [ /usr/local/lib/android/sdk/ndk/27.3.13750724/toolchains/llvm/prebuilt/linux-x86_64/sysroot/usr/include]
  ignore line: [End of search list.]
  ignore line: [[2/2] Linking CXX executable cmTC_34a4e]
  ignore line: [Android (13691557  +pgo  +bolt  +lto  +mlgo  based on r522817d) clang version 18.0.4 (https://android.googlesource.com/toolchain/llvm-project d8003a456d14a3deb8054cdaa529ffbf02d9b262)]
  ignore line: [Target: aarch64-none-linux-android24]
  ignore line: [Thread model: posix]
  ignore line: [InstalledDir: /usr/local/lib/android/sdk/ndk/27.3.13750724/toolchains/llvm/prebuilt/linux-x86_64/bin]
  link line: [ "/usr/local/lib/android/sdk/ndk/27.3.13750724/toolchains/llvm/prebuilt/linux-x86_64/bin/ld.lld" --sysroot=/usr/local/lib/android/sdk/ndk/27.3.13750724/toolchains/llvm/prebuilt/linux-x86_64/sysroot -EL --fix-cortex-a53-843419 -z now -z relro -z max-page-size=4096 --hash-style=gnu --eh-frame-hdr -m aarch64linux -pie -dynamic-linker /system/bin/linker64 -o cmTC_34a4e /usr/local/lib/android/sdk/ndk/27.3.13750724/toolchains/llvm/prebuilt/linux-x86_64/sysroot/usr/lib/aarch64-linux-android/24/crtbegin_dynamic.o -L/usr/local/lib/android/sdk/ndk/27.3.13750724/toolchains/llvm/prebuilt/linux-x86_64/lib/clang/18/lib/linux/aarch64 -L/usr/local/lib/android/sdk/ndk/27.3.13750724/toolchains/llvm/prebuilt/linux-x86_64/sysroot/usr/lib/aarch64-linux-android/24 -L/usr/local/lib/android/sdk/ndk/27.3.13750724/toolchains/llvm/prebuilt/linux-x86_64/sysroot/usr/lib/aarch64-linux-android -L/usr/local/lib/android/sdk/ndk/27.3.13750724/toolchains/llvm/prebuilt/linux-x86_64/sysroot/usr/lib --build-id=sha1 --no-rosegment --no-undefined-version --fatal-warnings --no-undefined CMakeFiles/cmTC_34a4e.dir/CMakeCXXCompilerABI.cpp.o -lc++ -lm /usr/local/lib/android/sdk/ndk/27.3.13750724/toolchains/llvm/prebuilt/linux-x86_64/lib/clang/18/lib/linux/libclang_rt.builtins-aarch64-android.a -l:libunwind.a -ldl -lc /usr/local/lib/android/sdk/ndk/27.3.13750724/toolchains/llvm/prebuilt/linux-x86_64/lib/clang/18/lib/linux/libclang_rt.builtins-aarch64-android.a -l:libunwind.a -ldl /usr/local/lib/android/sdk/ndk/27.3.13750724/toolchains/llvm/prebuilt/linux-x86_64/sysroot/usr/lib/aarch64-linux-android/24/crtend_android.o]
    arg [/usr/local/lib/android/sdk/ndk/27.3.13750724/toolchains/llvm/prebuilt/linux-x86_64/bin/ld.lld] ==> ignore
    arg [--sysroot=/usr/local/lib/android/sdk/ndk/27.3.13750724/toolchains/llvm/prebuilt/linux-x86_64/sysroot] ==> ignore
    arg [-EL] ==> ignore
    arg [--fix-cortex-a53-843419] ==> ignore
    arg [-znow] ==> ignore
    arg [-zrelro] ==> ignore
    arg [-zmax-page-size=4096] ==> ignore
    arg [--hash-style=gnu] ==> ignore
    arg [--eh-frame-hdr] ==> ignore
    arg [-m] ==> ignore
    arg [aarch64linux] ==> ignore
    arg [-pie] ==> ignore
    arg [-dynamic-linker] ==> ignore
    arg [/system/bin/linker64] ==> ignore
    arg [-o] ==> ignore
    arg [cmTC_34a4e] ==> ignore
    arg [/usr/local/lib/android/sdk/ndk/27.3.13750724/toolchains/llvm/prebuilt/linux-x86_64/sysroot/usr/lib/aarch64-linux-android/24/crtbegin_dynamic.o] ==> obj [/usr/local/lib/android/sdk/ndk/27.3.13750724/toolchains/llvm/prebuilt/linux-x86_64/sysroot/usr/lib/aarch64-linux-android/24/crtbegin_dynamic.o]
    arg [-L/usr/local/lib/android/sdk/ndk/27.3.13750724/toolchains/llvm/prebuilt/linux-x86_64/lib/clang/18/lib/linux/aarch64] ==> dir [/usr/local/lib/android/sdk/ndk/27.3.13750724/toolchains/llvm/prebuilt/linux-x86_64/lib/clang/18/lib/linux/aarch64]
    arg [-L/usr/local/lib/android/sdk/ndk/27.3.13750724/toolchains/llvm/prebuilt/linux-x86_64/sysroot/usr/lib/aarch64-linux-android/24] ==> dir [/usr/local/lib/android/sdk/ndk/27.3.13750724/toolchains/llvm/prebuilt/linux-x86_64/sysroot/usr/lib/aarch64-linux-android/24]
    arg [-L/usr/local/lib/android/sdk/ndk/27.3.13750724/toolchains/llvm/prebuilt/linux-x86_64/sysroot/usr/lib/aarch64-linux-android] ==> dir [/usr/local/lib/android/sdk/ndk/27.3.13750724/toolchains/llvm/prebuilt/linux-x86_64/sysroot/usr/lib/aarch64-linux-android]
    arg [-L/usr/local/lib/android/sdk/ndk/27.3.13750724/toolchains/llvm/prebuilt/linux-x86_64/sysroot/usr/lib] ==> dir [/usr/local/lib/android/sdk/ndk/27.3.13750724/toolchains/llvm/prebuilt/linux-x86_64/sysroot/usr/lib]
    arg [--build-id=sha1] ==> ignore
    arg [--no-rosegment] ==> ignore
    arg [--no-undefined-version] ==> ignore
    arg [--fatal-warnings] ==> ignore
    arg [--no-undefined] ==> ignore
    arg [CMakeFiles/cmTC_34a4e.dir/CMakeCXXCompilerABI.cpp.o] ==> ignore
    arg [-lc++] ==> lib [c++]
    arg [-lm] ==> lib [m]
    arg [/usr/local/lib/android/sdk/ndk/27.3.13750724/toolchains/llvm/prebuilt/linux-x86_64/lib/clang/18/lib/linux/libclang_rt.builtins-aarch64-android.a] ==> lib [/usr/local/lib/android/sdk/ndk/27.3.13750724/toolchains/llvm/prebuilt/linux-x86_64/lib/clang/18/lib/linux/libclang_rt.builtins-aarch64-android.a]
    arg [-l:libunwind.a] ==> lib [-l:libunwind.a]
    arg [-ldl] ==> lib [dl]
    arg [-lc] ==> lib [c]
    arg [/usr/local/lib/android/sdk/ndk/27.3.13750724/toolchains/llvm/prebuilt/linux-x86_64/lib/clang/18/lib/linux/libclang_rt.builtins-aarch64-android.a] ==> lib [/usr/local/lib/android/sdk/ndk/27.3.13750724/toolchains/llvm/prebuilt/linux-x86_64/lib/clang/18/lib/linux/libclang_rt.builtins-aarch64-android.a]
    arg [-l:libunwind.a] ==> lib [-l:libunwind.a]
    arg [-ldl] ==> lib [dl]
    arg [/usr/local/lib/android/sdk/ndk/27.3.13750724/toolchains/llvm/prebuilt/linux-x86_64/sysroot/usr/lib/aarch64-linux-android/24/crtend_android.o] ==> obj [/usr/local/lib/android/sdk/ndk/27.3.13750724/toolchains/llvm/prebuilt/linux-x86_64/sysroot/usr/lib/aarch64-linux-android/24/crtend_android.o]
  remove lib [/usr/local/lib/android/sdk/ndk/27.3.13750724/toolchains/llvm/prebuilt/linux-x86_64/lib/clang/18/lib/linux/libclang_rt.builtins-aarch64-android.a]
  remove lib [/usr/local/lib/android/sdk/ndk/27.3.13750724/toolchains/llvm/prebuilt/linux-x86_64/lib/clang/18/lib/linux/libclang_rt.builtins-aarch64-android.a]
  collapse library dir [/usr/local/lib/android/sdk/ndk/27.3.13750724/toolchains/llvm/prebuilt/linux-x86_64/lib/clang/18/lib/linux/aarch64] ==> [/usr/local/lib/android/sdk/ndk/27.3.13750724/toolchains/llvm/prebuilt/linux-x86_64/lib/clang/18/lib/linux/aarch64]
  collapse library dir [/usr/local/lib/android/sdk/ndk/27.3.13750724/toolchains/llvm/prebuilt/linux-x86_64/sysroot/usr/lib/aarch64-linux-android/24] ==> [/usr/local/lib/android/sdk/ndk/27.3.13750724/toolchains/llvm/prebuilt/linux-x86_64/sysroot/usr/lib/aarch64-linux-android/24]
  collapse library dir [/usr/local/lib/android/sdk/ndk/27.3.13750724/toolchains/llvm/prebuilt/linux-x86_64/sysroot/usr/lib/aarch64-linux-android] ==> [/usr/local/lib/android/sdk/ndk/27.3.13750724/toolchains/llvm/prebuilt/linux-x86_64/sysroot/usr/lib/aarch64-linux-android]
  collapse library dir [/usr/local/lib/android/sdk/ndk/27.3.13750724/toolchains/llvm/prebuilt/linux-x86_64/sysroot/usr/lib] ==> [/usr/local/lib/android/sdk/ndk/27.3.13750724/toolchains/llvm/prebuilt/linux-x86_64/sysroot/usr/lib]
  implicit libs: [c++;m;-l:libunwind.a;dl;c;-l:libunwind.a;dl]
  implicit objs: [/usr/local/lib/android/sdk/ndk/27.3.13750724/toolchains/llvm/prebuilt/linux-x86_64/sysroot/usr/lib/aarch64-linux-android/24/crtbegin_dynamic.o;/usr/local/lib/android/sdk/ndk/27.3.13750724/toolchains/llvm/prebuilt/linux-x86_64/sysroot/usr/lib/aarch64-linux-android/24/crtend_android.o]
  implicit dirs: [/usr/local/lib/android/sdk/ndk/27.3.13750724/toolchains/llvm/prebuilt/linux-x86_64/lib/clang/18/lib/linux/aarch64;/usr/local/lib/android/sdk/ndk/27.3.13750724/toolchains/llvm/prebuilt/linux-x86_64/sysroot/usr/lib/aarch64-linux-android/24;/usr/local/lib/android/sdk/ndk/27.3.13750724/toolchains/llvm/prebuilt/linux-x86_64/sysroot/usr/lib/aarch64-linux-android;/usr/local/lib/android/sdk/ndk/27.3.13750724/toolchains/llvm/prebuilt/linux-x86_64/sysroot/usr/lib]
  implicit fwks: []


Performing C SOURCE FILE Test HAVE_GCC_WALL succeeded with the following output:
Change Dir: /home/runner/work/CroMagRally-Android/CroMagRally-Android/android/app/.cxx/Debug/h3k1i6w1/arm64-v8a/CMakeFiles/CMakeTmp

Run Build Command(s):/usr/local/lib/android/sdk/cmake/3.22.1/bin/ninja cmTC_116eb && [1/2] Building C object CMakeFiles/cmTC_116eb.dir/src.c.o
[2/2] Linking C executable cmTC_116eb


Source file was:
int main(void) { return 0; }
Performing C SOURCE FILE Test HAVE_GCC_WUNDEF succeeded with the following output:
Change Dir: /home/runner/work/CroMagRally-Android/CroMagRally-Android/android/app/.cxx/Debug/h3k1i6w1/arm64-v8a/CMakeFiles/CMakeTmp

Run Build Command(s):/usr/local/lib/android/sdk/cmake/3.22.1/bin/ninja cmTC_49001 && [1/2] Building C object CMakeFiles/cmTC_49001.dir/src.c.o
[2/2] Linking C executable cmTC_49001


Source file was:
int main(void) { return 0; }
Performing C SOURCE FILE Test HAVE_GCC_WFLOAT_CONVERSION succeeded with the following output:
Change Dir: /home/runner/work/CroMagRally-Android/CroMagRally-Android/android/app/.cxx/Debug/h3k1i6w1/arm64-v8a/CMakeFiles/CMakeTmp

Run Build Command(s):/usr/local/lib/android/sdk/cmake/3.22.1/bin/ninja cmTC_51920 && [1/2] Building C object CMakeFiles/cmTC_51920.dir/src.c.o
[2/2] Linking C executable cmTC_51920


Source file was:
int main(void) { return 0; }
Performing C SOURCE FILE Test HAVE_GCC_NO_STRICT_ALIASING succeeded with the following output:
Change Dir: /home/runner/work/CroMagRally-Android/CroMagRally-Android/android/app/.cxx/Debug/h3k1i6w1/arm64-v8a/CMakeFiles/CMakeTmp

Run Build Command(s):/usr/local/lib/android/sdk/cmake/3.22.1/bin/ninja cmTC_0ab09 && [1/2] Building C object CMakeFiles/cmTC_0ab09.dir/src.c.o
[2/2] Linking C executable cmTC_0ab09


Source file was:
int main(void) { return 0; }
Performing C SOURCE FILE Test HAVE_GCC_WDOCUMENTATION succeeded with the following output:
Change Dir: /home/runner/work/CroMagRally-Android/CroMagRally-Android/android/app/.cxx/Debug/h3k1i6w1/arm64-v8a/CMakeFiles/CMakeTmp

Run Build Command(s):/usr/local/lib/android/sdk/cmake/3.22.1/bin/ninja cmTC_d7064 && [1/2] Building C object CMakeFiles/cmTC_d7064.dir/src.c.o
[2/2] Linking C executable cmTC_d7064


Source file was:
int main(void) { return 0; }
Performing C SOURCE FILE Test HAVE_GCC_WDOCUMENTATION_UNKNOWN_COMMAND succeeded with the following output:
Change Dir: /home/runner/work/CroMagRally-Android/CroMagRally-Android/android/app/.cxx/Debug/h3k1i6w1/arm64-v8a/CMakeFiles/CMakeTmp

Run Build Command(s):/usr/local/lib/android/sdk/cmake/3.22.1/bin/ninja cmTC_6b0cc && [1/2] Building C object CMakeFiles/cmTC_6b0cc.dir/src.c.o
[2/2] Linking C executable cmTC_6b0cc


Source file was:
int main(void) { return 0; }
Performing C SOURCE FILE Test HAVE_GCC_COMMENT_BLOCK_COMMANDS succeeded with the following output:
Change Dir: /home/runner/work/CroMagRally-Android/CroMagRally-Android/android/app/.cxx/Debug/h3k1i6w1/arm64-v8a/CMakeFiles/CMakeTmp

Run Build Command(s):/usr/local/lib/android/sdk/cmake/3.22.1/bin/ninja cmTC_c5f7b && [1/2] Building C object CMakeFiles/cmTC_c5f7b.dir/src.c.o
[2/2] Linking C executable cmTC_c5f7b


Source file was:
int main(void) { return 0; }
Performing C SOURCE FILE Test HAVE_GCC_WSHADOW succeeded with the following output:
Change Dir: /home/runner/work/CroMagRally-Android/CroMagRally-Android/android/app/.cxx/Debug/h3k1i6w1/arm64-v8a/CMakeFiles/CMakeTmp

Run Build Command(s):/usr/local/lib/android/sdk/cmake/3.22.1/bin/ninja cmTC_66d5f && [1/2] Building C object CMakeFiles/cmTC_66d5f.dir/src.c.o
[2/2] Linking C executable cmTC_66d5f


Source file was:
int main(void) { return 0; }
Performing C SOURCE FILE Test HAVE_GCC_WUNUSED_LOCAL_TYPEDEFS succeeded with the following output:
Change Dir: /home/runner/work/CroMagRally-Android/CroMagRally-Android/android/app/.cxx/Debug/h3k1i6w1/arm64-v8a/CMakeFiles/CMakeTmp

Run Build Command(s):/usr/local/lib/android/sdk/cmake/3.22.1/bin/ninja cmTC_7fe2f && [1/2] Building C object CMakeFiles/cmTC_7fe2f.dir/src.c.o
[2/2] Linking C executable cmTC_7fe2f


Source file was:
int main(void) { return 0; }
Performing C SOURCE FILE Test HAVE_GCC_WIMPLICIT_FALLTHROUGH succeeded with the following output:
Change Dir: /home/runner/work/CroMagRally-Android/CroMagRally-Android/android/app/.cxx/Debug/h3k1i6w1/arm64-v8a/CMakeFiles/CMakeTmp

Run Build Command(s):/usr/local/lib/android/sdk/cmake/3.22.1/bin/ninja cmTC_0385e && [1/2] Building C object CMakeFiles/cmTC_0385e.dir/src.c.o
[2/2] Linking C executable cmTC_0385e


Source file was:
int main(void) { return 0; }
Performing C SOURCE FILE Test COMPILER_SUPPORTS_FCOLOR_DIAGNOSTICS succeeded with the following output:
Change Dir: /home/runner/work/CroMagRally-Android/CroMagRally-Android/android/app/.cxx/Debug/h3k1i6w1/arm64-v8a/CMakeFiles/CMakeTmp

Run Build Command(s):/usr/local/lib/android/sdk/cmake/3.22.1/bin/ninja cmTC_2d215 && [1/2] Building C object CMakeFiles/cmTC_2d215.dir/src.c.o
[2/2] Linking C executable cmTC_2d215


Source file was:
int main(void) { return 0; }
Performing C SOURCE FILE Test HAVE_WL_VERSION_SCRIPT succeeded with the following output:
Change Dir: /home/runner/work/CroMagRally-Android/CroMagRally-Android/android/app/.cxx/Debug/h3k1i6w1/arm64-v8a/CMakeFiles/CMakeTmp

Run Build Command(s):/usr/local/lib/android/sdk/cmake/3.22.1/bin/ninja cmTC_d1688 && [1/2] Building C object CMakeFiles/cmTC_d1688.dir/src.c.o
[2/2] Linking C executable cmTC_d1688


Source file was:
int func(void) {return 0;} int main(int argc,char*argv[]){(void)argc;(void)argv;return func();}
Performing C SOURCE FILE Test COMPILER_SUPPORTS_GCC_ATOMICS succeeded with the following output:
Change Dir: /home/runner/work/CroMagRally-Android/CroMagRally-Android/android/app/.cxx/Debug/h3k1i6w1/arm64-v8a/CMakeFiles/CMakeTmp

Run Build Command(s):/usr/local/lib/android/sdk/cmake/3.22.1/bin/ninja cmTC_fa922 && [1/2] Building C object CMakeFiles/cmTC_fa922.dir/src.c.o
[2/2] Linking C executable cmTC_fa922


Source file was:
int main(int argc, char **argv) {
        int a;
        void *x, *y, *z;
        __sync_lock_test_and_set(&a, 4);
        __sync_lock_test_and_set(&x, y);
        __sync_fetch_and_add(&a, 1);
        __sync_bool_compare_and_swap(&a, 5, 10);
        __sync_bool_compare_and_swap(&x, y, z);
        return 0; }
Performing C SOURCE FILE Test HAVE_GCC_FVISIBILITY succeeded with the following output:
Change Dir: /home/runner/work/CroMagRally-Android/CroMagRally-Android/android/app/.cxx/Debug/h3k1i6w1/arm64-v8a/CMakeFiles/CMakeTmp

Run Build Command(s):/usr/local/lib/android/sdk/cmake/3.22.1/bin/ninja cmTC_cebd2 && [1/2] Building C object CMakeFiles/cmTC_cebd2.dir/src.c.o
[2/2] Linking C executable cmTC_cebd2


Source file was:

      #if !defined(__GNUC__) || __GNUC__ < 4
      #error SDL only uses visibility attributes in GCC 4 or newer
      #endif
      __attribute__((visibility("default"))) int foo(void);
      __attribute__((visibility("hidden")))  int bar(void);
      int foo(void) { return 0; }
      int bar(void) { return 1; }
      int main(void) { return 0; }
Performing C SOURCE FILE Test LINKER_SUPPORTS_WL_NO_UNDEFINED succeeded with the following output:
Change Dir: /home/runner/work/CroMagRally-Android/CroMagRally-Android/android/app/.cxx/Debug/h3k1i6w1/arm64-v8a/CMakeFiles/CMakeTmp

Run Build Command(s):/usr/local/lib/android/sdk/cmake/3.22.1/bin/ninja cmTC_119ac && [1/2] Building C object CMakeFiles/cmTC_119ac.dir/src.c.o
[2/2] Linking C executable cmTC_119ac


Source file was:
int main() { return 0; }
Performing C SOURCE FILE Test COMPILER_SUPPORTS_ARMNEON succeeded with the following output:
Change Dir: /home/runner/work/CroMagRally-Android/CroMagRally-Android/android/app/.cxx/Debug/h3k1i6w1/arm64-v8a/CMakeFiles/CMakeTmp

Run Build Command(s):/usr/local/lib/android/sdk/cmake/3.22.1/bin/ninja cmTC_45079 && [1/2] Building C object CMakeFiles/cmTC_45079.dir/src.c.o
[2/2] Linking C executable cmTC_45079


Source file was:

    #if 0
    # if defined(__arm__) || defined(__aarch64__)
    #  define test_enabled 1
    # else
    #  define test_enabled 0 /* feign success in Apple multi-arch configs */
    # endif
    #else                    /* test normally */
    # define test_enabled 1
    #endif
    #if test_enabled
          #include <arm_neon.h>
      void floats_add(float *dest, float *a, float *b, unsigned size) {
        for (; size >= 4; size -= 4, dest += 4, a += 4, b += 4) {
          vst1q_f32(dest, vaddq_f32(vld1q_f32(a), vld1q_f32(b)));
        }
      }
      int main(int argc, char *argv[]) {
        floats_add((float*)0, (float*)0, (float*)0, 0);
        return 0;
      }
    #else
    int main(int argc, char *argv[]) {
      (void)argc;
      (void)argv;
      return 0;
    }
    #endif
Determining if the include file alloca.h exists passed with the following output:
Change Dir: /home/runner/work/CroMagRally-Android/CroMagRally-Android/android/app/.cxx/Debug/h3k1i6w1/arm64-v8a/CMakeFiles/CMakeTmp

Run Build Command(s):/usr/local/lib/android/sdk/cmake/3.22.1/bin/ninja cmTC_683de && [1/2] Building C object CMakeFiles/cmTC_683de.dir/CheckIncludeFile.c.o
[2/2] Linking C executable cmTC_683de



Determining if the include file float.h exists passed with the following output:
Change Dir: /home/runner/work/CroMagRally-Android/CroMagRally-Android/android/app/.cxx/Debug/h3k1i6w1/arm64-v8a/CMakeFiles/CMakeTmp

Run Build Command(s):/usr/local/lib/android/sdk/cmake/3.22.1/bin/ninja cmTC_d0842 && [1/2] Building C object CMakeFiles/cmTC_d0842.dir/CheckIncludeFile.c.o
[2/2] Linking C executable cmTC_d0842



Determining if the include file iconv.h exists passed with the following output:
Change Dir: /home/runner/work/CroMagRally-Android/CroMagRally-Android/android/app/.cxx/Debug/h3k1i6w1/arm64-v8a/CMakeFiles/CMakeTmp

Run Build Command(s):/usr/local/lib/android/sdk/cmake/3.22.1/bin/ninja cmTC_3f4c1 && [1/2] Building C object CMakeFiles/cmTC_3f4c1.dir/CheckIncludeFile.c.o
[2/2] Linking C executable cmTC_3f4c1



Determining if the include file inttypes.h exists passed with the following output:
Change Dir: /home/runner/work/CroMagRally-Android/CroMagRally-Android/android/app/.cxx/Debug/h3k1i6w1/arm64-v8a/CMakeFiles/CMakeTmp

Run Build Command(s):/usr/local/lib/android/sdk/cmake/3.22.1/bin/ninja cmTC_af427 && [1/2] Building C object CMakeFiles/cmTC_af427.dir/CheckIncludeFile.c.o
[2/2] Linking C executable cmTC_af427



Determining if the include file limits.h exists passed with the following output:
Change Dir: /home/runner/work/CroMagRally-Android/CroMagRally-Android/android/app/.cxx/Debug/h3k1i6w1/arm64-v8a/CMakeFiles/CMakeTmp

Run Build Command(s):/usr/local/lib/android/sdk/cmake/3.22.1/bin/ninja cmTC_add1c && [1/2] Building C object CMakeFiles/cmTC_add1c.dir/CheckIncludeFile.c.o
[2/2] Linking C executable cmTC_add1c



Determining if the include file malloc.h exists passed with the following output:
Change Dir: /home/runner/work/CroMagRally-Android/CroMagRally-Android/android/app/.cxx/Debug/h3k1i6w1/arm64-v8a/CMakeFiles/CMakeTmp

Run Build Command(s):/usr/local/lib/android/sdk/cmake/3.22.1/bin/ninja cmTC_a886c && [1/2] Building C object CMakeFiles/cmTC_a886c.dir/CheckIncludeFile.c.o
[2/2] Linking C executable cmTC_a886c



Determining if the include file math.h exists passed with the following output:
Change Dir: /home/runner/work/CroMagRally-Android/CroMagRally-Android/android/app/.cxx/Debug/h3k1i6w1/arm64-v8a/CMakeFiles/CMakeTmp

Run Build Command(s):/usr/local/lib/android/sdk/cmake/3.22.1/bin/ninja cmTC_cfc05 && [1/2] Building C object CMakeFiles/cmTC_cfc05.dir/CheckIncludeFile.c.o
[2/2] Linking C executable cmTC_cfc05



Determining if the include file memory.h exists passed with the following output:
Change Dir: /home/runner/work/CroMagRally-Android/CroMagRally-Android/android/app/.cxx/Debug/h3k1i6w1/arm64-v8a/CMakeFiles/CMakeTmp

Run Build Command(s):/usr/local/lib/android/sdk/cmake/3.22.1/bin/ninja cmTC_9d669 && [1/2] Building C object CMakeFiles/cmTC_9d669.dir/CheckIncludeFile.c.o
[2/2] Linking C executable cmTC_9d669



Determining if the include file signal.h exists passed with the following output:
Change Dir: /home/runner/work/CroMagRally-Android/CroMagRally-Android/android/app/.cxx/Debug/h3k1i6w1/arm64-v8a/CMakeFiles/CMakeTmp

Run Build Command(s):/usr/local/lib/android/sdk/cmake/3.22.1/bin/ninja cmTC_d4911 && [1/2] Building C object CMakeFiles/cmTC_d4911.dir/CheckIncludeFile.c.o
[2/2] Linking C executable cmTC_d4911



Determining if the include file stdarg.h exists passed with the following output:
Change Dir: /home/runner/work/CroMagRally-Android/CroMagRally-Android/android/app/.cxx/Debug/h3k1i6w1/arm64-v8a/CMakeFiles/CMakeTmp

Run Build Command(s):/usr/local/lib/android/sdk/cmake/3.22.1/bin/ninja cmTC_4c67f && [1/2] Building C object CMakeFiles/cmTC_4c67f.dir/CheckIncludeFile.c.o
[2/2] Linking C executable cmTC_4c67f



Determining if the include file stdbool.h exists passed with the following output:
Change Dir: /home/runner/work/CroMagRally-Android/CroMagRally-Android/android/app/.cxx/Debug/h3k1i6w1/arm64-v8a/CMakeFiles/CMakeTmp

Run Build Command(s):/usr/local/lib/android/sdk/cmake/3.22.1/bin/ninja cmTC_880a7 && [1/2] Building C object CMakeFiles/cmTC_880a7.dir/CheckIncludeFile.c.o
[2/2] Linking C executable cmTC_880a7



Determining if the include file stddef.h exists passed with the following output:
Change Dir: /home/runner/work/CroMagRally-Android/CroMagRally-Android/android/app/.cxx/Debug/h3k1i6w1/arm64-v8a/CMakeFiles/CMakeTmp

Run Build Command(s):/usr/local/lib/android/sdk/cmake/3.22.1/bin/ninja cmTC_bdc03 && [1/2] Building C object CMakeFiles/cmTC_bdc03.dir/CheckIncludeFile.c.o
[2/2] Linking C executable cmTC_bdc03



Determining if the include file stdint.h exists passed with the following output:
Change Dir: /home/runner/work/CroMagRally-Android/CroMagRally-Android/android/app/.cxx/Debug/h3k1i6w1/arm64-v8a/CMakeFiles/CMakeTmp

Run Build Command(s):/usr/local/lib/android/sdk/cmake/3.22.1/bin/ninja cmTC_849eb && [1/2] Building C object CMakeFiles/cmTC_849eb.dir/CheckIncludeFile.c.o
[2/2] Linking C executable cmTC_849eb



Determining if the include file stdio.h exists passed with the following output:
Change Dir: /home/runner/work/CroMagRally-Android/CroMagRally-Android/android/app/.cxx/Debug/h3k1i6w1/arm64-v8a/CMakeFiles/CMakeTmp

Run Build Command(s):/usr/local/lib/android/sdk/cmake/3.22.1/bin/ninja cmTC_9b617 && [1/2] Building C object CMakeFiles/cmTC_9b617.dir/CheckIncludeFile.c.o
[2/2] Linking C executable cmTC_9b617



Determining if the include file stdlib.h exists passed with the following output:
Change Dir: /home/runner/work/CroMagRally-Android/CroMagRally-Android/android/app/.cxx/Debug/h3k1i6w1/arm64-v8a/CMakeFiles/CMakeTmp

Run Build Command(s):/usr/local/lib/android/sdk/cmake/3.22.1/bin/ninja cmTC_61373 && [1/2] Building C object CMakeFiles/cmTC_61373.dir/CheckIncludeFile.c.o
[2/2] Linking C executable cmTC_61373



Determining if the include file string.h exists passed with the following output:
Change Dir: /home/runner/work/CroMagRally-Android/CroMagRally-Android/android/app/.cxx/Debug/h3k1i6w1/arm64-v8a/CMakeFiles/CMakeTmp

Run Build Command(s):/usr/local/lib/android/sdk/cmake/3.22.1/bin/ninja cmTC_7746b && [1/2] Building C object CMakeFiles/cmTC_7746b.dir/CheckIncludeFile.c.o
[2/2] Linking C executable cmTC_7746b



Determining if the include file strings.h exists passed with the following output:
Change Dir: /home/runner/work/CroMagRally-Android/CroMagRally-Android/android/app/.cxx/Debug/h3k1i6w1/arm64-v8a/CMakeFiles/CMakeTmp

Run Build Command(s):/usr/local/lib/android/sdk/cmake/3.22.1/bin/ninja cmTC_35e48 && [1/2] Building C object CMakeFiles/cmTC_35e48.dir/CheckIncludeFile.c.o
[2/2] Linking C executable cmTC_35e48



Determining if the include file sys/types.h exists passed with the following output:
Change Dir: /home/runner/work/CroMagRally-Android/CroMagRally-Android/android/app/.cxx/Debug/h3k1i6w1/arm64-v8a/CMakeFiles/CMakeTmp

Run Build Command(s):/usr/local/lib/android/sdk/cmake/3.22.1/bin/ninja cmTC_11e79 && [1/2] Building C object CMakeFiles/cmTC_11e79.dir/CheckIncludeFile.c.o
[2/2] Linking C executable cmTC_11e79



Determining if the include file time.h exists passed with the following output:
Change Dir: /home/runner/work/CroMagRally-Android/CroMagRally-Android/android/app/.cxx/Debug/h3k1i6w1/arm64-v8a/CMakeFiles/CMakeTmp

Run Build Command(s):/usr/local/lib/android/sdk/cmake/3.22.1/bin/ninja cmTC_3c44b && [1/2] Building C object CMakeFiles/cmTC_3c44b.dir/CheckIncludeFile.c.o
[2/2] Linking C executable cmTC_3c44b



Determining if the include file wchar.h exists passed with the following output:
Change Dir: /home/runner/work/CroMagRally-Android/CroMagRally-Android/android/app/.cxx/Debug/h3k1i6w1/arm64-v8a/CMakeFiles/CMakeTmp

Run Build Command(s):/usr/local/lib/android/sdk/cmake/3.22.1/bin/ninja cmTC_64ae2 && [1/2] Building C object CMakeFiles/cmTC_64ae2.dir/CheckIncludeFile.c.o
[2/2] Linking C executable cmTC_64ae2



Determining if the function pow exists in the m passed with the following output:
Change Dir: /home/runner/work/CroMagRally-Android/CroMagRally-Android/android/app/.cxx/Debug/h3k1i6w1/arm64-v8a/CMakeFiles/CMakeTmp

Run Build Command(s):/usr/local/lib/android/sdk/cmake/3.22.1/bin/ninja cmTC_28f67 && [1/2] Building C object CMakeFiles/cmTC_28f67.dir/CheckFunctionExists.c.o
/usr/local/lib/android/sdk/cmake/3.22.1/share/cmake-3.22/Modules/CheckFunctionExists.c:7:3: warning: incompatible redeclaration of library function 'pow' [-Wincompatible-library-redeclaration]
    7 |   CHECK_FUNCTION_EXISTS(void);
      |   ^
<command line>:3:31: note: expanded from macro 'CHECK_FUNCTION_EXISTS'
    3 | #define CHECK_FUNCTION_EXISTS pow
      |                               ^
/usr/local/lib/android/sdk/cmake/3.22.1/share/cmake-3.22/Modules/CheckFunctionExists.c:7:3: note: 'pow' is a builtin with type 'double (double, double)'
<command line>:3:31: note: expanded from macro 'CHECK_FUNCTION_EXISTS'
    3 | #define CHECK_FUNCTION_EXISTS pow
      |                               ^
1 warning generated.
[2/2] Linking C executable cmTC_28f67



Determining if the abs exist passed with the following output:
Change Dir: /home/runner/work/CroMagRally-Android/CroMagRally-Android/android/app/.cxx/Debug/h3k1i6w1/arm64-v8a/CMakeFiles/CMakeTmp

Run Build Command(s):/usr/local/lib/android/sdk/cmake/3.22.1/bin/ninja cmTC_41be1 && [1/2] Building C object CMakeFiles/cmTC_41be1.dir/CheckSymbolExists.c.o
[2/2] Linking C executable cmTC_41be1


File /home/runner/work/CroMagRally-Android/CroMagRally-Android/android/app/.cxx/Debug/h3k1i6w1/arm64-v8a/CMakeFiles/CMakeTmp/CheckSymbolExists.c:
/* */
#include <float.h>
#include <iconv.h>
#include <inttypes.h>
#include <limits.h>
#include <malloc.h>
#include <math.h>
#include <memory.h>
#include <signal.h>
#include <stdarg.h>
#include <stdbool.h>
#include <stddef.h>
#include <stdint.h>
#include <stdio.h>
#include <stdlib.h>
#include <string.h>
#include <strings.h>
#include <sys/types.h>
#include <time.h>
#include <wchar.h>

int main(int argc, char** argv)
{
  (void)argv;
#ifndef abs
  return ((int*)(&abs))[argc];
#else
  (void)argc;
  return 0;
#endif
}
Determining if the acos exist passed with the following output:
Change Dir: /home/runner/work/CroMagRally-Android/CroMagRally-Android/android/app/.cxx/Debug/h3k1i6w1/arm64-v8a/CMakeFiles/CMakeTmp

Run Build Command(s):/usr/local/lib/android/sdk/cmake/3.22.1/bin/ninja cmTC_e9f9d && [1/2] Building C object CMakeFiles/cmTC_e9f9d.dir/CheckSymbolExists.c.o
[2/2] Linking C executable cmTC_e9f9d


File /home/runner/work/CroMagRally-Android/CroMagRally-Android/android/app/.cxx/Debug/h3k1i6w1/arm64-v8a/CMakeFiles/CMakeTmp/CheckSymbolExists.c:
/* */
#include <float.h>
#include <iconv.h>
#include <inttypes.h>
#include <limits.h>
#include <malloc.h>
#include <math.h>
#include <memory.h>
#include <signal.h>
#include <stdarg.h>
#include <stdbool.h>
#include <stddef.h>
#include <stdint.h>
#include <stdio.h>
#include <stdlib.h>
#include <string.h>
#include <strings.h>
#include <sys/types.h>
#include <time.h>
#include <wchar.h>

int main(int argc, char** argv)
{
  (void)argv;
#ifndef acos
  return ((int*)(&acos))[argc];
#else
  (void)argc;
  return 0;
#endif
}
Determining if the acosf exist passed with the following output:
Change Dir: /home/runner/work/CroMagRally-Android/CroMagRally-Android/android/app/.cxx/Debug/h3k1i6w1/arm64-v8a/CMakeFiles/CMakeTmp

Run Build Command(s):/usr/local/lib/android/sdk/cmake/3.22.1/bin/ninja cmTC_3dd0d && [1/2] Building C object CMakeFiles/cmTC_3dd0d.dir/CheckSymbolExists.c.o
[2/2] Linking C executable cmTC_3dd0d


File /home/runner/work/CroMagRally-Android/CroMagRally-Android/android/app/.cxx/Debug/h3k1i6w1/arm64-v8a/CMakeFiles/CMakeTmp/CheckSymbolExists.c:
/* */
#include <float.h>
#include <iconv.h>
#include <inttypes.h>
#include <limits.h>
#include <malloc.h>
#include <math.h>
#include <memory.h>
#include <signal.h>
#include <stdarg.h>
#include <stdbool.h>
#include <stddef.h>
#include <stdint.h>
#include <stdio.h>
#include <stdlib.h>
#include <string.h>
#include <strings.h>
#include <sys/types.h>
#include <time.h>
#include <wchar.h>

int main(int argc, char** argv)
{
  (void)argv;
#ifndef acosf
  return ((int*)(&acosf))[argc];
#else
  (void)argc;
  return 0;
#endif
}
Determining if the asin exist passed with the following output:
Change Dir: /home/runner/work/CroMagRally-Android/CroMagRally-Android/android/app/.cxx/Debug/h3k1i6w1/arm64-v8a/CMakeFiles/CMakeTmp

Run Build Command(s):/usr/local/lib/android/sdk/cmake/3.22.1/bin/ninja cmTC_91357 && [1/2] Building C object CMakeFiles/cmTC_91357.dir/CheckSymbolExists.c.o
[2/2] Linking C executable cmTC_91357


File /home/runner/work/CroMagRally-Android/CroMagRally-Android/android/app/.cxx/Debug/h3k1i6w1/arm64-v8a/CMakeFiles/CMakeTmp/CheckSymbolExists.c:
/* */
#include <float.h>
#include <iconv.h>
#include <inttypes.h>
#include <limits.h>
#include <malloc.h>
#include <math.h>
#include <memory.h>
#include <signal.h>
#include <stdarg.h>
#include <stdbool.h>
#include <stddef.h>
#include <stdint.h>
#include <stdio.h>
#include <stdlib.h>
#include <string.h>
#include <strings.h>
#include <sys/types.h>
#include <time.h>
#include <wchar.h>

int main(int argc, char** argv)
{
  (void)argv;
#ifndef asin
  return ((int*)(&asin))[argc];
#else
  (void)argc;
  return 0;
#endif
}
Determining if the asinf exist passed with the following output:
Change Dir: /home/runner/work/CroMagRally-Android/CroMagRally-Android/android/app/.cxx/Debug/h3k1i6w1/arm64-v8a/CMakeFiles/CMakeTmp

Run Build Command(s):/usr/local/lib/android/sdk/cmake/3.22.1/bin/ninja cmTC_56aff && [1/2] Building C object CMakeFiles/cmTC_56aff.dir/CheckSymbolExists.c.o
[2/2] Linking C executable cmTC_56aff


File /home/runner/work/CroMagRally-Android/CroMagRally-Android/android/app/.cxx/Debug/h3k1i6w1/arm64-v8a/CMakeFiles/CMakeTmp/CheckSymbolExists.c:
/* */
#include <float.h>
#include <iconv.h>
#include <inttypes.h>
#include <limits.h>
#include <malloc.h>
#include <math.h>
#include <memory.h>
#include <signal.h>
#include <stdarg.h>
#include <stdbool.h>
#include <stddef.h>
#include <stdint.h>
#include <stdio.h>
#include <stdlib.h>
#include <string.h>
#include <strings.h>
#include <sys/types.h>
#include <time.h>
#include <wchar.h>

int main(int argc, char** argv)
{
  (void)argv;
#ifndef asinf
  return ((int*)(&asinf))[argc];
#else
  (void)argc;
  return 0;
#endif
}
Determining if the atan exist passed with the following output:
Change Dir: /home/runner/work/CroMagRally-Android/CroMagRally-Android/android/app/.cxx/Debug/h3k1i6w1/arm64-v8a/CMakeFiles/CMakeTmp

Run Build Command(s):/usr/local/lib/android/sdk/cmake/3.22.1/bin/ninja cmTC_52b55 && [1/2] Building C object CMakeFiles/cmTC_52b55.dir/CheckSymbolExists.c.o
[2/2] Linking C executable cmTC_52b55


File /home/runner/work/CroMagRally-Android/CroMagRally-Android/android/app/.cxx/Debug/h3k1i6w1/arm64-v8a/CMakeFiles/CMakeTmp/CheckSymbolExists.c:
/* */
#include <float.h>
#include <iconv.h>
#include <inttypes.h>
#include <limits.h>
#include <malloc.h>
#include <math.h>
#include <memory.h>
#include <signal.h>
#include <stdarg.h>
#include <stdbool.h>
#include <stddef.h>
#include <stdint.h>
#include <stdio.h>
#include <stdlib.h>
#include <string.h>
#include <strings.h>
#include <sys/types.h>
#include <time.h>
#include <wchar.h>

int main(int argc, char** argv)
{
  (void)argv;
#ifndef atan
  return ((int*)(&atan))[argc];
#else
  (void)argc;
  return 0;
#endif
}
Determining if the atan2 exist passed with the following output:
Change Dir: /home/runner/work/CroMagRally-Android/CroMagRally-Android/android/app/.cxx/Debug/h3k1i6w1/arm64-v8a/CMakeFiles/CMakeTmp

Run Build Command(s):/usr/local/lib/android/sdk/cmake/3.22.1/bin/ninja cmTC_dd55b && [1/2] Building C object CMakeFiles/cmTC_dd55b.dir/CheckSymbolExists.c.o
[2/2] Linking C executable cmTC_dd55b


File /home/runner/work/CroMagRally-Android/CroMagRally-Android/android/app/.cxx/Debug/h3k1i6w1/arm64-v8a/CMakeFiles/CMakeTmp/CheckSymbolExists.c:
/* */
#include <float.h>
#include <iconv.h>
#include <inttypes.h>
#include <limits.h>
#include <malloc.h>
#include <math.h>
#include <memory.h>
#include <signal.h>
#include <stdarg.h>
#include <stdbool.h>
#include <stddef.h>
#include <stdint.h>
#include <stdio.h>
#include <stdlib.h>
#include <string.h>
#include <strings.h>
#include <sys/types.h>
#include <time.h>
#include <wchar.h>

int main(int argc, char** argv)
{
  (void)argv;
#ifndef atan2
  return ((int*)(&atan2))[argc];
#else
  (void)argc;
  return 0;
#endif
}
Determining if the atan2f exist passed with the following output:
Change Dir: /home/runner/work/CroMagRally-Android/CroMagRally-Android/android/app/.cxx/Debug/h3k1i6w1/arm64-v8a/CMakeFiles/CMakeTmp

Run Build Command(s):/usr/local/lib/android/sdk/cmake/3.22.1/bin/ninja cmTC_2214e && [1/2] Building C object CMakeFiles/cmTC_2214e.dir/CheckSymbolExists.c.o
[2/2] Linking C executable cmTC_2214e


File /home/runner/work/CroMagRally-Android/CroMagRally-Android/android/app/.cxx/Debug/h3k1i6w1/arm64-v8a/CMakeFiles/CMakeTmp/CheckSymbolExists.c:
/* */
#include <float.h>
#include <iconv.h>
#include <inttypes.h>
#include <limits.h>
#include <malloc.h>
#include <math.h>
#include <memory.h>
#include <signal.h>
#include <stdarg.h>
#include <stdbool.h>
#include <stddef.h>
#include <stdint.h>
#include <stdio.h>
#include <stdlib.h>
#include <string.h>
#include <strings.h>
#include <sys/types.h>
#include <time.h>
#include <wchar.h>

int main(int argc, char** argv)
{
  (void)argv;
#ifndef atan2f
  return ((int*)(&atan2f))[argc];
#else
  (void)argc;
  return 0;
#endif
}
Determining if the atanf exist passed with the following output:
Change Dir: /home/runner/work/CroMagRally-Android/CroMagRally-Android/android/app/.cxx/Debug/h3k1i6w1/arm64-v8a/CMakeFiles/CMakeTmp

Run Build Command(s):/usr/local/lib/android/sdk/cmake/3.22.1/bin/ninja cmTC_85378 && [1/2] Building C object CMakeFiles/cmTC_85378.dir/CheckSymbolExists.c.o
[2/2] Linking C executable cmTC_85378


File /home/runner/work/CroMagRally-Android/CroMagRally-Android/android/app/.cxx/Debug/h3k1i6w1/arm64-v8a/CMakeFiles/CMakeTmp/CheckSymbolExists.c:
/* */
#include <float.h>
#include <iconv.h>
#include <inttypes.h>
#include <limits.h>
#include <malloc.h>
#include <math.h>
#include <memory.h>
#include <signal.h>
#include <stdarg.h>
#include <stdbool.h>
#include <stddef.h>
#include <stdint.h>
#include <stdio.h>
#include <stdlib.h>
#include <string.h>
#include <strings.h>
#include <sys/types.h>
#include <time.h>
#include <wchar.h>

int main(int argc, char** argv)
{
  (void)argv;
#ifndef atanf
  return ((int*)(&atanf))[argc];
#else
  (void)argc;
  return 0;
#endif
}
Determining if the atof exist passed with the following output:
Change Dir: /home/runner/work/CroMagRally-Android/CroMagRally-Android/android/app/.cxx/Debug/h3k1i6w1/arm64-v8a/CMakeFiles/CMakeTmp

Run Build Command(s):/usr/local/lib/android/sdk/cmake/3.22.1/bin/ninja cmTC_ee41b && [1/2] Building C object CMakeFiles/cmTC_ee41b.dir/CheckSymbolExists.c.o
[2/2] Linking C executable cmTC_ee41b


File /home/runner/work/CroMagRally-Android/CroMagRally-Android/android/app/.cxx/Debug/h3k1i6w1/arm64-v8a/CMakeFiles/CMakeTmp/CheckSymbolExists.c:
/* */
#include <float.h>
#include <iconv.h>
#include <inttypes.h>
#include <limits.h>
#include <malloc.h>
#include <math.h>
#include <memory.h>
#include <signal.h>
#include <stdarg.h>
#include <stdbool.h>
#include <stddef.h>
#include <stdint.h>
#include <stdio.h>
#include <stdlib.h>
#include <string.h>
#include <strings.h>
#include <sys/types.h>
#include <time.h>
#include <wchar.h>

int main(int argc, char** argv)
{
  (void)argv;
#ifndef atof
  return ((int*)(&atof))[argc];
#else
  (void)argc;
  return 0;
#endif
}
Determining if the atoi exist passed with the following output:
Change Dir: /home/runner/work/CroMagRally-Android/CroMagRally-Android/android/app/.cxx/Debug/h3k1i6w1/arm64-v8a/CMakeFiles/CMakeTmp

Run Build Command(s):/usr/local/lib/android/sdk/cmake/3.22.1/bin/ninja cmTC_ae33b && [1/2] Building C object CMakeFiles/cmTC_ae33b.dir/CheckSymbolExists.c.o
[2/2] Linking C executable cmTC_ae33b


File /home/runner/work/CroMagRally-Android/CroMagRally-Android/android/app/.cxx/Debug/h3k1i6w1/arm64-v8a/CMakeFiles/CMakeTmp/CheckSymbolExists.c:
/* */
#include <float.h>
#include <iconv.h>
#include <inttypes.h>
#include <limits.h>
#include <malloc.h>
#include <math.h>
#include <memory.h>
#include <signal.h>
#include <stdarg.h>
#include <stdbool.h>
#include <stddef.h>
#include <stdint.h>
#include <stdio.h>
#include <stdlib.h>
#include <string.h>
#include <strings.h>
#include <sys/types.h>
#include <time.h>
#include <wchar.h>

int main(int argc, char** argv)
{
  (void)argv;
#ifndef atoi
  return ((int*)(&atoi))[argc];
#else
  (void)argc;
  return 0;
#endif
}
Determining if the bcopy exist passed with the following output:
Change Dir: /home/runner/work/CroMagRally-Android/CroMagRally-Android/android/app/.cxx/Debug/h3k1i6w1/arm64-v8a/CMakeFiles/CMakeTmp

Run Build Command(s):/usr/local/lib/android/sdk/cmake/3.22.1/bin/ninja cmTC_be4ee && [1/2] Building C object CMakeFiles/cmTC_be4ee.dir/CheckSymbolExists.c.o
[2/2] Linking C executable cmTC_be4ee


File /home/runner/work/CroMagRally-Android/CroMagRally-Android/android/app/.cxx/Debug/h3k1i6w1/arm64-v8a/CMakeFiles/CMakeTmp/CheckSymbolExists.c:
/* */
#include <float.h>
#include <iconv.h>
#include <inttypes.h>
#include <limits.h>
#include <malloc.h>
#include <math.h>
#include <memory.h>
#include <signal.h>
#include <stdarg.h>
#include <stdbool.h>
#include <stddef.h>
#include <stdint.h>
#include <stdio.h>
#include <stdlib.h>
#include <string.h>
#include <strings.h>
#include <sys/types.h>
#include <time.h>
#include <wchar.h>

int main(int argc, char** argv)
{
  (void)argv;
#ifndef bcopy
  return ((int*)(&bcopy))[argc];
#else
  (void)argc;
  return 0;
#endif
}
Determining if the ceil exist passed with the following output:
Change Dir: /home/runner/work/CroMagRally-Android/CroMagRally-Android/android/app/.cxx/Debug/h3k1i6w1/arm64-v8a/CMakeFiles/CMakeTmp

Run Build Command(s):/usr/local/lib/android/sdk/cmake/3.22.1/bin/ninja cmTC_bd72d && [1/2] Building C object CMakeFiles/cmTC_bd72d.dir/CheckSymbolExists.c.o
[2/2] Linking C executable cmTC_bd72d


File /home/runner/work/CroMagRally-Android/CroMagRally-Android/android/app/.cxx/Debug/h3k1i6w1/arm64-v8a/CMakeFiles/CMakeTmp/CheckSymbolExists.c:
/* */
#include <float.h>
#include <iconv.h>
#include <inttypes.h>
#include <limits.h>
#include <malloc.h>
#include <math.h>
#include <memory.h>
#include <signal.h>
#include <stdarg.h>
#include <stdbool.h>
#include <stddef.h>
#include <stdint.h>
#include <stdio.h>
#include <stdlib.h>
#include <string.h>
#include <strings.h>
#include <sys/types.h>
#include <time.h>
#include <wchar.h>

int main(int argc, char** argv)
{
  (void)argv;
#ifndef ceil
  return ((int*)(&ceil))[argc];
#else
  (void)argc;
  return 0;
#endif
}
Determining if the ceilf exist passed with the following output:
Change Dir: /home/runner/work/CroMagRally-Android/CroMagRally-Android/android/app/.cxx/Debug/h3k1i6w1/arm64-v8a/CMakeFiles/CMakeTmp

Run Build Command(s):/usr/local/lib/android/sdk/cmake/3.22.1/bin/ninja cmTC_ee2ae && [1/2] Building C object CMakeFiles/cmTC_ee2ae.dir/CheckSymbolExists.c.o
[2/2] Linking C executable cmTC_ee2ae


File /home/runner/work/CroMagRally-Android/CroMagRally-Android/android/app/.cxx/Debug/h3k1i6w1/arm64-v8a/CMakeFiles/CMakeTmp/CheckSymbolExists.c:
/* */
#include <float.h>
#include <iconv.h>
#include <inttypes.h>
#include <limits.h>
#include <malloc.h>
#include <math.h>
#include <memory.h>
#include <signal.h>
#include <stdarg.h>
#include <stdbool.h>
#include <stddef.h>
#include <stdint.h>
#include <stdio.h>
#include <stdlib.h>
#include <string.h>
#include <strings.h>
#include <sys/types.h>
#include <time.h>
#include <wchar.h>

int main(int argc, char** argv)
{
  (void)argv;
#ifndef ceilf
  return ((int*)(&ceilf))[argc];
#else
  (void)argc;
  return 0;
#endif
}
Determining if the copysign exist passed with the following output:
Change Dir: /home/runner/work/CroMagRally-Android/CroMagRally-Android/android/app/.cxx/Debug/h3k1i6w1/arm64-v8a/CMakeFiles/CMakeTmp

Run Build Command(s):/usr/local/lib/android/sdk/cmake/3.22.1/bin/ninja cmTC_c800d && [1/2] Building C object CMakeFiles/cmTC_c800d.dir/CheckSymbolExists.c.o
[2/2] Linking C executable cmTC_c800d


File /home/runner/work/CroMagRally-Android/CroMagRally-Android/android/app/.cxx/Debug/h3k1i6w1/arm64-v8a/CMakeFiles/CMakeTmp/CheckSymbolExists.c:
/* */
#include <float.h>
#include <iconv.h>
#include <inttypes.h>
#include <limits.h>
#include <malloc.h>
#include <math.h>
#include <memory.h>
#include <signal.h>
#include <stdarg.h>
#include <stdbool.h>
#include <stddef.h>
#include <stdint.h>
#include <stdio.h>
#include <stdlib.h>
#include <string.h>
#include <strings.h>
#include <sys/types.h>
#include <time.h>
#include <wchar.h>

int main(int argc, char** argv)
{
  (void)argv;
#ifndef copysign
  return ((int*)(&copysign))[argc];
#else
  (void)argc;
  return 0;
#endif
}
Determining if the copysignf exist passed with the following output:
Change Dir: /home/runner/work/CroMagRally-Android/CroMagRally-Android/android/app/.cxx/Debug/h3k1i6w1/arm64-v8a/CMakeFiles/CMakeTmp

Run Build Command(s):/usr/local/lib/android/sdk/cmake/3.22.1/bin/ninja cmTC_45930 && [1/2] Building C object CMakeFiles/cmTC_45930.dir/CheckSymbolExists.c.o
[2/2] Linking C executable cmTC_45930


File /home/runner/work/CroMagRally-Android/CroMagRally-Android/android/app/.cxx/Debug/h3k1i6w1/arm64-v8a/CMakeFiles/CMakeTmp/CheckSymbolExists.c:
/* */
#include <float.h>
#include <iconv.h>
#include <inttypes.h>
#include <limits.h>
#include <malloc.h>
#include <math.h>
#include <memory.h>
#include <signal.h>
#include <stdarg.h>
#include <stdbool.h>
#include <stddef.h>
#include <stdint.h>
#include <stdio.h>
#include <stdlib.h>
#include <string.h>
#include <strings.h>
#include <sys/types.h>
#include <time.h>
#include <wchar.h>

int main(int argc, char** argv)
{
  (void)argv;
#ifndef copysignf
  return ((int*)(&copysignf))[argc];
#else
  (void)argc;
  return 0;
#endif
}
Determining if the cos exist passed with the following output:
Change Dir: /home/runner/work/CroMagRally-Android/CroMagRally-Android/android/app/.cxx/Debug/h3k1i6w1/arm64-v8a/CMakeFiles/CMakeTmp

Run Build Command(s):/usr/local/lib/android/sdk/cmake/3.22.1/bin/ninja cmTC_412d7 && [1/2] Building C object CMakeFiles/cmTC_412d7.dir/CheckSymbolExists.c.o
[2/2] Linking C executable cmTC_412d7


File /home/runner/work/CroMagRally-Android/CroMagRally-Android/android/app/.cxx/Debug/h3k1i6w1/arm64-v8a/CMakeFiles/CMakeTmp/CheckSymbolExists.c:
/* */
#include <float.h>
#include <iconv.h>
#include <inttypes.h>
#include <limits.h>
#include <malloc.h>
#include <math.h>
#include <memory.h>
#include <signal.h>
#include <stdarg.h>
#include <stdbool.h>
#include <stddef.h>
#include <stdint.h>
#include <stdio.h>
#include <stdlib.h>
#include <string.h>
#include <strings.h>
#include <sys/types.h>
#include <time.h>
#include <wchar.h>

int main(int argc, char** argv)
{
  (void)argv;
#ifndef cos
  return ((int*)(&cos))[argc];
#else
  (void)argc;
  return 0;
#endif
}
Determining if the cosf exist passed with the following output:
Change Dir: /home/runner/work/CroMagRally-Android/CroMagRally-Android/android/app/.cxx/Debug/h3k1i6w1/arm64-v8a/CMakeFiles/CMakeTmp

Run Build Command(s):/usr/local/lib/android/sdk/cmake/3.22.1/bin/ninja cmTC_e5a24 && [1/2] Building C object CMakeFiles/cmTC_e5a24.dir/CheckSymbolExists.c.o
[2/2] Linking C executable cmTC_e5a24


File /home/runner/work/CroMagRally-Android/CroMagRally-Android/android/app/.cxx/Debug/h3k1i6w1/arm64-v8a/CMakeFiles/CMakeTmp/CheckSymbolExists.c:
/* */
#include <float.h>
#include <iconv.h>
#include <inttypes.h>
#include <limits.h>
#include <malloc.h>
#include <math.h>
#include <memory.h>
#include <signal.h>
#include <stdarg.h>
#include <stdbool.h>
#include <stddef.h>
#include <stdint.h>
#include <stdio.h>
#include <stdlib.h>
#include <string.h>
#include <strings.h>
#include <sys/types.h>
#include <time.h>
#include <wchar.h>

int main(int argc, char** argv)
{
  (void)argv;
#ifndef cosf
  return ((int*)(&cosf))[argc];
#else
  (void)argc;
  return 0;
#endif
}
Determining if the _Exit exist passed with the following output:
Change Dir: /home/runner/work/CroMagRally-Android/CroMagRally-Android/android/app/.cxx/Debug/h3k1i6w1/arm64-v8a/CMakeFiles/CMakeTmp

Run Build Command(s):/usr/local/lib/android/sdk/cmake/3.22.1/bin/ninja cmTC_5a5cc && [1/2] Building C object CMakeFiles/cmTC_5a5cc.dir/CheckSymbolExists.c.o
[2/2] Linking C executable cmTC_5a5cc


File /home/runner/work/CroMagRally-Android/CroMagRally-Android/android/app/.cxx/Debug/h3k1i6w1/arm64-v8a/CMakeFiles/CMakeTmp/CheckSymbolExists.c:
/* */
#include <float.h>
#include <iconv.h>
#include <inttypes.h>
#include <limits.h>
#include <malloc.h>
#include <math.h>
#include <memory.h>
#include <signal.h>
#include <stdarg.h>
#include <stdbool.h>
#include <stddef.h>
#include <stdint.h>
#include <stdio.h>
#include <stdlib.h>
#include <string.h>
#include <strings.h>
#include <sys/types.h>
#include <time.h>
#include <wchar.h>

int main(int argc, char** argv)
{
  (void)argv;
#ifndef _Exit
  return ((int*)(&_Exit))[argc];
#else
  (void)argc;
  return 0;
#endif
}
Determining if the exp exist passed with the following output:
Change Dir: /home/runner/work/CroMagRally-Android/CroMagRally-Android/android/app/.cxx/Debug/h3k1i6w1/arm64-v8a/CMakeFiles/CMakeTmp

Run Build Command(s):/usr/local/lib/android/sdk/cmake/3.22.1/bin/ninja cmTC_3260a && [1/2] Building C object CMakeFiles/cmTC_3260a.dir/CheckSymbolExists.c.o
[2/2] Linking C executable cmTC_3260a


File /home/runner/work/CroMagRally-Android/CroMagRally-Android/android/app/.cxx/Debug/h3k1i6w1/arm64-v8a/CMakeFiles/CMakeTmp/CheckSymbolExists.c:
/* */
#include <float.h>
#include <iconv.h>
#include <inttypes.h>
#include <limits.h>
#include <malloc.h>
#include <math.h>
#include <memory.h>
#include <signal.h>
#include <stdarg.h>
#include <stdbool.h>
#include <stddef.h>
#include <stdint.h>
#include <stdio.h>
#include <stdlib.h>
#include <string.h>
#include <strings.h>
#include <sys/types.h>
#include <time.h>
#include <wchar.h>

int main(int argc, char** argv)
{
  (void)argv;
#ifndef exp
  return ((int*)(&exp))[argc];
#else
  (void)argc;
  return 0;
#endif
}
Determining if the expf exist passed with the following output:
Change Dir: /home/runner/work/CroMagRally-Android/CroMagRally-Android/android/app/.cxx/Debug/h3k1i6w1/arm64-v8a/CMakeFiles/CMakeTmp

Run Build Command(s):/usr/local/lib/android/sdk/cmake/3.22.1/bin/ninja cmTC_50c3d && [1/2] Building C object CMakeFiles/cmTC_50c3d.dir/CheckSymbolExists.c.o
[2/2] Linking C executable cmTC_50c3d


File /home/runner/work/CroMagRally-Android/CroMagRally-Android/android/app/.cxx/Debug/h3k1i6w1/arm64-v8a/CMakeFiles/CMakeTmp/CheckSymbolExists.c:
/* */
#include <float.h>
#include <iconv.h>
#include <inttypes.h>
#include <limits.h>
#include <malloc.h>
#include <math.h>
#include <memory.h>
#include <signal.h>
#include <stdarg.h>
#include <stdbool.h>
#include <stddef.h>
#include <stdint.h>
#include <stdio.h>
#include <stdlib.h>
#include <string.h>
#include <strings.h>
#include <sys/types.h>
#include <time.h>
#include <wchar.h>

int main(int argc, char** argv)
{
  (void)argv;
#ifndef expf
  return ((int*)(&expf))[argc];
#else
  (void)argc;
  return 0;
#endif
}
Determining if the fabs exist passed with the following output:
Change Dir: /home/runner/work/CroMagRally-Android/CroMagRally-Android/android/app/.cxx/Debug/h3k1i6w1/arm64-v8a/CMakeFiles/CMakeTmp

Run Build Command(s):/usr/local/lib/android/sdk/cmake/3.22.1/bin/ninja cmTC_60df8 && [1/2] Building C object CMakeFiles/cmTC_60df8.dir/CheckSymbolExists.c.o
[2/2] Linking C executable cmTC_60df8


File /home/runner/work/CroMagRally-Android/CroMagRally-Android/android/app/.cxx/Debug/h3k1i6w1/arm64-v8a/CMakeFiles/CMakeTmp/CheckSymbolExists.c:
/* */
#include <float.h>
#include <iconv.h>
#include <inttypes.h>
#include <limits.h>
#include <malloc.h>
#include <math.h>
#include <memory.h>
#include <signal.h>
#include <stdarg.h>
#include <stdbool.h>
#include <stddef.h>
#include <stdint.h>
#include <stdio.h>
#include <stdlib.h>
#include <string.h>
#include <strings.h>
#include <sys/types.h>
#include <time.h>
#include <wchar.h>

int main(int argc, char** argv)
{
  (void)argv;
#ifndef fabs
  return ((int*)(&fabs))[argc];
#else
  (void)argc;
  return 0;
#endif
}
Determining if the fabsf exist passed with the following output:
Change Dir: /home/runner/work/CroMagRally-Android/CroMagRally-Android/android/app/.cxx/Debug/h3k1i6w1/arm64-v8a/CMakeFiles/CMakeTmp

Run Build Command(s):/usr/local/lib/android/sdk/cmake/3.22.1/bin/ninja cmTC_09b5f && [1/2] Building C object CMakeFiles/cmTC_09b5f.dir/CheckSymbolExists.c.o
[2/2] Linking C executable cmTC_09b5f


File /home/runner/work/CroMagRally-Android/CroMagRally-Android/android/app/.cxx/Debug/h3k1i6w1/arm64-v8a/CMakeFiles/CMakeTmp/CheckSymbolExists.c:
/* */
#include <float.h>
#include <iconv.h>
#include <inttypes.h>
#include <limits.h>
#include <malloc.h>
#include <math.h>
#include <memory.h>
#include <signal.h>
#include <stdarg.h>
#include <stdbool.h>
#include <stddef.h>
#include <stdint.h>
#include <stdio.h>
#include <stdlib.h>
#include <string.h>
#include <strings.h>
#include <sys/types.h>
#include <time.h>
#include <wchar.h>

int main(int argc, char** argv)
{
  (void)argv;
#ifndef fabsf
  return ((int*)(&fabsf))[argc];
#else
  (void)argc;
  return 0;
#endif
}
Determining if the floor exist passed with the following output:
Change Dir: /home/runner/work/CroMagRally-Android/CroMagRally-Android/android/app/.cxx/Debug/h3k1i6w1/arm64-v8a/CMakeFiles/CMakeTmp

Run Build Command(s):/usr/local/lib/android/sdk/cmake/3.22.1/bin/ninja cmTC_c7e60 && [1/2] Building C object CMakeFiles/cmTC_c7e60.dir/CheckSymbolExists.c.o
[2/2] Linking C executable cmTC_c7e60


File /home/runner/work/CroMagRally-Android/CroMagRally-Android/android/app/.cxx/Debug/h3k1i6w1/arm64-v8a/CMakeFiles/CMakeTmp/CheckSymbolExists.c:
/* */
#include <float.h>
#include <iconv.h>
#include <inttypes.h>
#include <limits.h>
#include <malloc.h>
#include <math.h>
#include <memory.h>
#include <signal.h>
#include <stdarg.h>
#include <stdbool.h>
#include <stddef.h>
#include <stdint.h>
#include <stdio.h>
#include <stdlib.h>
#include <string.h>
#include <strings.h>
#include <sys/types.h>
#include <time.h>
#include <wchar.h>

int main(int argc, char** argv)
{
  (void)argv;
#ifndef floor
  return ((int*)(&floor))[argc];
#else
  (void)argc;
  return 0;
#endif
}
Determining if the floorf exist passed with the following output:
Change Dir: /home/runner/work/CroMagRally-Android/CroMagRally-Android/android/app/.cxx/Debug/h3k1i6w1/arm64-v8a/CMakeFiles/CMakeTmp

Run Build Command(s):/usr/local/lib/android/sdk/cmake/3.22.1/bin/ninja cmTC_4fd27 && [1/2] Building C object CMakeFiles/cmTC_4fd27.dir/CheckSymbolExists.c.o
[2/2] Linking C executable cmTC_4fd27


File /home/runner/work/CroMagRally-Android/CroMagRally-Android/android/app/.cxx/Debug/h3k1i6w1/arm64-v8a/CMakeFiles/CMakeTmp/CheckSymbolExists.c:
/* */
#include <float.h>
#include <iconv.h>
#include <inttypes.h>
#include <limits.h>
#include <malloc.h>
#include <math.h>
#include <memory.h>
#include <signal.h>
#include <stdarg.h>
#include <stdbool.h>
#include <stddef.h>
#include <stdint.h>
#include <stdio.h>
#include <stdlib.h>
#include <string.h>
#include <strings.h>
#include <sys/types.h>
#include <time.h>
#include <wchar.h>

int main(int argc, char** argv)
{
  (void)argv;
#ifndef floorf
  return ((int*)(&floorf))[argc];
#else
  (void)argc;
  return 0;
#endif
}
Determining if the fmod exist passed with the following output:
Change Dir: /home/runner/work/CroMagRally-Android/CroMagRally-Android/android/app/.cxx/Debug/h3k1i6w1/arm64-v8a/CMakeFiles/CMakeTmp

Run Build Command(s):/usr/local/lib/android/sdk/cmake/3.22.1/bin/ninja cmTC_13d63 && [1/2] Building C object CMakeFiles/cmTC_13d63.dir/CheckSymbolExists.c.o
[2/2] Linking C executable cmTC_13d63


File /home/runner/work/CroMagRally-Android/CroMagRally-Android/android/app/.cxx/Debug/h3k1i6w1/arm64-v8a/CMakeFiles/CMakeTmp/CheckSymbolExists.c:
/* */
#include <float.h>
#include <iconv.h>
#include <inttypes.h>
#include <limits.h>
#include <malloc.h>
#include <math.h>
#include <memory.h>
#include <signal.h>
#include <stdarg.h>
#include <stdbool.h>
#include <stddef.h>
#include <stdint.h>
#include <stdio.h>
#include <stdlib.h>
#include <string.h>
#include <strings.h>
#include <sys/types.h>
#include <time.h>
#include <wchar.h>

int main(int argc, char** argv)
{
  (void)argv;
#ifndef fmod
  return ((int*)(&fmod))[argc];
#else
  (void)argc;
  return 0;
#endif
}
Determining if the fmodf exist passed with the following output:
Change Dir: /home/runner/work/CroMagRally-Android/CroMagRally-Android/android/app/.cxx/Debug/h3k1i6w1/arm64-v8a/CMakeFiles/CMakeTmp

Run Build Command(s):/usr/local/lib/android/sdk/cmake/3.22.1/bin/ninja cmTC_c79f9 && [1/2] Building C object CMakeFiles/cmTC_c79f9.dir/CheckSymbolExists.c.o
[2/2] Linking C executable cmTC_c79f9


File /home/runner/work/CroMagRally-Android/CroMagRally-Android/android/app/.cxx/Debug/h3k1i6w1/arm64-v8a/CMakeFiles/CMakeTmp/CheckSymbolExists.c:
/* */
#include <float.h>
#include <iconv.h>
#include <inttypes.h>
#include <limits.h>
#include <malloc.h>
#include <math.h>
#include <memory.h>
#include <signal.h>
#include <stdarg.h>
#include <stdbool.h>
#include <stddef.h>
#include <stdint.h>
#include <stdio.h>
#include <stdlib.h>
#include <string.h>
#include <strings.h>
#include <sys/types.h>
#include <time.h>
#include <wchar.h>

int main(int argc, char** argv)
{
  (void)argv;
#ifndef fmodf
  return ((int*)(&fmodf))[argc];
#else
  (void)argc;
  return 0;
#endif
}
Determining if the fopen64 exist passed with the following output:
Change Dir: /home/runner/work/CroMagRally-Android/CroMagRally-Android/android/app/.cxx/Debug/h3k1i6w1/arm64-v8a/CMakeFiles/CMakeTmp

Run Build Command(s):/usr/local/lib/android/sdk/cmake/3.22.1/bin/ninja cmTC_fe5eb && [1/2] Building C object CMakeFiles/cmTC_fe5eb.dir/CheckSymbolExists.c.o
[2/2] Linking C executable cmTC_fe5eb


File /home/runner/work/CroMagRally-Android/CroMagRally-Android/android/app/.cxx/Debug/h3k1i6w1/arm64-v8a/CMakeFiles/CMakeTmp/CheckSymbolExists.c:
/* */
#include <float.h>
#include <iconv.h>
#include <inttypes.h>
#include <limits.h>
#include <malloc.h>
#include <math.h>
#include <memory.h>
#include <signal.h>
#include <stdarg.h>
#include <stdbool.h>
#include <stddef.h>
#include <stdint.h>
#include <stdio.h>
#include <stdlib.h>
#include <string.h>
#include <strings.h>
#include <sys/types.h>
#include <time.h>
#include <wchar.h>

int main(int argc, char** argv)
{
  (void)argv;
#ifndef fopen64
  return ((int*)(&fopen64))[argc];
#else
  (void)argc;
  return 0;
#endif
}
Determining if the fseeko exist passed with the following output:
Change Dir: /home/runner/work/CroMagRally-Android/CroMagRally-Android/android/app/.cxx/Debug/h3k1i6w1/arm64-v8a/CMakeFiles/CMakeTmp

Run Build Command(s):/usr/local/lib/android/sdk/cmake/3.22.1/bin/ninja cmTC_e6d4a && [1/2] Building C object CMakeFiles/cmTC_e6d4a.dir/CheckSymbolExists.c.o
[2/2] Linking C executable cmTC_e6d4a


File /home/runner/work/CroMagRally-Android/CroMagRally-Android/android/app/.cxx/Debug/h3k1i6w1/arm64-v8a/CMakeFiles/CMakeTmp/CheckSymbolExists.c:
/* */
#include <float.h>
#include <iconv.h>
#include <inttypes.h>
#include <limits.h>
#include <malloc.h>
#include <math.h>
#include <memory.h>
#include <signal.h>
#include <stdarg.h>
#include <stdbool.h>
#include <stddef.h>
#include <stdint.h>
#include <stdio.h>
#include <stdlib.h>
#include <string.h>
#include <strings.h>
#include <sys/types.h>
#include <time.h>
#include <wchar.h>

int main(int argc, char** argv)
{
  (void)argv;
#ifndef fseeko
  return ((int*)(&fseeko))[argc];
#else
  (void)argc;
  return 0;
#endif
}
Determining if the fseeko64 exist passed with the following output:
Change Dir: /home/runner/work/CroMagRally-Android/CroMagRally-Android/android/app/.cxx/Debug/h3k1i6w1/arm64-v8a/CMakeFiles/CMakeTmp

Run Build Command(s):/usr/local/lib/android/sdk/cmake/3.22.1/bin/ninja cmTC_47d14 && [1/2] Building C object CMakeFiles/cmTC_47d14.dir/CheckSymbolExists.c.o
[2/2] Linking C executable cmTC_47d14


File /home/runner/work/CroMagRally-Android/CroMagRally-Android/android/app/.cxx/Debug/h3k1i6w1/arm64-v8a/CMakeFiles/CMakeTmp/CheckSymbolExists.c:
/* */
#include <float.h>
#include <iconv.h>
#include <inttypes.h>
#include <limits.h>
#include <malloc.h>
#include <math.h>
#include <memory.h>
#include <signal.h>
#include <stdarg.h>
#include <stdbool.h>
#include <stddef.h>
#include <stdint.h>
#include <stdio.h>
#include <stdlib.h>
#include <string.h>
#include <strings.h>
#include <sys/types.h>
#include <time.h>
#include <wchar.h>

int main(int argc, char** argv)
{
  (void)argv;
#ifndef fseeko64
  return ((int*)(&fseeko64))[argc];
#else
  (void)argc;
  return 0;
#endif
}
Determining if the getenv exist passed with the following output:
Change Dir: /home/runner/work/CroMagRally-Android/CroMagRally-Android/android/app/.cxx/Debug/h3k1i6w1/arm64-v8a/CMakeFiles/CMakeTmp

Run Build Command(s):/usr/local/lib/android/sdk/cmake/3.22.1/bin/ninja cmTC_7d0c2 && [1/2] Building C object CMakeFiles/cmTC_7d0c2.dir/CheckSymbolExists.c.o
[2/2] Linking C executable cmTC_7d0c2


File /home/runner/work/CroMagRally-Android/CroMagRally-Android/android/app/.cxx/Debug/h3k1i6w1/arm64-v8a/CMakeFiles/CMakeTmp/CheckSymbolExists.c:
/* */
#include <float.h>
#include <iconv.h>
#include <inttypes.h>
#include <limits.h>
#include <malloc.h>
#include <math.h>
#include <memory.h>
#include <signal.h>
#include <stdarg.h>
#include <stdbool.h>
#include <stddef.h>
#include <stdint.h>
#include <stdio.h>
#include <stdlib.h>
#include <string.h>
#include <strings.h>
#include <sys/types.h>
#include <time.h>
#include <wchar.h>

int main(int argc, char** argv)
{
  (void)argv;
#ifndef getenv
  return ((int*)(&getenv))[argc];
#else
  (void)argc;
  return 0;
#endif
}
Determining if the log exist passed with the following output:
Change Dir: /home/runner/work/CroMagRally-Android/CroMagRally-Android/android/app/.cxx/Debug/h3k1i6w1/arm64-v8a/CMakeFiles/CMakeTmp

Run Build Command(s):/usr/local/lib/android/sdk/cmake/3.22.1/bin/ninja cmTC_f7573 && [1/2] Building C object CMakeFiles/cmTC_f7573.dir/CheckSymbolExists.c.o
[2/2] Linking C executable cmTC_f7573


File /home/runner/work/CroMagRally-Android/CroMagRally-Android/android/app/.cxx/Debug/h3k1i6w1/arm64-v8a/CMakeFiles/CMakeTmp/CheckSymbolExists.c:
/* */
#include <float.h>
#include <iconv.h>
#include <inttypes.h>
#include <limits.h>
#include <malloc.h>
#include <math.h>
#include <memory.h>
#include <signal.h>
#include <stdarg.h>
#include <stdbool.h>
#include <stddef.h>
#include <stdint.h>
#include <stdio.h>
#include <stdlib.h>
#include <string.h>
#include <strings.h>
#include <sys/types.h>
#include <time.h>
#include <wchar.h>

int main(int argc, char** argv)
{
  (void)argv;
#ifndef log
  return ((int*)(&log))[argc];
#else
  (void)argc;
  return 0;
#endif
}
Determining if the log10 exist passed with the following output:
Change Dir: /home/runner/work/CroMagRally-Android/CroMagRally-Android/android/app/.cxx/Debug/h3k1i6w1/arm64-v8a/CMakeFiles/CMakeTmp

Run Build Command(s):/usr/local/lib/android/sdk/cmake/3.22.1/bin/ninja cmTC_91acc && [1/2] Building C object CMakeFiles/cmTC_91acc.dir/CheckSymbolExists.c.o
[2/2] Linking C executable cmTC_91acc


File /home/runner/work/CroMagRally-Android/CroMagRally-Android/android/app/.cxx/Debug/h3k1i6w1/arm64-v8a/CMakeFiles/CMakeTmp/CheckSymbolExists.c:
/* */
#include <float.h>
#include <iconv.h>
#include <inttypes.h>
#include <limits.h>
#include <malloc.h>
#include <math.h>
#include <memory.h>
#include <signal.h>
#include <stdarg.h>
#include <stdbool.h>
#include <stddef.h>
#include <stdint.h>
#include <stdio.h>
#include <stdlib.h>
#include <string.h>
#include <strings.h>
#include <sys/types.h>
#include <time.h>
#include <wchar.h>

int main(int argc, char** argv)
{
  (void)argv;
#ifndef log10
  return ((int*)(&log10))[argc];
#else
  (void)argc;
  return 0;
#endif
}
Determining if the log10f exist passed with the following output:
Change Dir: /home/runner/work/CroMagRally-Android/CroMagRally-Android/android/app/.cxx/Debug/h3k1i6w1/arm64-v8a/CMakeFiles/CMakeTmp

Run Build Command(s):/usr/local/lib/android/sdk/cmake/3.22.1/bin/ninja cmTC_fbcef && [1/2] Building C object CMakeFiles/cmTC_fbcef.dir/CheckSymbolExists.c.o
[2/2] Linking C executable cmTC_fbcef


File /home/runner/work/CroMagRally-Android/CroMagRally-Android/android/app/.cxx/Debug/h3k1i6w1/arm64-v8a/CMakeFiles/CMakeTmp/CheckSymbolExists.c:
/* */
#include <float.h>
#include <iconv.h>
#include <inttypes.h>
#include <limits.h>
#include <malloc.h>
#include <math.h>
#include <memory.h>
#include <signal.h>
#include <stdarg.h>
#include <stdbool.h>
#include <stddef.h>
#include <stdint.h>
#include <stdio.h>
#include <stdlib.h>
#include <string.h>
#include <strings.h>
#include <sys/types.h>
#include <time.h>
#include <wchar.h>

int main(int argc, char** argv)
{
  (void)argv;
#ifndef log10f
  return ((int*)(&log10f))[argc];
#else
  (void)argc;
  return 0;
#endif
}
Determining if the logf exist passed with the following output:
Change Dir: /home/runner/work/CroMagRally-Android/CroMagRally-Android/android/app/.cxx/Debug/h3k1i6w1/arm64-v8a/CMakeFiles/CMakeTmp

Run Build Command(s):/usr/local/lib/android/sdk/cmake/3.22.1/bin/ninja cmTC_c7ff3 && [1/2] Building C object CMakeFiles/cmTC_c7ff3.dir/CheckSymbolExists.c.o
[2/2] Linking C executable cmTC_c7ff3


File /home/runner/work/CroMagRally-Android/CroMagRally-Android/android/app/.cxx/Debug/h3k1i6w1/arm64-v8a/CMakeFiles/CMakeTmp/CheckSymbolExists.c:
/* */
#include <float.h>
#include <iconv.h>
#include <inttypes.h>
#include <limits.h>
#include <malloc.h>
#include <math.h>
#include <memory.h>
#include <signal.h>
#include <stdarg.h>
#include <stdbool.h>
#include <stddef.h>
#include <stdint.h>
#include <stdio.h>
#include <stdlib.h>
#include <string.h>
#include <strings.h>
#include <sys/types.h>
#include <time.h>
#include <wchar.h>

int main(int argc, char** argv)
{
  (void)argv;
#ifndef logf
  return ((int*)(&logf))[argc];
#else
  (void)argc;
  return 0;
#endif
}
Determining if the lround exist passed with the following output:
Change Dir: /home/runner/work/CroMagRally-Android/CroMagRally-Android/android/app/.cxx/Debug/h3k1i6w1/arm64-v8a/CMakeFiles/CMakeTmp

Run Build Command(s):/usr/local/lib/android/sdk/cmake/3.22.1/bin/ninja cmTC_3d901 && [1/2] Building C object CMakeFiles/cmTC_3d901.dir/CheckSymbolExists.c.o
[2/2] Linking C executable cmTC_3d901


File /home/runner/work/CroMagRally-Android/CroMagRally-Android/android/app/.cxx/Debug/h3k1i6w1/arm64-v8a/CMakeFiles/CMakeTmp/CheckSymbolExists.c:
/* */
#include <float.h>
#include <iconv.h>
#include <inttypes.h>
#include <limits.h>
#include <malloc.h>
#include <math.h>
#include <memory.h>
#include <signal.h>
#include <stdarg.h>
#include <stdbool.h>
#include <stddef.h>
#include <stdint.h>
#include <stdio.h>
#include <stdlib.h>
#include <string.h>
#include <strings.h>
#include <sys/types.h>
#include <time.h>
#include <wchar.h>

int main(int argc, char** argv)
{
  (void)argv;
#ifndef lround
  return ((int*)(&lround))[argc];
#else
  (void)argc;
  return 0;
#endif
}
Determining if the lroundf exist passed with the following output:
Change Dir: /home/runner/work/CroMagRally-Android/CroMagRally-Android/android/app/.cxx/Debug/h3k1i6w1/arm64-v8a/CMakeFiles/CMakeTmp

Run Build Command(s):/usr/local/lib/android/sdk/cmake/3.22.1/bin/ninja cmTC_68d58 && [1/2] Building C object CMakeFiles/cmTC_68d58.dir/CheckSymbolExists.c.o
[2/2] Linking C executable cmTC_68d58


File /home/runner/work/CroMagRally-Android/CroMagRally-Android/android/app/.cxx/Debug/h3k1i6w1/arm64-v8a/CMakeFiles/CMakeTmp/CheckSymbolExists.c:
/* */
#include <float.h>
#include <iconv.h>
#include <inttypes.h>
#include <limits.h>
#include <malloc.h>
#include <math.h>
#include <memory.h>
#include <signal.h>
#include <stdarg.h>
#include <stdbool.h>
#include <stddef.h>
#include <stdint.h>
#include <stdio.h>
#include <stdlib.h>
#include <string.h>
#include <strings.h>
#include <sys/types.h>
#include <time.h>
#include <wchar.h>

int main(int argc, char** argv)
{
  (void)argv;
#ifndef lroundf
  return ((int*)(&lroundf))[argc];
#else
  (void)argc;
  return 0;
#endif
}
Determining if the malloc exist passed with the following output:
Change Dir: /home/runner/work/CroMagRally-Android/CroMagRally-Android/android/app/.cxx/Debug/h3k1i6w1/arm64-v8a/CMakeFiles/CMakeTmp

Run Build Command(s):/usr/local/lib/android/sdk/cmake/3.22.1/bin/ninja cmTC_fe13c && [1/2] Building C object CMakeFiles/cmTC_fe13c.dir/CheckSymbolExists.c.o
[2/2] Linking C executable cmTC_fe13c


File /home/runner/work/CroMagRally-Android/CroMagRally-Android/android/app/.cxx/Debug/h3k1i6w1/arm64-v8a/CMakeFiles/CMakeTmp/CheckSymbolExists.c:
/* */
#include <float.h>
#include <iconv.h>
#include <inttypes.h>
#include <limits.h>
#include <malloc.h>
#include <math.h>
#include <memory.h>
#include <signal.h>
#include <stdarg.h>
#include <stdbool.h>
#include <stddef.h>
#include <stdint.h>
#include <stdio.h>
#include <stdlib.h>
#include <string.h>
#include <strings.h>
#include <sys/types.h>
#include <time.h>
#include <wchar.h>

int main(int argc, char** argv)
{
  (void)argv;
#ifndef malloc
  return ((int*)(&malloc))[argc];
#else
  (void)argc;
  return 0;
#endif
}
Determining if the memcmp exist passed with the following output:
Change Dir: /home/runner/work/CroMagRally-Android/CroMagRally-Android/android/app/.cxx/Debug/h3k1i6w1/arm64-v8a/CMakeFiles/CMakeTmp

Run Build Command(s):/usr/local/lib/android/sdk/cmake/3.22.1/bin/ninja cmTC_bba08 && [1/2] Building C object CMakeFiles/cmTC_bba08.dir/CheckSymbolExists.c.o
[2/2] Linking C executable cmTC_bba08


File /home/runner/work/CroMagRally-Android/CroMagRally-Android/android/app/.cxx/Debug/h3k1i6w1/arm64-v8a/CMakeFiles/CMakeTmp/CheckSymbolExists.c:
/* */
#include <float.h>
#include <iconv.h>
#include <inttypes.h>
#include <limits.h>
#include <malloc.h>
#include <math.h>
#include <memory.h>
#include <signal.h>
#include <stdarg.h>
#include <stdbool.h>
#include <stddef.h>
#include <stdint.h>
#include <stdio.h>
#include <stdlib.h>
#include <string.h>
#include <strings.h>
#include <sys/types.h>
#include <time.h>
#include <wchar.h>

int main(int argc, char** argv)
{
  (void)argv;
#ifndef memcmp
  return ((int*)(&memcmp))[argc];
#else
  (void)argc;
  return 0;
#endif
}
Determining if the memcpy exist passed with the following output:
Change Dir: /home/runner/work/CroMagRally-Android/CroMagRally-Android/android/app/.cxx/Debug/h3k1i6w1/arm64-v8a/CMakeFiles/CMakeTmp

Run Build Command(s):/usr/local/lib/android/sdk/cmake/3.22.1/bin/ninja cmTC_fd14e && [1/2] Building C object CMakeFiles/cmTC_fd14e.dir/CheckSymbolExists.c.o
[2/2] Linking C executable cmTC_fd14e


File /home/runner/work/CroMagRally-Android/CroMagRally-Android/android/app/.cxx/Debug/h3k1i6w1/arm64-v8a/CMakeFiles/CMakeTmp/CheckSymbolExists.c:
/* */
#include <float.h>
#include <iconv.h>
#include <inttypes.h>
#include <limits.h>
#include <malloc.h>
#include <math.h>
#include <memory.h>
#include <signal.h>
#include <stdarg.h>
#include <stdbool.h>
#include <stddef.h>
#include <stdint.h>
#include <stdio.h>
#include <stdlib.h>
#include <string.h>
#include <strings.h>
#include <sys/types.h>
#include <time.h>
#include <wchar.h>

int main(int argc, char** argv)
{
  (void)argv;
#ifndef memcpy
  return ((int*)(&memcpy))[argc];
#else
  (void)argc;
  return 0;
#endif
}
Determining if the memmove exist passed with the following output:
Change Dir: /home/runner/work/CroMagRally-Android/CroMagRally-Android/android/app/.cxx/Debug/h3k1i6w1/arm64-v8a/CMakeFiles/CMakeTmp

Run Build Command(s):/usr/local/lib/android/sdk/cmake/3.22.1/bin/ninja cmTC_a4216 && [1/2] Building C object CMakeFiles/cmTC_a4216.dir/CheckSymbolExists.c.o
[2/2] Linking C executable cmTC_a4216


File /home/runner/work/CroMagRally-Android/CroMagRally-Android/android/app/.cxx/Debug/h3k1i6w1/arm64-v8a/CMakeFiles/CMakeTmp/CheckSymbolExists.c:
/* */
#include <float.h>
#include <iconv.h>
#include <inttypes.h>
#include <limits.h>
#include <malloc.h>
#include <math.h>
#include <memory.h>
#include <signal.h>
#include <stdarg.h>
#include <stdbool.h>
#include <stddef.h>
#include <stdint.h>
#include <stdio.h>
#include <stdlib.h>
#include <string.h>
#include <strings.h>
#include <sys/types.h>
#include <time.h>
#include <wchar.h>

int main(int argc, char** argv)
{
  (void)argv;
#ifndef memmove
  return ((int*)(&memmove))[argc];
#else
  (void)argc;
  return 0;
#endif
}
Determining if the memset exist passed with the following output:
Change Dir: /home/runner/work/CroMagRally-Android/CroMagRally-Android/android/app/.cxx/Debug/h3k1i6w1/arm64-v8a/CMakeFiles/CMakeTmp

Run Build Command(s):/usr/local/lib/android/sdk/cmake/3.22.1/bin/ninja cmTC_e9b3e && [1/2] Building C object CMakeFiles/cmTC_e9b3e.dir/CheckSymbolExists.c.o
[2/2] Linking C executable cmTC_e9b3e


File /home/runner/work/CroMagRally-Android/CroMagRally-Android/android/app/.cxx/Debug/h3k1i6w1/arm64-v8a/CMakeFiles/CMakeTmp/CheckSymbolExists.c:
/* */
#include <float.h>
#include <iconv.h>
#include <inttypes.h>
#include <limits.h>
#include <malloc.h>
#include <math.h>
#include <memory.h>
#include <signal.h>
#include <stdarg.h>
#include <stdbool.h>
#include <stddef.h>
#include <stdint.h>
#include <stdio.h>
#include <stdlib.h>
#include <string.h>
#include <strings.h>
#include <sys/types.h>
#include <time.h>
#include <wchar.h>

int main(int argc, char** argv)
{
  (void)argv;
#ifndef memset
  return ((int*)(&memset))[argc];
#else
  (void)argc;
  return 0;
#endif
}
Determining if the modf exist passed with the following output:
Change Dir: /home/runner/work/CroMagRally-Android/CroMagRally-Android/android/app/.cxx/Debug/h3k1i6w1/arm64-v8a/CMakeFiles/CMakeTmp

Run Build Command(s):/usr/local/lib/android/sdk/cmake/3.22.1/bin/ninja cmTC_b82f7 && [1/2] Building C object CMakeFiles/cmTC_b82f7.dir/CheckSymbolExists.c.o
[2/2] Linking C executable cmTC_b82f7


File /home/runner/work/CroMagRally-Android/CroMagRally-Android/android/app/.cxx/Debug/h3k1i6w1/arm64-v8a/CMakeFiles/CMakeTmp/CheckSymbolExists.c:
/* */
#include <float.h>
#include <iconv.h>
#include <inttypes.h>
#include <limits.h>
#include <malloc.h>
#include <math.h>
#include <memory.h>
#include <signal.h>
#include <stdarg.h>
#include <stdbool.h>
#include <stddef.h>
#include <stdint.h>
#include <stdio.h>
#include <stdlib.h>
#include <string.h>
#include <strings.h>
#include <sys/types.h>
#include <time.h>
#include <wchar.h>

int main(int argc, char** argv)
{
  (void)argv;
#ifndef modf
  return ((int*)(&modf))[argc];
#else
  (void)argc;
  return 0;
#endif
}
Determining if the modff exist passed with the following output:
Change Dir: /home/runner/work/CroMagRally-Android/CroMagRally-Android/android/app/.cxx/Debug/h3k1i6w1/arm64-v8a/CMakeFiles/CMakeTmp

Run Build Command(s):/usr/local/lib/android/sdk/cmake/3.22.1/bin/ninja cmTC_2b458 && [1/2] Building C object CMakeFiles/cmTC_2b458.dir/CheckSymbolExists.c.o
[2/2] Linking C executable cmTC_2b458


File /home/runner/work/CroMagRally-Android/CroMagRally-Android/android/app/.cxx/Debug/h3k1i6w1/arm64-v8a/CMakeFiles/CMakeTmp/CheckSymbolExists.c:
/* */
#include <float.h>
#include <iconv.h>
#include <inttypes.h>
#include <limits.h>
#include <malloc.h>
#include <math.h>
#include <memory.h>
#include <signal.h>
#include <stdarg.h>
#include <stdbool.h>
#include <stddef.h>
#include <stdint.h>
#include <stdio.h>
#include <stdlib.h>
#include <string.h>
#include <strings.h>
#include <sys/types.h>
#include <time.h>
#include <wchar.h>

int main(int argc, char** argv)
{
  (void)argv;
#ifndef modff
  return ((int*)(&modff))[argc];
#else
  (void)argc;
  return 0;
#endif
}
Determining if the pow exist passed with the following output:
Change Dir: /home/runner/work/CroMagRally-Android/CroMagRally-Android/android/app/.cxx/Debug/h3k1i6w1/arm64-v8a/CMakeFiles/CMakeTmp

Run Build Command(s):/usr/local/lib/android/sdk/cmake/3.22.1/bin/ninja cmTC_76b81 && [1/2] Building C object CMakeFiles/cmTC_76b81.dir/CheckSymbolExists.c.o
[2/2] Linking C executable cmTC_76b81


File /home/runner/work/CroMagRally-Android/CroMagRally-Android/android/app/.cxx/Debug/h3k1i6w1/arm64-v8a/CMakeFiles/CMakeTmp/CheckSymbolExists.c:
/* */
#include <float.h>
#include <iconv.h>
#include <inttypes.h>
#include <limits.h>
#include <malloc.h>
#include <math.h>
#include <memory.h>
#include <signal.h>
#include <stdarg.h>
#include <stdbool.h>
#include <stddef.h>
#include <stdint.h>
#include <stdio.h>
#include <stdlib.h>
#include <string.h>
#include <strings.h>
#include <sys/types.h>
#include <time.h>
#include <wchar.h>

int main(int argc, char** argv)
{
  (void)argv;
#ifndef pow
  return ((int*)(&pow))[argc];
#else
  (void)argc;
  return 0;
#endif
}
Determining if the powf exist passed with the following output:
Change Dir: /home/runner/work/CroMagRally-Android/CroMagRally-Android/android/app/.cxx/Debug/h3k1i6w1/arm64-v8a/CMakeFiles/CMakeTmp

Run Build Command(s):/usr/local/lib/android/sdk/cmake/3.22.1/bin/ninja cmTC_151ce && [1/2] Building C object CMakeFiles/cmTC_151ce.dir/CheckSymbolExists.c.o
[2/2] Linking C executable cmTC_151ce


File /home/runner/work/CroMagRally-Android/CroMagRally-Android/android/app/.cxx/Debug/h3k1i6w1/arm64-v8a/CMakeFiles/CMakeTmp/CheckSymbolExists.c:
/* */
#include <float.h>
#include <iconv.h>
#include <inttypes.h>
#include <limits.h>
#include <malloc.h>
#include <math.h>
#include <memory.h>
#include <signal.h>
#include <stdarg.h>
#include <stdbool.h>
#include <stddef.h>
#include <stdint.h>
#include <stdio.h>
#include <stdlib.h>
#include <string.h>
#include <strings.h>
#include <sys/types.h>
#include <time.h>
#include <wchar.h>

int main(int argc, char** argv)
{
  (void)argv;
#ifndef powf
  return ((int*)(&powf))[argc];
#else
  (void)argc;
  return 0;
#endif
}
Determining if the putenv exist passed with the following output:
Change Dir: /home/runner/work/CroMagRally-Android/CroMagRally-Android/android/app/.cxx/Debug/h3k1i6w1/arm64-v8a/CMakeFiles/CMakeTmp

Run Build Command(s):/usr/local/lib/android/sdk/cmake/3.22.1/bin/ninja cmTC_41fb0 && [1/2] Building C object CMakeFiles/cmTC_41fb0.dir/CheckSymbolExists.c.o
[2/2] Linking C executable cmTC_41fb0


File /home/runner/work/CroMagRally-Android/CroMagRally-Android/android/app/.cxx/Debug/h3k1i6w1/arm64-v8a/CMakeFiles/CMakeTmp/CheckSymbolExists.c:
/* */
#include <float.h>
#include <iconv.h>
#include <inttypes.h>
#include <limits.h>
#include <malloc.h>
#include <math.h>
#include <memory.h>
#include <signal.h>
#include <stdarg.h>
#include <stdbool.h>
#include <stddef.h>
#include <stdint.h>
#include <stdio.h>
#include <stdlib.h>
#include <string.h>
#include <strings.h>
#include <sys/types.h>
#include <time.h>
#include <wchar.h>

int main(int argc, char** argv)
{
  (void)argv;
#ifndef putenv
  return ((int*)(&putenv))[argc];
#else
  (void)argc;
  return 0;
#endif
}
Determining if the round exist passed with the following output:
Change Dir: /home/runner/work/CroMagRally-Android/CroMagRally-Android/android/app/.cxx/Debug/h3k1i6w1/arm64-v8a/CMakeFiles/CMakeTmp

Run Build Command(s):/usr/local/lib/android/sdk/cmake/3.22.1/bin/ninja cmTC_79f02 && [1/2] Building C object CMakeFiles/cmTC_79f02.dir/CheckSymbolExists.c.o
[2/2] Linking C executable cmTC_79f02


File /home/runner/work/CroMagRally-Android/CroMagRally-Android/android/app/.cxx/Debug/h3k1i6w1/arm64-v8a/CMakeFiles/CMakeTmp/CheckSymbolExists.c:
/* */
#include <float.h>
#include <iconv.h>
#include <inttypes.h>
#include <limits.h>
#include <malloc.h>
#include <math.h>
#include <memory.h>
#include <signal.h>
#include <stdarg.h>
#include <stdbool.h>
#include <stddef.h>
#include <stdint.h>
#include <stdio.h>
#include <stdlib.h>
#include <string.h>
#include <strings.h>
#include <sys/types.h>
#include <time.h>
#include <wchar.h>

int main(int argc, char** argv)
{
  (void)argv;
#ifndef round
  return ((int*)(&round))[argc];
#else
  (void)argc;
  return 0;
#endif
}
Determining if the roundf exist passed with the following output:
Change Dir: /home/runner/work/CroMagRally-Android/CroMagRally-Android/android/app/.cxx/Debug/h3k1i6w1/arm64-v8a/CMakeFiles/CMakeTmp

Run Build Command(s):/usr/local/lib/android/sdk/cmake/3.22.1/bin/ninja cmTC_b29ee && [1/2] Building C object CMakeFiles/cmTC_b29ee.dir/CheckSymbolExists.c.o
[2/2] Linking C executable cmTC_b29ee


File /home/runner/work/CroMagRally-Android/CroMagRally-Android/android/app/.cxx/Debug/h3k1i6w1/arm64-v8a/CMakeFiles/CMakeTmp/CheckSymbolExists.c:
/* */
#include <float.h>
#include <iconv.h>
#include <inttypes.h>
#include <limits.h>
#include <malloc.h>
#include <math.h>
#include <memory.h>
#include <signal.h>
#include <stdarg.h>
#include <stdbool.h>
#include <stddef.h>
#include <stdint.h>
#include <stdio.h>
#include <stdlib.h>
#include <string.h>
#include <strings.h>
#include <sys/types.h>
#include <time.h>
#include <wchar.h>

int main(int argc, char** argv)
{
  (void)argv;
#ifndef roundf
  return ((int*)(&roundf))[argc];
#else
  (void)argc;
  return 0;
#endif
}
Determining if the scalbn exist passed with the following output:
Change Dir: /home/runner/work/CroMagRally-Android/CroMagRally-Android/android/app/.cxx/Debug/h3k1i6w1/arm64-v8a/CMakeFiles/CMakeTmp

Run Build Command(s):/usr/local/lib/android/sdk/cmake/3.22.1/bin/ninja cmTC_1e7b2 && [1/2] Building C object CMakeFiles/cmTC_1e7b2.dir/CheckSymbolExists.c.o
[2/2] Linking C executable cmTC_1e7b2


File /home/runner/work/CroMagRally-Android/CroMagRally-Android/android/app/.cxx/Debug/h3k1i6w1/arm64-v8a/CMakeFiles/CMakeTmp/CheckSymbolExists.c:
/* */
#include <float.h>
#include <iconv.h>
#include <inttypes.h>
#include <limits.h>
#include <malloc.h>
#include <math.h>
#include <memory.h>
#include <signal.h>
#include <stdarg.h>
#include <stdbool.h>
#include <stddef.h>
#include <stdint.h>
#include <stdio.h>
#include <stdlib.h>
#include <string.h>
#include <strings.h>
#include <sys/types.h>
#include <time.h>
#include <wchar.h>

int main(int argc, char** argv)
{
  (void)argv;
#ifndef scalbn
  return ((int*)(&scalbn))[argc];
#else
  (void)argc;
  return 0;
#endif
}
Determining if the scalbnf exist passed with the following output:
Change Dir: /home/runner/work/CroMagRally-Android/CroMagRally-Android/android/app/.cxx/Debug/h3k1i6w1/arm64-v8a/CMakeFiles/CMakeTmp

Run Build Command(s):/usr/local/lib/android/sdk/cmake/3.22.1/bin/ninja cmTC_b11d9 && [1/2] Building C object CMakeFiles/cmTC_b11d9.dir/CheckSymbolExists.c.o
[2/2] Linking C executable cmTC_b11d9


File /home/runner/work/CroMagRally-Android/CroMagRally-Android/android/app/.cxx/Debug/h3k1i6w1/arm64-v8a/CMakeFiles/CMakeTmp/CheckSymbolExists.c:
/* */
#include <float.h>
#include <iconv.h>
#include <inttypes.h>
#include <limits.h>
#include <malloc.h>
#include <math.h>
#include <memory.h>
#include <signal.h>
#include <stdarg.h>
#include <stdbool.h>
#include <stddef.h>
#include <stdint.h>
#include <stdio.h>
#include <stdlib.h>
#include <string.h>
#include <strings.h>
#include <sys/types.h>
#include <time.h>
#include <wchar.h>

int main(int argc, char** argv)
{
  (void)argv;
#ifndef scalbnf
  return ((int*)(&scalbnf))[argc];
#else
  (void)argc;
  return 0;
#endif
}
Determining if the setenv exist passed with the following output:
Change Dir: /home/runner/work/CroMagRally-Android/CroMagRally-Android/android/app/.cxx/Debug/h3k1i6w1/arm64-v8a/CMakeFiles/CMakeTmp

Run Build Command(s):/usr/local/lib/android/sdk/cmake/3.22.1/bin/ninja cmTC_ea860 && [1/2] Building C object CMakeFiles/cmTC_ea860.dir/CheckSymbolExists.c.o
[2/2] Linking C executable cmTC_ea860


File /home/runner/work/CroMagRally-Android/CroMagRally-Android/android/app/.cxx/Debug/h3k1i6w1/arm64-v8a/CMakeFiles/CMakeTmp/CheckSymbolExists.c:
/* */
#include <float.h>
#include <iconv.h>
#include <inttypes.h>
#include <limits.h>
#include <malloc.h>
#include <math.h>
#include <memory.h>
#include <signal.h>
#include <stdarg.h>
#include <stdbool.h>
#include <stddef.h>
#include <stdint.h>
#include <stdio.h>
#include <stdlib.h>
#include <string.h>
#include <strings.h>
#include <sys/types.h>
#include <time.h>
#include <wchar.h>

int main(int argc, char** argv)
{
  (void)argv;
#ifndef setenv
  return ((int*)(&setenv))[argc];
#else
  (void)argc;
  return 0;
#endif
}
Determining if the sin exist passed with the following output:
Change Dir: /home/runner/work/CroMagRally-Android/CroMagRally-Android/android/app/.cxx/Debug/h3k1i6w1/arm64-v8a/CMakeFiles/CMakeTmp

Run Build Command(s):/usr/local/lib/android/sdk/cmake/3.22.1/bin/ninja cmTC_c0a00 && [1/2] Building C object CMakeFiles/cmTC_c0a00.dir/CheckSymbolExists.c.o
[2/2] Linking C executable cmTC_c0a00


File /home/runner/work/CroMagRally-Android/CroMagRally-Android/android/app/.cxx/Debug/h3k1i6w1/arm64-v8a/CMakeFiles/CMakeTmp/CheckSymbolExists.c:
/* */
#include <float.h>
#include <iconv.h>
#include <inttypes.h>
#include <limits.h>
#include <malloc.h>
#include <math.h>
#include <memory.h>
#include <signal.h>
#include <stdarg.h>
#include <stdbool.h>
#include <stddef.h>
#include <stdint.h>
#include <stdio.h>
#include <stdlib.h>
#include <string.h>
#include <strings.h>
#include <sys/types.h>
#include <time.h>
#include <wchar.h>

int main(int argc, char** argv)
{
  (void)argv;
#ifndef sin
  return ((int*)(&sin))[argc];
#else
  (void)argc;
  return 0;
#endif
}
Determining if the sinf exist passed with the following output:
Change Dir: /home/runner/work/CroMagRally-Android/CroMagRally-Android/android/app/.cxx/Debug/h3k1i6w1/arm64-v8a/CMakeFiles/CMakeTmp

Run Build Command(s):/usr/local/lib/android/sdk/cmake/3.22.1/bin/ninja cmTC_4b9f7 && [1/2] Building C object CMakeFiles/cmTC_4b9f7.dir/CheckSymbolExists.c.o
[2/2] Linking C executable cmTC_4b9f7


File /home/runner/work/CroMagRally-Android/CroMagRally-Android/android/app/.cxx/Debug/h3k1i6w1/arm64-v8a/CMakeFiles/CMakeTmp/CheckSymbolExists.c:
/* */
#include <float.h>
#include <iconv.h>
#include <inttypes.h>
#include <limits.h>
#include <malloc.h>
#include <math.h>
#include <memory.h>
#include <signal.h>
#include <stdarg.h>
#include <stdbool.h>
#include <stddef.h>
#include <stdint.h>
#include <stdio.h>
#include <stdlib.h>
#include <string.h>
#include <strings.h>
#include <sys/types.h>
#include <time.h>
#include <wchar.h>

int main(int argc, char** argv)
{
  (void)argv;
#ifndef sinf
  return ((int*)(&sinf))[argc];
#else
  (void)argc;
  return 0;
#endif
}
Determining if the sqrt exist passed with the following output:
Change Dir: /home/runner/work/CroMagRally-Android/CroMagRally-Android/android/app/.cxx/Debug/h3k1i6w1/arm64-v8a/CMakeFiles/CMakeTmp

Run Build Command(s):/usr/local/lib/android/sdk/cmake/3.22.1/bin/ninja cmTC_f78bd && [1/2] Building C object CMakeFiles/cmTC_f78bd.dir/CheckSymbolExists.c.o
[2/2] Linking C executable cmTC_f78bd


File /home/runner/work/CroMagRally-Android/CroMagRally-Android/android/app/.cxx/Debug/h3k1i6w1/arm64-v8a/CMakeFiles/CMakeTmp/CheckSymbolExists.c:
/* */
#include <float.h>
#include <iconv.h>
#include <inttypes.h>
#include <limits.h>
#include <malloc.h>
#include <math.h>
#include <memory.h>
#include <signal.h>
#include <stdarg.h>
#include <stdbool.h>
#include <stddef.h>
#include <stdint.h>
#include <stdio.h>
#include <stdlib.h>
#include <string.h>
#include <strings.h>
#include <sys/types.h>
#include <time.h>
#include <wchar.h>

int main(int argc, char** argv)
{
  (void)argv;
#ifndef sqrt
  return ((int*)(&sqrt))[argc];
#else
  (void)argc;
  return 0;
#endif
}
Determining if the sqrtf exist passed with the following output:
Change Dir: /home/runner/work/CroMagRally-Android/CroMagRally-Android/android/app/.cxx/Debug/h3k1i6w1/arm64-v8a/CMakeFiles/CMakeTmp

Run Build Command(s):/usr/local/lib/android/sdk/cmake/3.22.1/bin/ninja cmTC_e70bf && [1/2] Building C object CMakeFiles/cmTC_e70bf.dir/CheckSymbolExists.c.o
[2/2] Linking C executable cmTC_e70bf


File /home/runner/work/CroMagRally-Android/CroMagRally-Android/android/app/.cxx/Debug/h3k1i6w1/arm64-v8a/CMakeFiles/CMakeTmp/CheckSymbolExists.c:
/* */
#include <float.h>
#include <iconv.h>
#include <inttypes.h>
#include <limits.h>
#include <malloc.h>
#include <math.h>
#include <memory.h>
#include <signal.h>
#include <stdarg.h>
#include <stdbool.h>
#include <stddef.h>
#include <stdint.h>
#include <stdio.h>
#include <stdlib.h>
#include <string.h>
#include <strings.h>
#include <sys/types.h>
#include <time.h>
#include <wchar.h>

int main(int argc, char** argv)
{
  (void)argv;
#ifndef sqrtf
  return ((int*)(&sqrtf))[argc];
#else
  (void)argc;
  return 0;
#endif
}
Determining if the sscanf exist passed with the following output:
Change Dir: /home/runner/work/CroMagRally-Android/CroMagRally-Android/android/app/.cxx/Debug/h3k1i6w1/arm64-v8a/CMakeFiles/CMakeTmp

Run Build Command(s):/usr/local/lib/android/sdk/cmake/3.22.1/bin/ninja cmTC_ec2e4 && [1/2] Building C object CMakeFiles/cmTC_ec2e4.dir/CheckSymbolExists.c.o
[2/2] Linking C executable cmTC_ec2e4


File /home/runner/work/CroMagRally-Android/CroMagRally-Android/android/app/.cxx/Debug/h3k1i6w1/arm64-v8a/CMakeFiles/CMakeTmp/CheckSymbolExists.c:
/* */
#include <float.h>
#include <iconv.h>
#include <inttypes.h>
#include <limits.h>
#include <malloc.h>
#include <math.h>
#include <memory.h>
#include <signal.h>
#include <stdarg.h>
#include <stdbool.h>
#include <stddef.h>
#include <stdint.h>
#include <stdio.h>
#include <stdlib.h>
#include <string.h>
#include <strings.h>
#include <sys/types.h>
#include <time.h>
#include <wchar.h>

int main(int argc, char** argv)
{
  (void)argv;
#ifndef sscanf
  return ((int*)(&sscanf))[argc];
#else
  (void)argc;
  return 0;
#endif
}
Determining if the strchr exist passed with the following output:
Change Dir: /home/runner/work/CroMagRally-Android/CroMagRally-Android/android/app/.cxx/Debug/h3k1i6w1/arm64-v8a/CMakeFiles/CMakeTmp

Run Build Command(s):/usr/local/lib/android/sdk/cmake/3.22.1/bin/ninja cmTC_a9b3c && [1/2] Building C object CMakeFiles/cmTC_a9b3c.dir/CheckSymbolExists.c.o
[2/2] Linking C executable cmTC_a9b3c


File /home/runner/work/CroMagRally-Android/CroMagRally-Android/android/app/.cxx/Debug/h3k1i6w1/arm64-v8a/CMakeFiles/CMakeTmp/CheckSymbolExists.c:
/* */
#include <float.h>
#include <iconv.h>
#include <inttypes.h>
#include <limits.h>
#include <malloc.h>
#include <math.h>
#include <memory.h>
#include <signal.h>
#include <stdarg.h>
#include <stdbool.h>
#include <stddef.h>
#include <stdint.h>
#include <stdio.h>
#include <stdlib.h>
#include <string.h>
#include <strings.h>
#include <sys/types.h>
#include <time.h>
#include <wchar.h>

int main(int argc, char** argv)
{
  (void)argv;
#ifndef strchr
  return ((int*)(&strchr))[argc];
#else
  (void)argc;
  return 0;
#endif
}
Determining if the strcmp exist passed with the following output:
Change Dir: /home/runner/work/CroMagRally-Android/CroMagRally-Android/android/app/.cxx/Debug/h3k1i6w1/arm64-v8a/CMakeFiles/CMakeTmp

Run Build Command(s):/usr/local/lib/android/sdk/cmake/3.22.1/bin/ninja cmTC_51500 && [1/2] Building C object CMakeFiles/cmTC_51500.dir/CheckSymbolExists.c.o
[2/2] Linking C executable cmTC_51500


File /home/runner/work/CroMagRally-Android/CroMagRally-Android/android/app/.cxx/Debug/h3k1i6w1/arm64-v8a/CMakeFiles/CMakeTmp/CheckSymbolExists.c:
/* */
#include <float.h>
#include <iconv.h>
#include <inttypes.h>
#include <limits.h>
#include <malloc.h>
#include <math.h>
#include <memory.h>
#include <signal.h>
#include <stdarg.h>
#include <stdbool.h>
#include <stddef.h>
#include <stdint.h>
#include <stdio.h>
#include <stdlib.h>
#include <string.h>
#include <strings.h>
#include <sys/types.h>
#include <time.h>
#include <wchar.h>

int main(int argc, char** argv)
{
  (void)argv;
#ifndef strcmp
  return ((int*)(&strcmp))[argc];
#else
  (void)argc;
  return 0;
#endif
}
Determining if the strlcat exist passed with the following output:
Change Dir: /home/runner/work/CroMagRally-Android/CroMagRally-Android/android/app/.cxx/Debug/h3k1i6w1/arm64-v8a/CMakeFiles/CMakeTmp

Run Build Command(s):/usr/local/lib/android/sdk/cmake/3.22.1/bin/ninja cmTC_6dc6c && [1/2] Building C object CMakeFiles/cmTC_6dc6c.dir/CheckSymbolExists.c.o
[2/2] Linking C executable cmTC_6dc6c


File /home/runner/work/CroMagRally-Android/CroMagRally-Android/android/app/.cxx/Debug/h3k1i6w1/arm64-v8a/CMakeFiles/CMakeTmp/CheckSymbolExists.c:
/* */
#include <float.h>
#include <iconv.h>
#include <inttypes.h>
#include <limits.h>
#include <malloc.h>
#include <math.h>
#include <memory.h>
#include <signal.h>
#include <stdarg.h>
#include <stdbool.h>
#include <stddef.h>
#include <stdint.h>
#include <stdio.h>
#include <stdlib.h>
#include <string.h>
#include <strings.h>
#include <sys/types.h>
#include <time.h>
#include <wchar.h>

int main(int argc, char** argv)
{
  (void)argv;
#ifndef strlcat
  return ((int*)(&strlcat))[argc];
#else
  (void)argc;
  return 0;
#endif
}
Determining if the strlcpy exist passed with the following output:
Change Dir: /home/runner/work/CroMagRally-Android/CroMagRally-Android/android/app/.cxx/Debug/h3k1i6w1/arm64-v8a/CMakeFiles/CMakeTmp

Run Build Command(s):/usr/local/lib/android/sdk/cmake/3.22.1/bin/ninja cmTC_b806f && [1/2] Building C object CMakeFiles/cmTC_b806f.dir/CheckSymbolExists.c.o
[2/2] Linking C executable cmTC_b806f


File /home/runner/work/CroMagRally-Android/CroMagRally-Android/android/app/.cxx/Debug/h3k1i6w1/arm64-v8a/CMakeFiles/CMakeTmp/CheckSymbolExists.c:
/* */
#include <float.h>
#include <iconv.h>
#include <inttypes.h>
#include <limits.h>
#include <malloc.h>
#include <math.h>
#include <memory.h>
#include <signal.h>
#include <stdarg.h>
#include <stdbool.h>
#include <stddef.h>
#include <stdint.h>
#include <stdio.h>
#include <stdlib.h>
#include <string.h>
#include <strings.h>
#include <sys/types.h>
#include <time.h>
#include <wchar.h>

int main(int argc, char** argv)
{
  (void)argv;
#ifndef strlcpy
  return ((int*)(&strlcpy))[argc];
#else
  (void)argc;
  return 0;
#endif
}
Determining if the strlen exist passed with the following output:
Change Dir: /home/runner/work/CroMagRally-Android/CroMagRally-Android/android/app/.cxx/Debug/h3k1i6w1/arm64-v8a/CMakeFiles/CMakeTmp

Run Build Command(s):/usr/local/lib/android/sdk/cmake/3.22.1/bin/ninja cmTC_b97cd && [1/2] Building C object CMakeFiles/cmTC_b97cd.dir/CheckSymbolExists.c.o
[2/2] Linking C executable cmTC_b97cd


File /home/runner/work/CroMagRally-Android/CroMagRally-Android/android/app/.cxx/Debug/h3k1i6w1/arm64-v8a/CMakeFiles/CMakeTmp/CheckSymbolExists.c:
/* */
#include <float.h>
#include <iconv.h>
#include <inttypes.h>
#include <limits.h>
#include <malloc.h>
#include <math.h>
#include <memory.h>
#include <signal.h>
#include <stdarg.h>
#include <stdbool.h>
#include <stddef.h>
#include <stdint.h>
#include <stdio.h>
#include <stdlib.h>
#include <string.h>
#include <strings.h>
#include <sys/types.h>
#include <time.h>
#include <wchar.h>

int main(int argc, char** argv)
{
  (void)argv;
#ifndef strlen
  return ((int*)(&strlen))[argc];
#else
  (void)argc;
  return 0;
#endif
}
Determining if the strncmp exist passed with the following output:
Change Dir: /home/runner/work/CroMagRally-Android/CroMagRally-Android/android/app/.cxx/Debug/h3k1i6w1/arm64-v8a/CMakeFiles/CMakeTmp

Run Build Command(s):/usr/local/lib/android/sdk/cmake/3.22.1/bin/ninja cmTC_1dd5c && [1/2] Building C object CMakeFiles/cmTC_1dd5c.dir/CheckSymbolExists.c.o
[2/2] Linking C executable cmTC_1dd5c


File /home/runner/work/CroMagRally-Android/CroMagRally-Android/android/app/.cxx/Debug/h3k1i6w1/arm64-v8a/CMakeFiles/CMakeTmp/CheckSymbolExists.c:
/* */
#include <float.h>
#include <iconv.h>
#include <inttypes.h>
#include <limits.h>
#include <malloc.h>
#include <math.h>
#include <memory.h>
#include <signal.h>
#include <stdarg.h>
#include <stdbool.h>
#include <stddef.h>
#include <stdint.h>
#include <stdio.h>
#include <stdlib.h>
#include <string.h>
#include <strings.h>
#include <sys/types.h>
#include <time.h>
#include <wchar.h>

int main(int argc, char** argv)
{
  (void)argv;
#ifndef strncmp
  return ((int*)(&strncmp))[argc];
#else
  (void)argc;
  return 0;
#endif
}
Determining if the strnlen exist passed with the following output:
Change Dir: /home/runner/work/CroMagRally-Android/CroMagRally-Android/android/app/.cxx/Debug/h3k1i6w1/arm64-v8a/CMakeFiles/CMakeTmp

Run Build Command(s):/usr/local/lib/android/sdk/cmake/3.22.1/bin/ninja cmTC_b54f1 && [1/2] Building C object CMakeFiles/cmTC_b54f1.dir/CheckSymbolExists.c.o
[2/2] Linking C executable cmTC_b54f1


File /home/runner/work/CroMagRally-Android/CroMagRally-Android/android/app/.cxx/Debug/h3k1i6w1/arm64-v8a/CMakeFiles/CMakeTmp/CheckSymbolExists.c:
/* */
#include <float.h>
#include <iconv.h>
#include <inttypes.h>
#include <limits.h>
#include <malloc.h>
#include <math.h>
#include <memory.h>
#include <signal.h>
#include <stdarg.h>
#include <stdbool.h>
#include <stddef.h>
#include <stdint.h>
#include <stdio.h>
#include <stdlib.h>
#include <string.h>
#include <strings.h>
#include <sys/types.h>
#include <time.h>
#include <wchar.h>

int main(int argc, char** argv)
{
  (void)argv;
#ifndef strnlen
  return ((int*)(&strnlen))[argc];
#else
  (void)argc;
  return 0;
#endif
}
Determining if the strpbrk exist passed with the following output:
Change Dir: /home/runner/work/CroMagRally-Android/CroMagRally-Android/android/app/.cxx/Debug/h3k1i6w1/arm64-v8a/CMakeFiles/CMakeTmp

Run Build Command(s):/usr/local/lib/android/sdk/cmake/3.22.1/bin/ninja cmTC_6fd79 && [1/2] Building C object CMakeFiles/cmTC_6fd79.dir/CheckSymbolExists.c.o
[2/2] Linking C executable cmTC_6fd79


File /home/runner/work/CroMagRally-Android/CroMagRally-Android/android/app/.cxx/Debug/h3k1i6w1/arm64-v8a/CMakeFiles/CMakeTmp/CheckSymbolExists.c:
/* */
#include <float.h>
#include <iconv.h>
#include <inttypes.h>
#include <limits.h>
#include <malloc.h>
#include <math.h>
#include <memory.h>
#include <signal.h>
#include <stdarg.h>
#include <stdbool.h>
#include <stddef.h>
#include <stdint.h>
#include <stdio.h>
#include <stdlib.h>
#include <string.h>
#include <strings.h>
#include <sys/types.h>
#include <time.h>
#include <wchar.h>

int main(int argc, char** argv)
{
  (void)argv;
#ifndef strpbrk
  return ((int*)(&strpbrk))[argc];
#else
  (void)argc;
  return 0;
#endif
}
Determining if the strrchr exist passed with the following output:
Change Dir: /home/runner/work/CroMagRally-Android/CroMagRally-Android/android/app/.cxx/Debug/h3k1i6w1/arm64-v8a/CMakeFiles/CMakeTmp

Run Build Command(s):/usr/local/lib/android/sdk/cmake/3.22.1/bin/ninja cmTC_0f25d && [1/2] Building C object CMakeFiles/cmTC_0f25d.dir/CheckSymbolExists.c.o
[2/2] Linking C executable cmTC_0f25d


File /home/runner/work/CroMagRally-Android/CroMagRally-Android/android/app/.cxx/Debug/h3k1i6w1/arm64-v8a/CMakeFiles/CMakeTmp/CheckSymbolExists.c:
/* */
#include <float.h>
#include <iconv.h>
#include <inttypes.h>
#include <limits.h>
#include <malloc.h>
#include <math.h>
#include <memory.h>
#include <signal.h>
#include <stdarg.h>
#include <stdbool.h>
#include <stddef.h>
#include <stdint.h>
#include <stdio.h>
#include <stdlib.h>
#include <string.h>
#include <strings.h>
#include <sys/types.h>
#include <time.h>
#include <wchar.h>

int main(int argc, char** argv)
{
  (void)argv;
#ifndef strrchr
  return ((int*)(&strrchr))[argc];
#else
  (void)argc;
  return 0;
#endif
}
Determining if the strstr exist passed with the following output:
Change Dir: /home/runner/work/CroMagRally-Android/CroMagRally-Android/android/app/.cxx/Debug/h3k1i6w1/arm64-v8a/CMakeFiles/CMakeTmp

Run Build Command(s):/usr/local/lib/android/sdk/cmake/3.22.1/bin/ninja cmTC_ddf48 && [1/2] Building C object CMakeFiles/cmTC_ddf48.dir/CheckSymbolExists.c.o
[2/2] Linking C executable cmTC_ddf48


File /home/runner/work/CroMagRally-Android/CroMagRally-Android/android/app/.cxx/Debug/h3k1i6w1/arm64-v8a/CMakeFiles/CMakeTmp/CheckSymbolExists.c:
/* */
#include <float.h>
#include <iconv.h>
#include <inttypes.h>
#include <limits.h>
#include <malloc.h>
#include <math.h>
#include <memory.h>
#include <signal.h>
#include <stdarg.h>
#include <stdbool.h>
#include <stddef.h>
#include <stdint.h>
#include <stdio.h>
#include <stdlib.h>
#include <string.h>
#include <strings.h>
#include <sys/types.h>
#include <time.h>
#include <wchar.h>

int main(int argc, char** argv)
{
  (void)argv;
#ifndef strstr
  return ((int*)(&strstr))[argc];
#else
  (void)argc;
  return 0;
#endif
}
Determining if the strtod exist passed with the following output:
Change Dir: /home/runner/work/CroMagRally-Android/CroMagRally-Android/android/app/.cxx/Debug/h3k1i6w1/arm64-v8a/CMakeFiles/CMakeTmp

Run Build Command(s):/usr/local/lib/android/sdk/cmake/3.22.1/bin/ninja cmTC_53a48 && [1/2] Building C object CMakeFiles/cmTC_53a48.dir/CheckSymbolExists.c.o
[2/2] Linking C executable cmTC_53a48


File /home/runner/work/CroMagRally-Android/CroMagRally-Android/android/app/.cxx/Debug/h3k1i6w1/arm64-v8a/CMakeFiles/CMakeTmp/CheckSymbolExists.c:
/* */
#include <float.h>
#include <iconv.h>
#include <inttypes.h>
#include <limits.h>
#include <malloc.h>
#include <math.h>
#include <memory.h>
#include <signal.h>
#include <stdarg.h>
#include <stdbool.h>
#include <stddef.h>
#include <stdint.h>
#include <stdio.h>
#include <stdlib.h>
#include <string.h>
#include <strings.h>
#include <sys/types.h>
#include <time.h>
#include <wchar.h>

int main(int argc, char** argv)
{
  (void)argv;
#ifndef strtod
  return ((int*)(&strtod))[argc];
#else
  (void)argc;
  return 0;
#endif
}
Determining if the strtok_r exist passed with the following output:
Change Dir: /home/runner/work/CroMagRally-Android/CroMagRally-Android/android/app/.cxx/Debug/h3k1i6w1/arm64-v8a/CMakeFiles/CMakeTmp

Run Build Command(s):/usr/local/lib/android/sdk/cmake/3.22.1/bin/ninja cmTC_2bff1 && [1/2] Building C object CMakeFiles/cmTC_2bff1.dir/CheckSymbolExists.c.o
[2/2] Linking C executable cmTC_2bff1


File /home/runner/work/CroMagRally-Android/CroMagRally-Android/android/app/.cxx/Debug/h3k1i6w1/arm64-v8a/CMakeFiles/CMakeTmp/CheckSymbolExists.c:
/* */
#include <float.h>
#include <iconv.h>
#include <inttypes.h>
#include <limits.h>
#include <malloc.h>
#include <math.h>
#include <memory.h>
#include <signal.h>
#include <stdarg.h>
#include <stdbool.h>
#include <stddef.h>
#include <stdint.h>
#include <stdio.h>
#include <stdlib.h>
#include <string.h>
#include <strings.h>
#include <sys/types.h>
#include <time.h>
#include <wchar.h>

int main(int argc, char** argv)
{
  (void)argv;
#ifndef strtok_r
  return ((int*)(&strtok_r))[argc];
#else
  (void)argc;
  return 0;
#endif
}
Determining if the strtol exist passed with the following output:
Change Dir: /home/runner/work/CroMagRally-Android/CroMagRally-Android/android/app/.cxx/Debug/h3k1i6w1/arm64-v8a/CMakeFiles/CMakeTmp

Run Build Command(s):/usr/local/lib/android/sdk/cmake/3.22.1/bin/ninja cmTC_c8117 && [1/2] Building C object CMakeFiles/cmTC_c8117.dir/CheckSymbolExists.c.o
[2/2] Linking C executable cmTC_c8117


File /home/runner/work/CroMagRally-Android/CroMagRally-Android/android/app/.cxx/Debug/h3k1i6w1/arm64-v8a/CMakeFiles/CMakeTmp/CheckSymbolExists.c:
/* */
#include <float.h>
#include <iconv.h>
#include <inttypes.h>
#include <limits.h>
#include <malloc.h>
#include <math.h>
#include <memory.h>
#include <signal.h>
#include <stdarg.h>
#include <stdbool.h>
#include <stddef.h>
#include <stdint.h>
#include <stdio.h>
#include <stdlib.h>
#include <string.h>
#include <strings.h>
#include <sys/types.h>
#include <time.h>
#include <wchar.h>

int main(int argc, char** argv)
{
  (void)argv;
#ifndef strtol
  return ((int*)(&strtol))[argc];
#else
  (void)argc;
  return 0;
#endif
}
Determining if the strtoll exist passed with the following output:
Change Dir: /home/runner/work/CroMagRally-Android/CroMagRally-Android/android/app/.cxx/Debug/h3k1i6w1/arm64-v8a/CMakeFiles/CMakeTmp

Run Build Command(s):/usr/local/lib/android/sdk/cmake/3.22.1/bin/ninja cmTC_fe2ba && [1/2] Building C object CMakeFiles/cmTC_fe2ba.dir/CheckSymbolExists.c.o
[2/2] Linking C executable cmTC_fe2ba


File /home/runner/work/CroMagRally-Android/CroMagRally-Android/android/app/.cxx/Debug/h3k1i6w1/arm64-v8a/CMakeFiles/CMakeTmp/CheckSymbolExists.c:
/* */
#include <float.h>
#include <iconv.h>
#include <inttypes.h>
#include <limits.h>
#include <malloc.h>
#include <math.h>
#include <memory.h>
#include <signal.h>
#include <stdarg.h>
#include <stdbool.h>
#include <stddef.h>
#include <stdint.h>
#include <stdio.h>
#include <stdlib.h>
#include <string.h>
#include <strings.h>
#include <sys/types.h>
#include <time.h>
#include <wchar.h>

int main(int argc, char** argv)
{
  (void)argv;
#ifndef strtoll
  return ((int*)(&strtoll))[argc];
#else
  (void)argc;
  return 0;
#endif
}
Determining if the strtoul exist passed with the following output:
Change Dir: /home/runner/work/CroMagRally-Android/CroMagRally-Android/android/app/.cxx/Debug/h3k1i6w1/arm64-v8a/CMakeFiles/CMakeTmp

Run Build Command(s):/usr/local/lib/android/sdk/cmake/3.22.1/bin/ninja cmTC_1b52c && [1/2] Building C object CMakeFiles/cmTC_1b52c.dir/CheckSymbolExists.c.o
[2/2] Linking C executable cmTC_1b52c


File /home/runner/work/CroMagRally-Android/CroMagRally-Android/android/app/.cxx/Debug/h3k1i6w1/arm64-v8a/CMakeFiles/CMakeTmp/CheckSymbolExists.c:
/* */
#include <float.h>
#include <iconv.h>
#include <inttypes.h>
#include <limits.h>
#include <malloc.h>
#include <math.h>
#include <memory.h>
#include <signal.h>
#include <stdarg.h>
#include <stdbool.h>
#include <stddef.h>
#include <stdint.h>
#include <stdio.h>
#include <stdlib.h>
#include <string.h>
#include <strings.h>
#include <sys/types.h>
#include <time.h>
#include <wchar.h>

int main(int argc, char** argv)
{
  (void)argv;
#ifndef strtoul
  return ((int*)(&strtoul))[argc];
#else
  (void)argc;
  return 0;
#endif
}
Determining if the strtoull exist passed with the following output:
Change Dir: /home/runner/work/CroMagRally-Android/CroMagRally-Android/android/app/.cxx/Debug/h3k1i6w1/arm64-v8a/CMakeFiles/CMakeTmp

Run Build Command(s):/usr/local/lib/android/sdk/cmake/3.22.1/bin/ninja cmTC_d8e30 && [1/2] Building C object CMakeFiles/cmTC_d8e30.dir/CheckSymbolExists.c.o
[2/2] Linking C executable cmTC_d8e30


File /home/runner/work/CroMagRally-Android/CroMagRally-Android/android/app/.cxx/Debug/h3k1i6w1/arm64-v8a/CMakeFiles/CMakeTmp/CheckSymbolExists.c:
/* */
#include <float.h>
#include <iconv.h>
#include <inttypes.h>
#include <limits.h>
#include <malloc.h>
#include <math.h>
#include <memory.h>
#include <signal.h>
#include <stdarg.h>
#include <stdbool.h>
#include <stddef.h>
#include <stdint.h>
#include <stdio.h>
#include <stdlib.h>
#include <string.h>
#include <strings.h>
#include <sys/types.h>
#include <time.h>
#include <wchar.h>

int main(int argc, char** argv)
{
  (void)argv;
#ifndef strtoull
  return ((int*)(&strtoull))[argc];
#else
  (void)argc;
  return 0;
#endif
}
Determining if the tan exist passed with the following output:
Change Dir: /home/runner/work/CroMagRally-Android/CroMagRally-Android/android/app/.cxx/Debug/h3k1i6w1/arm64-v8a/CMakeFiles/CMakeTmp

Run Build Command(s):/usr/local/lib/android/sdk/cmake/3.22.1/bin/ninja cmTC_9aaf1 && [1/2] Building C object CMakeFiles/cmTC_9aaf1.dir/CheckSymbolExists.c.o
[2/2] Linking C executable cmTC_9aaf1


File /home/runner/work/CroMagRally-Android/CroMagRally-Android/android/app/.cxx/Debug/h3k1i6w1/arm64-v8a/CMakeFiles/CMakeTmp/CheckSymbolExists.c:
/* */
#include <float.h>
#include <iconv.h>
#include <inttypes.h>
#include <limits.h>
#include <malloc.h>
#include <math.h>
#include <memory.h>
#include <signal.h>
#include <stdarg.h>
#include <stdbool.h>
#include <stddef.h>
#include <stdint.h>
#include <stdio.h>
#include <stdlib.h>
#include <string.h>
#include <strings.h>
#include <sys/types.h>
#include <time.h>
#include <wchar.h>

int main(int argc, char** argv)
{
  (void)argv;
#ifndef tan
  return ((int*)(&tan))[argc];
#else
  (void)argc;
  return 0;
#endif
}
Determining if the tanf exist passed with the following output:
Change Dir: /home/runner/work/CroMagRally-Android/CroMagRally-Android/android/app/.cxx/Debug/h3k1i6w1/arm64-v8a/CMakeFiles/CMakeTmp

Run Build Command(s):/usr/local/lib/android/sdk/cmake/3.22.1/bin/ninja cmTC_5fa48 && [1/2] Building C object CMakeFiles/cmTC_5fa48.dir/CheckSymbolExists.c.o
[2/2] Linking C executable cmTC_5fa48


File /home/runner/work/CroMagRally-Android/CroMagRally-Android/android/app/.cxx/Debug/h3k1i6w1/arm64-v8a/CMakeFiles/CMakeTmp/CheckSymbolExists.c:
/* */
#include <float.h>
#include <iconv.h>
#include <inttypes.h>
#include <limits.h>
#include <malloc.h>
#include <math.h>
#include <memory.h>
#include <signal.h>
#include <stdarg.h>
#include <stdbool.h>
#include <stddef.h>
#include <stdint.h>
#include <stdio.h>
#include <stdlib.h>
#include <string.h>
#include <strings.h>
#include <sys/types.h>
#include <time.h>
#include <wchar.h>

int main(int argc, char** argv)
{
  (void)argv;
#ifndef tanf
  return ((int*)(&tanf))[argc];
#else
  (void)argc;
  return 0;
#endif
}
Determining if the trunc exist passed with the following output:
Change Dir: /home/runner/work/CroMagRally-Android/CroMagRally-Android/android/app/.cxx/Debug/h3k1i6w1/arm64-v8a/CMakeFiles/CMakeTmp

Run Build Command(s):/usr/local/lib/android/sdk/cmake/3.22.1/bin/ninja cmTC_6ee16 && [1/2] Building C object CMakeFiles/cmTC_6ee16.dir/CheckSymbolExists.c.o
[2/2] Linking C executable cmTC_6ee16


File /home/runner/work/CroMagRally-Android/CroMagRally-Android/android/app/.cxx/Debug/h3k1i6w1/arm64-v8a/CMakeFiles/CMakeTmp/CheckSymbolExists.c:
/* */
#include <float.h>
#include <iconv.h>
#include <inttypes.h>
#include <limits.h>
#include <malloc.h>
#include <math.h>
#include <memory.h>
#include <signal.h>
#include <stdarg.h>
#include <stdbool.h>
#include <stddef.h>
#include <stdint.h>
#include <stdio.h>
#include <stdlib.h>
#include <string.h>
#include <strings.h>
#include <sys/types.h>
#include <time.h>
#include <wchar.h>

int main(int argc, char** argv)
{
  (void)argv;
#ifndef trunc
  return ((int*)(&trunc))[argc];
#else
  (void)argc;
  return 0;
#endif
}
Determining if the truncf exist passed with the following output:
Change Dir: /home/runner/work/CroMagRally-Android/CroMagRally-Android/android/app/.cxx/Debug/h3k1i6w1/arm64-v8a/CMakeFiles/CMakeTmp

Run Build Command(s):/usr/local/lib/android/sdk/cmake/3.22.1/bin/ninja cmTC_8abee && [1/2] Building C object CMakeFiles/cmTC_8abee.dir/CheckSymbolExists.c.o
[2/2] Linking C executable cmTC_8abee


File /home/runner/work/CroMagRally-Android/CroMagRally-Android/android/app/.cxx/Debug/h3k1i6w1/arm64-v8a/CMakeFiles/CMakeTmp/CheckSymbolExists.c:
/* */
#include <float.h>
#include <iconv.h>
#include <inttypes.h>
#include <limits.h>
#include <malloc.h>
#include <math.h>
#include <memory.h>
#include <signal.h>
#include <stdarg.h>
#include <stdbool.h>
#include <stddef.h>
#include <stdint.h>
#include <stdio.h>
#include <stdlib.h>
#include <string.h>
#include <strings.h>
#include <sys/types.h>
#include <time.h>
#include <wchar.h>

int main(int argc, char** argv)
{
  (void)argv;
#ifndef truncf
  return ((int*)(&truncf))[argc];
#else
  (void)argc;
  return 0;
#endif
}
Determining if the unsetenv exist passed with the following output:
Change Dir: /home/runner/work/CroMagRally-Android/CroMagRally-Android/android/app/.cxx/Debug/h3k1i6w1/arm64-v8a/CMakeFiles/CMakeTmp

Run Build Command(s):/usr/local/lib/android/sdk/cmake/3.22.1/bin/ninja cmTC_ac875 && [1/2] Building C object CMakeFiles/cmTC_ac875.dir/CheckSymbolExists.c.o
[2/2] Linking C executable cmTC_ac875


File /home/runner/work/CroMagRally-Android/CroMagRally-Android/android/app/.cxx/Debug/h3k1i6w1/arm64-v8a/CMakeFiles/CMakeTmp/CheckSymbolExists.c:
/* */
#include <float.h>
#include <iconv.h>
#include <inttypes.h>
#include <limits.h>
#include <malloc.h>
#include <math.h>
#include <memory.h>
#include <signal.h>
#include <stdarg.h>
#include <stdbool.h>
#include <stddef.h>
#include <stdint.h>
#include <stdio.h>
#include <stdlib.h>
#include <string.h>
#include <strings.h>
#include <sys/types.h>
#include <time.h>
#include <wchar.h>

int main(int argc, char** argv)
{
  (void)argv;
#ifndef unsetenv
  return ((int*)(&unsetenv))[argc];
#else
  (void)argc;
  return 0;
#endif
}
Determining if the vsnprintf exist passed with the following output:
Change Dir: /home/runner/work/CroMagRally-Android/CroMagRally-Android/android/app/.cxx/Debug/h3k1i6w1/arm64-v8a/CMakeFiles/CMakeTmp

Run Build Command(s):/usr/local/lib/android/sdk/cmake/3.22.1/bin/ninja cmTC_6e8c5 && [1/2] Building C object CMakeFiles/cmTC_6e8c5.dir/CheckSymbolExists.c.o
[2/2] Linking C executable cmTC_6e8c5


File /home/runner/work/CroMagRally-Android/CroMagRally-Android/android/app/.cxx/Debug/h3k1i6w1/arm64-v8a/CMakeFiles/CMakeTmp/CheckSymbolExists.c:
/* */
#include <float.h>
#include <iconv.h>
#include <inttypes.h>
#include <limits.h>
#include <malloc.h>
#include <math.h>
#include <memory.h>
#include <signal.h>
#include <stdarg.h>
#include <stdbool.h>
#include <stddef.h>
#include <stdint.h>
#include <stdio.h>
#include <stdlib.h>
#include <string.h>
#include <strings.h>
#include <sys/types.h>
#include <time.h>
#include <wchar.h>

int main(int argc, char** argv)
{
  (void)argv;
#ifndef vsnprintf
  return ((int*)(&vsnprintf))[argc];
#else
  (void)argc;
  return 0;
#endif
}
Determining if the vsscanf exist passed with the following output:
Change Dir: /home/runner/work/CroMagRally-Android/CroMagRally-Android/android/app/.cxx/Debug/h3k1i6w1/arm64-v8a/CMakeFiles/CMakeTmp

Run Build Command(s):/usr/local/lib/android/sdk/cmake/3.22.1/bin/ninja cmTC_1046e && [1/2] Building C object CMakeFiles/cmTC_1046e.dir/CheckSymbolExists.c.o
[2/2] Linking C executable cmTC_1046e


File /home/runner/work/CroMagRally-Android/CroMagRally-Android/android/app/.cxx/Debug/h3k1i6w1/arm64-v8a/CMakeFiles/CMakeTmp/CheckSymbolExists.c:
/* */
#include <float.h>
#include <iconv.h>
#include <inttypes.h>
#include <limits.h>
#include <malloc.h>
#include <math.h>
#include <memory.h>
#include <signal.h>
#include <stdarg.h>
#include <stdbool.h>
#include <stddef.h>
#include <stdint.h>
#include <stdio.h>
#include <stdlib.h>
#include <string.h>
#include <strings.h>
#include <sys/types.h>
#include <time.h>
#include <wchar.h>

int main(int argc, char** argv)
{
  (void)argv;
#ifndef vsscanf
  return ((int*)(&vsscanf))[argc];
#else
  (void)argc;
  return 0;
#endif
}
Determining if the wcsnlen exist passed with the following output:
Change Dir: /home/runner/work/CroMagRally-Android/CroMagRally-Android/android/app/.cxx/Debug/h3k1i6w1/arm64-v8a/CMakeFiles/CMakeTmp

Run Build Command(s):/usr/local/lib/android/sdk/cmake/3.22.1/bin/ninja cmTC_bdfa1 && [1/2] Building C object CMakeFiles/cmTC_bdfa1.dir/CheckSymbolExists.c.o
[2/2] Linking C executable cmTC_bdfa1


File /home/runner/work/CroMagRally-Android/CroMagRally-Android/android/app/.cxx/Debug/h3k1i6w1/arm64-v8a/CMakeFiles/CMakeTmp/CheckSymbolExists.c:
/* */
#include <float.h>
#include <iconv.h>
#include <inttypes.h>
#include <limits.h>
#include <malloc.h>
#include <math.h>
#include <memory.h>
#include <signal.h>
#include <stdarg.h>
#include <stdbool.h>
#include <stddef.h>
#include <stdint.h>
#include <stdio.h>
#include <stdlib.h>
#include <string.h>
#include <strings.h>
#include <sys/types.h>
#include <time.h>
#include <wchar.h>

int main(int argc, char** argv)
{
  (void)argv;
#ifndef wcsnlen
  return ((int*)(&wcsnlen))[argc];
#else
  (void)argc;
  return 0;
#endif
}
Determining if the wcscmp exist passed with the following output:
Change Dir: /home/runner/work/CroMagRally-Android/CroMagRally-Android/android/app/.cxx/Debug/h3k1i6w1/arm64-v8a/CMakeFiles/CMakeTmp

Run Build Command(s):/usr/local/lib/android/sdk/cmake/3.22.1/bin/ninja cmTC_ba799 && [1/2] Building C object CMakeFiles/cmTC_ba799.dir/CheckSymbolExists.c.o
[2/2] Linking C executable cmTC_ba799


File /home/runner/work/CroMagRally-Android/CroMagRally-Android/android/app/.cxx/Debug/h3k1i6w1/arm64-v8a/CMakeFiles/CMakeTmp/CheckSymbolExists.c:
/* */
#include <float.h>
#include <iconv.h>
#include <inttypes.h>
#include <limits.h>
#include <malloc.h>
#include <math.h>
#include <memory.h>
#include <signal.h>
#include <stdarg.h>
#include <stdbool.h>
#include <stddef.h>
#include <stdint.h>
#include <stdio.h>
#include <stdlib.h>
#include <string.h>
#include <strings.h>
#include <sys/types.h>
#include <time.h>
#include <wchar.h>

int main(int argc, char** argv)
{
  (void)argv;
#ifndef wcscmp
  return ((int*)(&wcscmp))[argc];
#else
  (void)argc;
  return 0;
#endif
}
Determining if the wcsdup exist passed with the following output:
Change Dir: /home/runner/work/CroMagRally-Android/CroMagRally-Android/android/app/.cxx/Debug/h3k1i6w1/arm64-v8a/CMakeFiles/CMakeTmp

Run Build Command(s):/usr/local/lib/android/sdk/cmake/3.22.1/bin/ninja cmTC_4bf0e && [1/2] Building C object CMakeFiles/cmTC_4bf0e.dir/CheckSymbolExists.c.o
[2/2] Linking C executable cmTC_4bf0e


File /home/runner/work/CroMagRally-Android/CroMagRally-Android/android/app/.cxx/Debug/h3k1i6w1/arm64-v8a/CMakeFiles/CMakeTmp/CheckSymbolExists.c:
/* */
#include <float.h>
#include <iconv.h>
#include <inttypes.h>
#include <limits.h>
#include <malloc.h>
#include <math.h>
#include <memory.h>
#include <signal.h>
#include <stdarg.h>
#include <stdbool.h>
#include <stddef.h>
#include <stdint.h>
#include <stdio.h>
#include <stdlib.h>
#include <string.h>
#include <strings.h>
#include <sys/types.h>
#include <time.h>
#include <wchar.h>

int main(int argc, char** argv)
{
  (void)argv;
#ifndef wcsdup
  return ((int*)(&wcsdup))[argc];
#else
  (void)argc;
  return 0;
#endif
}
Determining if the wcslcat exist passed with the following output:
Change Dir: /home/runner/work/CroMagRally-Android/CroMagRally-Android/android/app/.cxx/Debug/h3k1i6w1/arm64-v8a/CMakeFiles/CMakeTmp

Run Build Command(s):/usr/local/lib/android/sdk/cmake/3.22.1/bin/ninja cmTC_a415c && [1/2] Building C object CMakeFiles/cmTC_a415c.dir/CheckSymbolExists.c.o
[2/2] Linking C executable cmTC_a415c


File /home/runner/work/CroMagRally-Android/CroMagRally-Android/android/app/.cxx/Debug/h3k1i6w1/arm64-v8a/CMakeFiles/CMakeTmp/CheckSymbolExists.c:
/* */
#include <float.h>
#include <iconv.h>
#include <inttypes.h>
#include <limits.h>
#include <malloc.h>
#include <math.h>
#include <memory.h>
#include <signal.h>
#include <stdarg.h>
#include <stdbool.h>
#include <stddef.h>
#include <stdint.h>
#include <stdio.h>
#include <stdlib.h>
#include <string.h>
#include <strings.h>
#include <sys/types.h>
#include <time.h>
#include <wchar.h>

int main(int argc, char** argv)
{
  (void)argv;
#ifndef wcslcat
  return ((int*)(&wcslcat))[argc];
#else
  (void)argc;
  return 0;
#endif
}
Determining if the wcslcpy exist passed with the following output:
Change Dir: /home/runner/work/CroMagRally-Android/CroMagRally-Android/android/app/.cxx/Debug/h3k1i6w1/arm64-v8a/CMakeFiles/CMakeTmp

Run Build Command(s):/usr/local/lib/android/sdk/cmake/3.22.1/bin/ninja cmTC_bf4ba && [1/2] Building C object CMakeFiles/cmTC_bf4ba.dir/CheckSymbolExists.c.o
[2/2] Linking C executable cmTC_bf4ba


File /home/runner/work/CroMagRally-Android/CroMagRally-Android/android/app/.cxx/Debug/h3k1i6w1/arm64-v8a/CMakeFiles/CMakeTmp/CheckSymbolExists.c:
/* */
#include <float.h>
#include <iconv.h>
#include <inttypes.h>
#include <limits.h>
#include <malloc.h>
#include <math.h>
#include <memory.h>
#include <signal.h>
#include <stdarg.h>
#include <stdbool.h>
#include <stddef.h>
#include <stdint.h>
#include <stdio.h>
#include <stdlib.h>
#include <string.h>
#include <strings.h>
#include <sys/types.h>
#include <time.h>
#include <wchar.h>

int main(int argc, char** argv)
{
  (void)argv;
#ifndef wcslcpy
  return ((int*)(&wcslcpy))[argc];
#else
  (void)argc;
  return 0;
#endif
}
Determining if the wcslen exist passed with the following output:
Change Dir: /home/runner/work/CroMagRally-Android/CroMagRally-Android/android/app/.cxx/Debug/h3k1i6w1/arm64-v8a/CMakeFiles/CMakeTmp

Run Build Command(s):/usr/local/lib/android/sdk/cmake/3.22.1/bin/ninja cmTC_a1d38 && [1/2] Building C object CMakeFiles/cmTC_a1d38.dir/CheckSymbolExists.c.o
[2/2] Linking C executable cmTC_a1d38


File /home/runner/work/CroMagRally-Android/CroMagRally-Android/android/app/.cxx/Debug/h3k1i6w1/arm64-v8a/CMakeFiles/CMakeTmp/CheckSymbolExists.c:
/* */
#include <float.h>
#include <iconv.h>
#include <inttypes.h>
#include <limits.h>
#include <malloc.h>
#include <math.h>
#include <memory.h>
#include <signal.h>
#include <stdarg.h>
#include <stdbool.h>
#include <stddef.h>
#include <stdint.h>
#include <stdio.h>
#include <stdlib.h>
#include <string.h>
#include <strings.h>
#include <sys/types.h>
#include <time.h>
#include <wchar.h>

int main(int argc, char** argv)
{
  (void)argv;
#ifndef wcslen
  return ((int*)(&wcslen))[argc];
#else
  (void)argc;
  return 0;
#endif
}
Determining if the wcsncmp exist passed with the following output:
Change Dir: /home/runner/work/CroMagRally-Android/CroMagRally-Android/android/app/.cxx/Debug/h3k1i6w1/arm64-v8a/CMakeFiles/CMakeTmp

Run Build Command(s):/usr/local/lib/android/sdk/cmake/3.22.1/bin/ninja cmTC_c352b && [1/2] Building C object CMakeFiles/cmTC_c352b.dir/CheckSymbolExists.c.o
[2/2] Linking C executable cmTC_c352b


File /home/runner/work/CroMagRally-Android/CroMagRally-Android/android/app/.cxx/Debug/h3k1i6w1/arm64-v8a/CMakeFiles/CMakeTmp/CheckSymbolExists.c:
/* */
#include <float.h>
#include <iconv.h>
#include <inttypes.h>
#include <limits.h>
#include <malloc.h>
#include <math.h>
#include <memory.h>
#include <signal.h>
#include <stdarg.h>
#include <stdbool.h>
#include <stddef.h>
#include <stdint.h>
#include <stdio.h>
#include <stdlib.h>
#include <string.h>
#include <strings.h>
#include <sys/types.h>
#include <time.h>
#include <wchar.h>

int main(int argc, char** argv)
{
  (void)argv;
#ifndef wcsncmp
  return ((int*)(&wcsncmp))[argc];
#else
  (void)argc;
  return 0;
#endif
}
Determining if the wcsstr exist passed with the following output:
Change Dir: /home/runner/work/CroMagRally-Android/CroMagRally-Android/android/app/.cxx/Debug/h3k1i6w1/arm64-v8a/CMakeFiles/CMakeTmp

Run Build Command(s):/usr/local/lib/android/sdk/cmake/3.22.1/bin/ninja cmTC_4437a && [1/2] Building C object CMakeFiles/cmTC_4437a.dir/CheckSymbolExists.c.o
[2/2] Linking C executable cmTC_4437a


File /home/runner/work/CroMagRally-Android/CroMagRally-Android/android/app/.cxx/Debug/h3k1i6w1/arm64-v8a/CMakeFiles/CMakeTmp/CheckSymbolExists.c:
/* */
#include <float.h>
#include <iconv.h>
#include <inttypes.h>
#include <limits.h>
#include <malloc.h>
#include <math.h>
#include <memory.h>
#include <signal.h>
#include <stdarg.h>
#include <stdbool.h>
#include <stddef.h>
#include <stdint.h>
#include <stdio.h>
#include <stdlib.h>
#include <string.h>
#include <strings.h>
#include <sys/types.h>
#include <time.h>
#include <wchar.h>

int main(int argc, char** argv)
{
  (void)argv;
#ifndef wcsstr
  return ((int*)(&wcsstr))[argc];
#else
  (void)argc;
  return 0;
#endif
}
Determining if the wcstol exist passed with the following output:
Change Dir: /home/runner/work/CroMagRally-Android/CroMagRally-Android/android/app/.cxx/Debug/h3k1i6w1/arm64-v8a/CMakeFiles/CMakeTmp

Run Build Command(s):/usr/local/lib/android/sdk/cmake/3.22.1/bin/ninja cmTC_69447 && [1/2] Building C object CMakeFiles/cmTC_69447.dir/CheckSymbolExists.c.o
[2/2] Linking C executable cmTC_69447


File /home/runner/work/CroMagRally-Android/CroMagRally-Android/android/app/.cxx/Debug/h3k1i6w1/arm64-v8a/CMakeFiles/CMakeTmp/CheckSymbolExists.c:
/* */
#include <float.h>
#include <iconv.h>
#include <inttypes.h>
#include <limits.h>
#include <malloc.h>
#include <math.h>
#include <memory.h>
#include <signal.h>
#include <stdarg.h>
#include <stdbool.h>
#include <stddef.h>
#include <stdint.h>
#include <stdio.h>
#include <stdlib.h>
#include <string.h>
#include <strings.h>
#include <sys/types.h>
#include <time.h>
#include <wchar.h>

int main(int argc, char** argv)
{
  (void)argv;
#ifndef wcstol
  return ((int*)(&wcstol))[argc];
#else
  (void)argc;
  return 0;
#endif
}
Determining if the strcasestr exist passed with the following output:
Change Dir: /home/runner/work/CroMagRally-Android/CroMagRally-Android/android/app/.cxx/Debug/h3k1i6w1/arm64-v8a/CMakeFiles/CMakeTmp

Run Build Command(s):/usr/local/lib/android/sdk/cmake/3.22.1/bin/ninja cmTC_3b30c && [1/2] Building C object CMakeFiles/cmTC_3b30c.dir/CheckSymbolExists.c.o
[2/2] Linking C executable cmTC_3b30c


File /home/runner/work/CroMagRally-Android/CroMagRally-Android/android/app/.cxx/Debug/h3k1i6w1/arm64-v8a/CMakeFiles/CMakeTmp/CheckSymbolExists.c:
/* */
#include <float.h>
#include <iconv.h>
#include <inttypes.h>
#include <limits.h>
#include <malloc.h>
#include <math.h>
#include <memory.h>
#include <signal.h>
#include <stdarg.h>
#include <stdbool.h>
#include <stddef.h>
#include <stdint.h>
#include <stdio.h>
#include <stdlib.h>
#include <string.h>
#include <strings.h>
#include <sys/types.h>
#include <time.h>
#include <wchar.h>

int main(int argc, char** argv)
{
  (void)argv;
#ifndef strcasestr
  return ((int*)(&strcasestr))[argc];
#else
  (void)argc;
  return 0;
#endif
}
Performing C SOURCE FILE Test LIBC_HAS_ISINF succeeded with the following output:
Change Dir: /home/runner/work/CroMagRally-Android/CroMagRally-Android/android/app/.cxx/Debug/h3k1i6w1/arm64-v8a/CMakeFiles/CMakeTmp

Run Build Command(s):/usr/local/lib/android/sdk/cmake/3.22.1/bin/ninja cmTC_6442c && [1/2] Building C object CMakeFiles/cmTC_6442c.dir/src.c.o
[2/2] Linking C executable cmTC_6442c


Source file was:

        #include <math.h>
        int main() {
          double d = 3.14159;
          return isinf(d);
        }
      
Performing C SOURCE FILE Test LIBC_ISINF_HANDLES_FLOAT succeeded with the following output:
Change Dir: /home/runner/work/CroMagRally-Android/CroMagRally-Android/android/app/.cxx/Debug/h3k1i6w1/arm64-v8a/CMakeFiles/CMakeTmp

Run Build Command(s):/usr/local/lib/android/sdk/cmake/3.22.1/bin/ninja cmTC_a4771 && [1/2] Building C object CMakeFiles/cmTC_a4771.dir/src.c.o
[2/2] Linking C executable cmTC_a4771


Source file was:

      #include <math.h>
      int main() {
        float f = 3.14159f;
        return isinf(f);
      }
    
Performing C SOURCE FILE Test LIBC_HAS_ISNAN succeeded with the following output:
Change Dir: /home/runner/work/CroMagRally-Android/CroMagRally-Android/android/app/.cxx/Debug/h3k1i6w1/arm64-v8a/CMakeFiles/CMakeTmp

Run Build Command(s):/usr/local/lib/android/sdk/cmake/3.22.1/bin/ninja cmTC_5b04a && [1/2] Building C object CMakeFiles/cmTC_5b04a.dir/src.c.o
[2/2] Linking C executable cmTC_5b04a


Source file was:

        #include <math.h>
        int main() {
          double d = 3.14159;
          return isnan(d);
        }
      
Performing C SOURCE FILE Test LIBC_ISNAN_HANDLES_FLOAT succeeded with the following output:
Change Dir: /home/runner/work/CroMagRally-Android/CroMagRally-Android/android/app/.cxx/Debug/h3k1i6w1/arm64-v8a/CMakeFiles/CMakeTmp

Run Build Command(s):/usr/local/lib/android/sdk/cmake/3.22.1/bin/ninja cmTC_05d63 && [1/2] Building C object CMakeFiles/cmTC_05d63.dir/src.c.o
[2/2] Linking C executable cmTC_05d63


Source file was:

      #include <math.h>
      int main() {
        float f = 3.14159f;
        return isnan(f);
      }
    
Performing C SOURCE FILE Test LIBC_HAS_ISNANF succeeded with the following output:
Change Dir: /home/runner/work/CroMagRally-Android/CroMagRally-Android/android/app/.cxx/Debug/h3k1i6w1/arm64-v8a/CMakeFiles/CMakeTmp

Run Build Command(s):/usr/local/lib/android/sdk/cmake/3.22.1/bin/ninja cmTC_a8acf && [1/2] Building C object CMakeFiles/cmTC_a8acf.dir/src.c.o
[2/2] Linking C executable cmTC_a8acf


Source file was:

      #include <math.h>
      int main() {
        float f = 3.14159f;
        return isnanf(f);
      }
    
Determining if the fdatasync exist passed with the following output:
Change Dir: /home/runner/work/CroMagRally-Android/CroMagRally-Android/android/app/.cxx/Debug/h3k1i6w1/arm64-v8a/CMakeFiles/CMakeTmp

Run Build Command(s):/usr/local/lib/android/sdk/cmake/3.22.1/bin/ninja cmTC_83e93 && [1/2] Building C object CMakeFiles/cmTC_83e93.dir/CheckSymbolExists.c.o
[2/2] Linking C executable cmTC_83e93


File /home/runner/work/CroMagRally-Android/CroMagRally-Android/android/app/.cxx/Debug/h3k1i6w1/arm64-v8a/CMakeFiles/CMakeTmp/CheckSymbolExists.c:
/* */
#include <unistd.h>

int main(int argc, char** argv)
{
  (void)argv;
#ifndef fdatasync
  return ((int*)(&fdatasync))[argc];
#else
  (void)argc;
  return 0;
#endif
}
Determining if the gethostname exist passed with the following output:
Change Dir: /home/runner/work/CroMagRally-Android/CroMagRally-Android/android/app/.cxx/Debug/h3k1i6w1/arm64-v8a/CMakeFiles/CMakeTmp

Run Build Command(s):/usr/local/lib/android/sdk/cmake/3.22.1/bin/ninja cmTC_456e1 && [1/2] Building C object CMakeFiles/cmTC_456e1.dir/CheckSymbolExists.c.o
[2/2] Linking C executable cmTC_456e1


File /home/runner/work/CroMagRally-Android/CroMagRally-Android/android/app/.cxx/Debug/h3k1i6w1/arm64-v8a/CMakeFiles/CMakeTmp/CheckSymbolExists.c:
/* */
#include <unistd.h>

int main(int argc, char** argv)
{
  (void)argv;
#ifndef gethostname
  return ((int*)(&gethostname))[argc];
#else
  (void)argc;
  return 0;
#endif
}
Determining if the getpagesize exist passed with the following output:
Change Dir: /home/runner/work/CroMagRally-Android/CroMagRally-Android/android/app/.cxx/Debug/h3k1i6w1/arm64-v8a/CMakeFiles/CMakeTmp

Run Build Command(s):/usr/local/lib/android/sdk/cmake/3.22.1/bin/ninja cmTC_6c66e && [1/2] Building C object CMakeFiles/cmTC_6c66e.dir/CheckSymbolExists.c.o
[2/2] Linking C executable cmTC_6c66e


File /home/runner/work/CroMagRally-Android/CroMagRally-Android/android/app/.cxx/Debug/h3k1i6w1/arm64-v8a/CMakeFiles/CMakeTmp/CheckSymbolExists.c:
/* */
#include <unistd.h>

int main(int argc, char** argv)
{
  (void)argv;
#ifndef getpagesize
  return ((int*)(&getpagesize))[argc];
#else
  (void)argc;
  return 0;
#endif
}
Determining if the getresgid exist passed with the following output:
Change Dir: /home/runner/work/CroMagRally-Android/CroMagRally-Android/android/app/.cxx/Debug/h3k1i6w1/arm64-v8a/CMakeFiles/CMakeTmp

Run Build Command(s):/usr/local/lib/android/sdk/cmake/3.22.1/bin/ninja cmTC_f7e9c && [1/2] Building C object CMakeFiles/cmTC_f7e9c.dir/CheckSymbolExists.c.o
[2/2] Linking C executable cmTC_f7e9c


File /home/runner/work/CroMagRally-Android/CroMagRally-Android/android/app/.cxx/Debug/h3k1i6w1/arm64-v8a/CMakeFiles/CMakeTmp/CheckSymbolExists.c:
/* */
#include <unistd.h>

int main(int argc, char** argv)
{
  (void)argv;
#ifndef getresgid
  return ((int*)(&getresgid))[argc];
#else
  (void)argc;
  return 0;
#endif
}
Determining if the getresuid exist passed with the following output:
Change Dir: /home/runner/work/CroMagRally-Android/CroMagRally-Android/android/app/.cxx/Debug/h3k1i6w1/arm64-v8a/CMakeFiles/CMakeTmp

Run Build Command(s):/usr/local/lib/android/sdk/cmake/3.22.1/bin/ninja cmTC_19357 && [1/2] Building C object CMakeFiles/cmTC_19357.dir/CheckSymbolExists.c.o
[2/2] Linking C executable cmTC_19357


File /home/runner/work/CroMagRally-Android/CroMagRally-Android/android/app/.cxx/Debug/h3k1i6w1/arm64-v8a/CMakeFiles/CMakeTmp/CheckSymbolExists.c:
/* */
#include <unistd.h>

int main(int argc, char** argv)
{
  (void)argv;
#ifndef getresuid
  return ((int*)(&getresuid))[argc];
#else
  (void)argc;
  return 0;
#endif
}
Determining if the sigaction exist passed with the following output:
Change Dir: /home/runner/work/CroMagRally-Android/CroMagRally-Android/android/app/.cxx/Debug/h3k1i6w1/arm64-v8a/CMakeFiles/CMakeTmp

Run Build Command(s):/usr/local/lib/android/sdk/cmake/3.22.1/bin/ninja cmTC_28ea0 && [1/2] Building C object CMakeFiles/cmTC_28ea0.dir/CheckSymbolExists.c.o
[2/2] Linking C executable cmTC_28ea0


File /home/runner/work/CroMagRally-Android/CroMagRally-Android/android/app/.cxx/Debug/h3k1i6w1/arm64-v8a/CMakeFiles/CMakeTmp/CheckSymbolExists.c:
/* */
#include <signal.h>

int main(int argc, char** argv)
{
  (void)argv;
#ifndef sigaction
  return ((int*)(&sigaction))[argc];
#else
  (void)argc;
  return 0;
#endif
}
Determining if the sigtimedwait exist passed with the following output:
Change Dir: /home/runner/work/CroMagRally-Android/CroMagRally-Android/android/app/.cxx/Debug/h3k1i6w1/arm64-v8a/CMakeFiles/CMakeTmp

Run Build Command(s):/usr/local/lib/android/sdk/cmake/3.22.1/bin/ninja cmTC_eecc4 && [1/2] Building C object CMakeFiles/cmTC_eecc4.dir/CheckSymbolExists.c.o
[2/2] Linking C executable cmTC_eecc4


File /home/runner/work/CroMagRally-Android/CroMagRally-Android/android/app/.cxx/Debug/h3k1i6w1/arm64-v8a/CMakeFiles/CMakeTmp/CheckSymbolExists.c:
/* */
#include <signal.h>

int main(int argc, char** argv)
{
  (void)argv;
#ifndef sigtimedwait
  return ((int*)(&sigtimedwait))[argc];
#else
  (void)argc;
  return 0;
#endif
}
Determining if the setjmp exist passed with the following output:
Change Dir: /home/runner/work/CroMagRally-Android/CroMagRally-Android/android/app/.cxx/Debug/h3k1i6w1/arm64-v8a/CMakeFiles/CMakeTmp

Run Build Command(s):/usr/local/lib/android/sdk/cmake/3.22.1/bin/ninja cmTC_c2cc0 && [1/2] Building C object CMakeFiles/cmTC_c2cc0.dir/CheckSymbolExists.c.o
[2/2] Linking C executable cmTC_c2cc0


File /home/runner/work/CroMagRally-Android/CroMagRally-Android/android/app/.cxx/Debug/h3k1i6w1/arm64-v8a/CMakeFiles/CMakeTmp/CheckSymbolExists.c:
/* */
#include <setjmp.h>

int main(int argc, char** argv)
{
  (void)argv;
#ifndef setjmp
  return ((int*)(&setjmp))[argc];
#else
  (void)argc;
  return 0;
#endif
}
Determining if the nanosleep exist passed with the following output:
Change Dir: /home/runner/work/CroMagRally-Android/CroMagRally-Android/android/app/.cxx/Debug/h3k1i6w1/arm64-v8a/CMakeFiles/CMakeTmp

Run Build Command(s):/usr/local/lib/android/sdk/cmake/3.22.1/bin/ninja cmTC_20436 && [1/2] Building C object CMakeFiles/cmTC_20436.dir/CheckSymbolExists.c.o
[2/2] Linking C executable cmTC_20436


File /home/runner/work/CroMagRally-Android/CroMagRally-Android/android/app/.cxx/Debug/h3k1i6w1/arm64-v8a/CMakeFiles/CMakeTmp/CheckSymbolExists.c:
/* */
#include <time.h>

int main(int argc, char** argv)
{
  (void)argv;
#ifndef nanosleep
  return ((int*)(&nanosleep))[argc];
#else
  (void)argc;
  return 0;
#endif
}
Determining if the gmtime_r exist passed with the following output:
Change Dir: /home/runner/work/CroMagRally-Android/CroMagRally-Android/android/app/.cxx/Debug/h3k1i6w1/arm64-v8a/CMakeFiles/CMakeTmp

Run Build Command(s):/usr/local/lib/android/sdk/cmake/3.22.1/bin/ninja cmTC_5e5c2 && [1/2] Building C object CMakeFiles/cmTC_5e5c2.dir/CheckSymbolExists.c.o
[2/2] Linking C executable cmTC_5e5c2


File /home/runner/work/CroMagRally-Android/CroMagRally-Android/android/app/.cxx/Debug/h3k1i6w1/arm64-v8a/CMakeFiles/CMakeTmp/CheckSymbolExists.c:
/* */
#include <time.h>

int main(int argc, char** argv)
{
  (void)argv;
#ifndef gmtime_r
  return ((int*)(&gmtime_r))[argc];
#else
  (void)argc;
  return 0;
#endif
}
Determining if the localtime_r exist passed with the following output:
Change Dir: /home/runner/work/CroMagRally-Android/CroMagRally-Android/android/app/.cxx/Debug/h3k1i6w1/arm64-v8a/CMakeFiles/CMakeTmp

Run Build Command(s):/usr/local/lib/android/sdk/cmake/3.22.1/bin/ninja cmTC_d07cf && [1/2] Building C object CMakeFiles/cmTC_d07cf.dir/CheckSymbolExists.c.o
[2/2] Linking C executable cmTC_d07cf


File /home/runner/work/CroMagRally-Android/CroMagRally-Android/android/app/.cxx/Debug/h3k1i6w1/arm64-v8a/CMakeFiles/CMakeTmp/CheckSymbolExists.c:
/* */
#include <time.h>

int main(int argc, char** argv)
{
  (void)argv;
#ifndef localtime_r
  return ((int*)(&localtime_r))[argc];
#else
  (void)argc;
  return 0;
#endif
}
Determining if the sysconf exist passed with the following output:
Change Dir: /home/runner/work/CroMagRally-Android/CroMagRally-Android/android/app/.cxx/Debug/h3k1i6w1/arm64-v8a/CMakeFiles/CMakeTmp

Run Build Command(s):/usr/local/lib/android/sdk/cmake/3.22.1/bin/ninja cmTC_8f367 && [1/2] Building C object CMakeFiles/cmTC_8f367.dir/CheckSymbolExists.c.o
[2/2] Linking C executable cmTC_8f367


File /home/runner/work/CroMagRally-Android/CroMagRally-Android/android/app/.cxx/Debug/h3k1i6w1/arm64-v8a/CMakeFiles/CMakeTmp/CheckSymbolExists.c:
/* */
#include <unistd.h>

int main(int argc, char** argv)
{
  (void)argv;
#ifndef sysconf
  return ((int*)(&sysconf))[argc];
#else
  (void)argc;
  return 0;
#endif
}
Determining if the getauxval exist passed with the following output:
Change Dir: /home/runner/work/CroMagRally-Android/CroMagRally-Android/android/app/.cxx/Debug/h3k1i6w1/arm64-v8a/CMakeFiles/CMakeTmp

Run Build Command(s):/usr/local/lib/android/sdk/cmake/3.22.1/bin/ninja cmTC_1037a && [1/2] Building C object CMakeFiles/cmTC_1037a.dir/CheckSymbolExists.c.o
[2/2] Linking C executable cmTC_1037a


File /home/runner/work/CroMagRally-Android/CroMagRally-Android/android/app/.cxx/Debug/h3k1i6w1/arm64-v8a/CMakeFiles/CMakeTmp/CheckSymbolExists.c:
/* */
#include <sys/auxv.h>

int main(int argc, char** argv)
{
  (void)argv;
#ifndef getauxval
  return ((int*)(&getauxval))[argc];
#else
  (void)argc;
  return 0;
#endif
}
Determining if the ppoll exist passed with the following output:
Change Dir: /home/runner/work/CroMagRally-Android/CroMagRally-Android/android/app/.cxx/Debug/h3k1i6w1/arm64-v8a/CMakeFiles/CMakeTmp

Run Build Command(s):/usr/local/lib/android/sdk/cmake/3.22.1/bin/ninja cmTC_3806f && [1/2] Building C object CMakeFiles/cmTC_3806f.dir/CheckSymbolExists.c.o
[2/2] Linking C executable cmTC_3806f


File /home/runner/work/CroMagRally-Android/CroMagRally-Android/android/app/.cxx/Debug/h3k1i6w1/arm64-v8a/CMakeFiles/CMakeTmp/CheckSymbolExists.c:
/* */
#include <poll.h>

int main(int argc, char** argv)
{
  (void)argv;
#ifndef ppoll
  return ((int*)(&ppoll))[argc];
#else
  (void)argc;
  return 0;
#endif
}
Determining if the posix_fallocate exist passed with the following output:
Change Dir: /home/runner/work/CroMagRally-Android/CroMagRally-Android/android/app/.cxx/Debug/h3k1i6w1/arm64-v8a/CMakeFiles/CMakeTmp

Run Build Command(s):/usr/local/lib/android/sdk/cmake/3.22.1/bin/ninja cmTC_7420a && [1/2] Building C object CMakeFiles/cmTC_7420a.dir/CheckSymbolExists.c.o
[2/2] Linking C executable cmTC_7420a


File /home/runner/work/CroMagRally-Android/CroMagRally-Android/android/app/.cxx/Debug/h3k1i6w1/arm64-v8a/CMakeFiles/CMakeTmp/CheckSymbolExists.c:
/* */
#include <fcntl.h>

int main(int argc, char** argv)
{
  (void)argv;
#ifndef posix_fallocate
  return ((int*)(&posix_fallocate))[argc];
#else
  (void)argc;
  return 0;
#endif
}
Performing C SOURCE FILE Test HAVE_SA_SIGACTION succeeded with the following output:
Change Dir: /home/runner/work/CroMagRally-Android/CroMagRally-Android/android/app/.cxx/Debug/h3k1i6w1/arm64-v8a/CMakeFiles/CMakeTmp

Run Build Command(s):/usr/local/lib/android/sdk/cmake/3.22.1/bin/ninja cmTC_a9e19 && [1/2] Building C object CMakeFiles/cmTC_a9e19.dir/src.c.o
[2/2] Linking C executable cmTC_a9e19


Source file was:

#include <signal.h>

int main()
{
  (void)sizeof(((struct sigaction *)0)->sa_sigaction);
  return 0;
}

Performing C SOURCE FILE Test HAVE_ST_MTIM succeeded with the following output:
Change Dir: /home/runner/work/CroMagRally-Android/CroMagRally-Android/android/app/.cxx/Debug/h3k1i6w1/arm64-v8a/CMakeFiles/CMakeTmp

Run Build Command(s):/usr/local/lib/android/sdk/cmake/3.22.1/bin/ninja cmTC_3e6a9 && [1/2] Building C object CMakeFiles/cmTC_3e6a9.dir/src.c.o
[2/2] Linking C executable cmTC_3e6a9


Source file was:

#include <sys/stat.h>

int main()
{
  (void)sizeof(((struct stat *)0)->st_mtim);
  return 0;
}

Determining if the dlopen exist passed with the following output:
Change Dir: /home/runner/work/CroMagRally-Android/CroMagRally-Android/android/app/.cxx/Debug/h3k1i6w1/arm64-v8a/CMakeFiles/CMakeTmp

Run Build Command(s):/usr/local/lib/android/sdk/cmake/3.22.1/bin/ninja cmTC_f26d0 && [1/2] Building C object CMakeFiles/cmTC_f26d0.dir/CheckSymbolExists.c.o
[2/2] Linking C executable cmTC_f26d0


File /home/runner/work/CroMagRally-Android/CroMagRally-Android/android/app/.cxx/Debug/h3k1i6w1/arm64-v8a/CMakeFiles/CMakeTmp/CheckSymbolExists.c:
/* */
#include <dlfcn.h>

int main(int argc, char** argv)
{
  (void)argv;
#ifndef dlopen
  return ((int*)(&dlopen))[argc];
#else
  (void)argc;
  return 0;
#endif
}
Performing C SOURCE FILE Test HAVE_O_CLOEXEC succeeded with the following output:
Change Dir: /home/runner/work/CroMagRally-Android/CroMagRally-Android/android/app/.cxx/Debug/h3k1i6w1/arm64-v8a/CMakeFiles/CMakeTmp

Run Build Command(s):/usr/local/lib/android/sdk/cmake/3.22.1/bin/ninja cmTC_fa77a && [1/2] Building C object CMakeFiles/cmTC_fa77a.dir/src.c.o
[2/2] Linking C executable cmTC_fa77a


Source file was:

    #include <fcntl.h>
    int flag = O_CLOEXEC;
    int main(int argc, char **argv) { return 0; }
Performing C SOURCE FILE Test VULKAN_PASSED_ANDROID_CHECKS succeeded with the following output:
Change Dir: /home/runner/work/CroMagRally-Android/CroMagRally-Android/android/app/.cxx/Debug/h3k1i6w1/arm64-v8a/CMakeFiles/CMakeTmp

Run Build Command(s):/usr/local/lib/android/sdk/cmake/3.22.1/bin/ninja cmTC_a3ba9 && [1/2] Building C object CMakeFiles/cmTC_a3ba9.dir/src.c.o
[2/2] Linking C executable cmTC_a3ba9


Source file was:

      #if defined(__ARM_ARCH) && __ARM_ARCH < 7
      #error Vulkan doesn't work on this configuration
      #endif
      int main(int argc, char **argv) { return 0; }
      
Performing C SOURCE FILE Test HAVE_PTHREADS succeeded with the following output:
Change Dir: /home/runner/work/CroMagRally-Android/CroMagRally-Android/android/app/.cxx/Debug/h3k1i6w1/arm64-v8a/CMakeFiles/CMakeTmp

Run Build Command(s):/usr/local/lib/android/sdk/cmake/3.22.1/bin/ninja cmTC_77466 && [1/2] Building C object CMakeFiles/cmTC_77466.dir/src.c.o
[2/2] Linking C executable cmTC_77466


Source file was:

        #include <pthread.h>
        int main(int argc, char** argv) {
          pthread_attr_t type;
          pthread_attr_init(&type);
          return 0;
        }
Performing C SOURCE FILE Test HAVE_RECURSIVE_MUTEXES succeeded with the following output:
Change Dir: /home/runner/work/CroMagRally-Android/CroMagRally-Android/android/app/.cxx/Debug/h3k1i6w1/arm64-v8a/CMakeFiles/CMakeTmp

Run Build Command(s):/usr/local/lib/android/sdk/cmake/3.22.1/bin/ninja cmTC_e4494 && [1/2] Building C object CMakeFiles/cmTC_e4494.dir/src.c.o
[2/2] Linking C executable cmTC_e4494


Source file was:

        #include <pthread.h>
        int main(int argc, char **argv) {
          pthread_mutexattr_t attr;
          pthread_mutexattr_settype(&attr, PTHREAD_MUTEX_RECURSIVE);
          return 0;
        }
Performing C SOURCE FILE Test HAVE_PTHREADS_SEM succeeded with the following output:
Change Dir: /home/runner/work/CroMagRally-Android/CroMagRally-Android/android/app/.cxx/Debug/h3k1i6w1/arm64-v8a/CMakeFiles/CMakeTmp

Run Build Command(s):/usr/local/lib/android/sdk/cmake/3.22.1/bin/ninja cmTC_cd669 && [1/2] Building C object CMakeFiles/cmTC_cd669.dir/src.c.o
[2/2] Linking C executable cmTC_cd669


Source file was:
#include <pthread.h>
                                 #include <semaphore.h>
                                 int main(int argc, char **argv) { return 0; }
Performing C SOURCE FILE Test COMPILER_HAS_SEM_TIMEDWAIT succeeded with the following output:
Change Dir: /home/runner/work/CroMagRally-Android/CroMagRally-Android/android/app/.cxx/Debug/h3k1i6w1/arm64-v8a/CMakeFiles/CMakeTmp

Run Build Command(s):/usr/local/lib/android/sdk/cmake/3.22.1/bin/ninja cmTC_69b67 && [1/2] Building C object CMakeFiles/cmTC_69b67.dir/src.c.o
/home/runner/work/CroMagRally-Android/CroMagRally-Android/android/app/.cxx/Debug/h3k1i6w1/arm64-v8a/CMakeFiles/CMakeTmp/src.c:5:33: warning: null passed to a callee that requires a non-null argument [-Wnonnull]
    5 |                   sem_timedwait(NULL, NULL);
      |                                 ^~~~
/usr/local/lib/android/sdk/ndk/27.3.13750724/toolchains/llvm/prebuilt/linux-x86_64/lib/clang/18/include/__stddef_null.h:26:14: note: expanded from macro 'NULL'
   26 | #define NULL ((void*)0)
      |              ^~~~~~~~~~
/home/runner/work/CroMagRally-Android/CroMagRally-Android/android/app/.cxx/Debug/h3k1i6w1/arm64-v8a/CMakeFiles/CMakeTmp/src.c:5:39: warning: null passed to a callee that requires a non-null argument [-Wnonnull]
    5 |                   sem_timedwait(NULL, NULL);
      |                                       ^~~~
/usr/local/lib/android/sdk/ndk/27.3.13750724/toolchains/llvm/prebuilt/linux-x86_64/lib/clang/18/include/__stddef_null.h:26:14: note: expanded from macro 'NULL'
   26 | #define NULL ((void*)0)
      |              ^~~~~~~~~~
2 warnings generated.
[2/2] Linking C executable cmTC_69b67


Source file was:

              #include <pthread.h>
              #include <semaphore.h>
              int main(int argc, char **argv) {
                  sem_timedwait(NULL, NULL);
                  return 0;
              }
Determining if the include file pthread.h exists passed with the following output:
Change Dir: /home/runner/work/CroMagRally-Android/CroMagRally-Android/android/app/.cxx/Debug/h3k1i6w1/arm64-v8a/CMakeFiles/CMakeTmp

Run Build Command(s):/usr/local/lib/android/sdk/cmake/3.22.1/bin/ninja cmTC_61739 && [1/2] Building C object CMakeFiles/cmTC_61739.dir/CheckIncludeFile.c.o
[2/2] Linking C executable cmTC_61739



Performing C SOURCE FILE Test HAVE_PTHREAD_SETNAME_NP succeeded with the following output:
Change Dir: /home/runner/work/CroMagRally-Android/CroMagRally-Android/android/app/.cxx/Debug/h3k1i6w1/arm64-v8a/CMakeFiles/CMakeTmp

Run Build Command(s):/usr/local/lib/android/sdk/cmake/3.22.1/bin/ninja cmTC_55261 && [1/2] Building C object CMakeFiles/cmTC_55261.dir/src.c.o
[2/2] Linking C executable cmTC_55261


Source file was:

            #include <pthread.h>
            int main(int argc, char **argv) {
              #ifdef __APPLE__
              pthread_setname_np("");
              #else
              pthread_setname_np(pthread_self(),"");
              #endif
              return 0;
            }
