The target system is: Android - 1 - x86_64
The host system is: Linux - 6.11.0-1018-azure - x86_64
Compiling the C compiler identification source file "CMakeCCompilerId.c" succeeded.
Compiler: /usr/local/lib/android/sdk/ndk/27.3.13750724/toolchains/llvm/prebuilt/linux-x86_64/bin/clang 
Build flags: -g;-DANDROID;-fdata-sections;-ffunction-sections;-funwind-tables;-fstack-protector-strong;-no-canonical-prefixes;-D_FORTIFY_SOURCE=2;-Wformat;-Werror=format-security;
Id flags: -c;--target=x86_64-none-linux-android24 

The output was:
0


Compilation of the C compiler identification source "CMakeCCompilerId.c" produced "CMakeCCompilerId.o"

The C compiler identification is Clang, found in "/home/runner/work/CroMagRally-Android/CroMagRally-Android/android/app/.cxx/Debug/h3k1i6w1/x86_64/CMakeFiles/3.22.1-g37088a8/CompilerIdC/CMakeCCompilerId.o"

Compiling the CXX compiler identification source file "CMakeCXXCompilerId.cpp" succeeded.
Compiler: /usr/local/lib/android/sdk/ndk/27.3.13750724/toolchains/llvm/prebuilt/linux-x86_64/bin/clang++ 
Build flags: -g;-DANDROID;-fdata-sections;-ffunction-sections;-funwind-tables;-fstack-protector-strong;-no-canonical-prefixes;-D_FORTIFY_SOURCE=2;-Wformat;-Werror=format-security;;
Id flags: -c;--target=x86_64-none-linux-android24 

The output was:
0


Compilation of the CXX compiler identification source "CMakeCXXCompilerId.cpp" produced "CMakeCXXCompilerId.o"

The CXX compiler identification is Clang, found in "/home/runner/work/CroMagRally-Android/CroMagRally-Android/android/app/.cxx/Debug/h3k1i6w1/x86_64/CMakeFiles/3.22.1-g37088a8/CompilerIdCXX/CMakeCXXCompilerId.o"

Detecting C compiler ABI info compiled with the following output:
Change Dir: /home/runner/work/CroMagRally-Android/CroMagRally-Android/android/app/.cxx/Debug/h3k1i6w1/x86_64/CMakeFiles/CMakeTmp

Run Build Command(s):/usr/local/lib/android/sdk/cmake/3.22.1/bin/ninja cmTC_65636 && [1/2] Building C object CMakeFiles/cmTC_65636.dir/CMakeCCompilerABI.c.o
Android (13691557, +pgo, +bolt, +lto, +mlgo, based on r522817d) clang version 18.0.4 (https://android.googlesource.com/toolchain/llvm-project d8003a456d14a3deb8054cdaa529ffbf02d9b262)
Target: x86_64-none-linux-android24
Thread model: posix
InstalledDir: /usr/local/lib/android/sdk/ndk/27.3.13750724/toolchains/llvm/prebuilt/linux-x86_64/bin
 (in-process)
 "/usr/local/lib/android/sdk/ndk/27.3.13750724/toolchains/llvm/prebuilt/linux-x86_64/bin/clang" -cc1 -triple x86_64-none-linux-android24 -emit-obj -mrelax-all -disable-free -clear-ast-before-backend -disable-llvm-verifier -discard-value-names -main-file-name CMakeCCompilerABI.c -mrelocation-model pic -pic-level 2 -pic-is-pie -mframe-pointer=all -ffp-contract=on -fno-rounding-math -mconstructor-aliases -funwind-tables=2 -target-cpu x86-64 -target-feature +sse4.2 -target-feature +popcnt -target-feature +cx16 -tune-cpu generic -debug-info-kind=constructor -dwarf-version=4 -debugger-tuning=gdb -fdebug-compilation-dir=/home/runner/work/CroMagRally-Android/CroMagRally-Android/android/app/.cxx/Debug/h3k1i6w1/x86_64/CMakeFiles/CMakeTmp -v -ffunction-sections -fdata-sections -fcoverage-compilation-dir=/home/runner/work/CroMagRally-Android/CroMagRally-Android/android/app/.cxx/Debug/h3k1i6w1/x86_64/CMakeFiles/CMakeTmp -resource-dir /usr/local/lib/android/sdk/ndk/27.3.13750724/toolchains/llvm/prebuilt/linux-x86_64/lib/clang/18 -dependency-file CMakeFiles/cmTC_65636.dir/CMakeCCompilerABI.c.o.d -MT CMakeFiles/cmTC_65636.dir/CMakeCCompilerABI.c.o -sys-header-deps -D ANDROID -D _FORTIFY_SOURCE=2 -isysroot /usr/local/lib/android/sdk/ndk/27.3.13750724/toolchains/llvm/prebuilt/linux-x86_64/sysroot -internal-isystem /usr/local/lib/android/sdk/ndk/27.3.13750724/toolchains/llvm/prebuilt/linux-x86_64/lib/clang/18/include -internal-isystem /usr/local/lib/android/sdk/ndk/27.3.13750724/toolchains/llvm/prebuilt/linux-x86_64/sysroot/usr/local/include -internal-externc-isystem /usr/local/lib/android/sdk/ndk/27.3.13750724/toolchains/llvm/prebuilt/linux-x86_64/sysroot/usr/include/x86_64-linux-android -internal-externc-isystem /usr/local/lib/android/sdk/ndk/27.3.13750724/toolchains/llvm/prebuilt/linux-x86_64/sysroot/include -internal-externc-isystem /usr/local/lib/android/sdk/ndk/27.3.13750724/toolchains/llvm/prebuilt/linux-x86_64/sysroot/usr/include -Wformat -ferror-limit 19 -femulated-tls -stack-protector 2 -fgnuc-version=4.2.1 -D__GCC_HAVE_DWARF2_CFI_ASM=1 -o CMakeFiles/cmTC_65636.dir/CMakeCCompilerABI.c.o -x c /usr/local/lib/android/sdk/cmake/3.22.1/share/cmake-3.22/Modules/CMakeCCompilerABI.c
clang -cc1 version 18.0.4 based upon LLVM 18.0.4 default target x86_64-unknown-linux-gnu
ignoring nonexistent directory "/usr/local/lib/android/sdk/ndk/27.3.13750724/toolchains/llvm/prebuilt/linux-x86_64/sysroot/usr/local/include"
ignoring nonexistent directory "/usr/local/lib/android/sdk/ndk/27.3.13750724/toolchains/llvm/prebuilt/linux-x86_64/sysroot/include"
#include "..." search starts here:
#include <...> search starts here:
 /usr/local/lib/android/sdk/ndk/27.3.13750724/toolchains/llvm/prebuilt/linux-x86_64/lib/clang/18/include
 /usr/local/lib/android/sdk/ndk/27.3.13750724/toolchains/llvm/prebuilt/linux-x86_64/sysroot/usr/include/x86_64-linux-android
 /usr/local/lib/android/sdk/ndk/27.3.13750724/toolchains/llvm/prebuilt/linux-x86_64/sysroot/usr/include
End of search list.
[2/2] Linking C executable cmTC_65636
Android (13691557, +pgo, +bolt, +lto, +mlgo, based on r522817d) clang version 18.0.4 (https://android.googlesource.com/toolchain/llvm-project d8003a456d14a3deb8054cdaa529ffbf02d9b262)
Target: x86_64-none-linux-android24
Thread model: posix
InstalledDir: /usr/local/lib/android/sdk/ndk/27.3.13750724/toolchains/llvm/prebuilt/linux-x86_64/bin
 "/usr/local/lib/android/sdk/ndk/27.3.13750724/toolchains/llvm/prebuilt/linux-x86_64/bin/ld.lld" --sysroot=/usr/local/lib/android/sdk/ndk/27.3.13750724/toolchains/llvm/prebuilt/linux-x86_64/sysroot -z now -z relro --hash-style=gnu --eh-frame-hdr -m elf_x86_64 -pie -dynamic-linker /system/bin/linker64 -o cmTC_65636 /usr/local/lib/android/sdk/ndk/27.3.13750724/toolchains/llvm/prebuilt/linux-x86_64/sysroot/usr/lib/x86_64-linux-android/24/crtbegin_dynamic.o -L/usr/local/lib/android/sdk/ndk/27.3.13750724/toolchains/llvm/prebuilt/linux-x86_64/lib/clang/18/lib/linux/x86_64 -L/usr/local/lib/android/sdk/ndk/27.3.13750724/toolchains/llvm/prebuilt/linux-x86_64/sysroot/usr/lib/x86_64-linux-android/24 -L/usr/local/lib/android/sdk/ndk/27.3.13750724/toolchains/llvm/prebuilt/linux-x86_64/sysroot/usr/lib/x86_64-linux-android -L/usr/local/lib/android/sdk/ndk/27.3.13750724/toolchains/llvm/prebuilt/linux-x86_64/sysroot/usr/lib --build-id=sha1 --no-rosegment --no-undefined-version --fatal-warnings --no-undefined CMakeFiles/cmTC_65636.dir/CMakeCCompilerABI.c.o /usr/local/lib/android/sdk/ndk/27.3.13750724/toolchains/llvm/prebuilt/linux-x86_64/lib/clang/18/lib/linux/libclang_rt.builtins-x86_64-android.a -l:libunwind.a -ldl -lc /usr/local/lib/android/sdk/ndk/27.3.13750724/toolchains/llvm/prebuilt/linux-x86_64/lib/clang/18/lib/linux/libclang_rt.builtins-x86_64-android.a -l:libunwind.a -ldl /usr/local/lib/android/sdk/ndk/27.3.13750724/toolchains/llvm/prebuilt/linux-x86_64/sysroot/usr/lib/x86_64-linux-android/24/crtend_android.o



Parsed C implicit include dir info from above output: rv=done
  found start of include info
  found start of implicit include info
    add: [/usr/local/lib/android/sdk/ndk/27.3.13750724/toolchains/llvm/prebuilt/linux-x86_64/lib/clang/18/include]
    add: [/usr/local/lib/android/sdk/ndk/27.3.13750724/toolchains/llvm/prebuilt/linux-x86_64/sysroot/usr/include/x86_64-linux-android]
    add: [/usr/local/lib/android/sdk/ndk/27.3.13750724/toolchains/llvm/prebuilt/linux-x86_64/sysroot/usr/include]
  end of search list found
  collapse include dir [/usr/local/lib/android/sdk/ndk/27.3.13750724/toolchains/llvm/prebuilt/linux-x86_64/lib/clang/18/include] ==> [/usr/local/lib/android/sdk/ndk/27.3.13750724/toolchains/llvm/prebuilt/linux-x86_64/lib/clang/18/include]
  collapse include dir [/usr/local/lib/android/sdk/ndk/27.3.13750724/toolchains/llvm/prebuilt/linux-x86_64/sysroot/usr/include/x86_64-linux-android] ==> [/usr/local/lib/android/sdk/ndk/27.3.13750724/toolchains/llvm/prebuilt/linux-x86_64/sysroot/usr/include/x86_64-linux-android]
  collapse include dir [/usr/local/lib/android/sdk/ndk/27.3.13750724/toolchains/llvm/prebuilt/linux-x86_64/sysroot/usr/include] ==> [/usr/local/lib/android/sdk/ndk/27.3.13750724/toolchains/llvm/prebuilt/linux-x86_64/sysroot/usr/include]
  implicit include dirs: [/usr/local/lib/android/sdk/ndk/27.3.13750724/toolchains/llvm/prebuilt/linux-x86_64/lib/clang/18/include;/usr/local/lib/android/sdk/ndk/27.3.13750724/toolchains/llvm/prebuilt/linux-x86_64/sysroot/usr/include/x86_64-linux-android;/usr/local/lib/android/sdk/ndk/27.3.13750724/toolchains/llvm/prebuilt/linux-x86_64/sysroot/usr/include]


Parsed C implicit link information from above output:
  link line regex: [^( *|.*[/\])(ld\.lld|CMAKE_LINK_STARTFILE-NOTFOUND|([^/\]+-)?ld|collect2)[^/\]*( |$)]
  ignore line: [Change Dir: /home/runner/work/CroMagRally-Android/CroMagRally-Android/android/app/.cxx/Debug/h3k1i6w1/x86_64/CMakeFiles/CMakeTmp]
  ignore line: []
  ignore line: [Run Build Command(s):/usr/local/lib/android/sdk/cmake/3.22.1/bin/ninja cmTC_65636 && [1/2] Building C object CMakeFiles/cmTC_65636.dir/CMakeCCompilerABI.c.o]
  ignore line: [Android (13691557  +pgo  +bolt  +lto  +mlgo  based on r522817d) clang version 18.0.4 (https://android.googlesource.com/toolchain/llvm-project d8003a456d14a3deb8054cdaa529ffbf02d9b262)]
  ignore line: [Target: x86_64-none-linux-android24]
  ignore line: [Thread model: posix]
  ignore line: [InstalledDir: /usr/local/lib/android/sdk/ndk/27.3.13750724/toolchains/llvm/prebuilt/linux-x86_64/bin]
  ignore line: [ (in-process)]
  ignore line: [ "/usr/local/lib/android/sdk/ndk/27.3.13750724/toolchains/llvm/prebuilt/linux-x86_64/bin/clang" -cc1 -triple x86_64-none-linux-android24 -emit-obj -mrelax-all -disable-free -clear-ast-before-backend -disable-llvm-verifier -discard-value-names -main-file-name CMakeCCompilerABI.c -mrelocation-model pic -pic-level 2 -pic-is-pie -mframe-pointer=all -ffp-contract=on -fno-rounding-math -mconstructor-aliases -funwind-tables=2 -target-cpu x86-64 -target-feature +sse4.2 -target-feature +popcnt -target-feature +cx16 -tune-cpu generic -debug-info-kind=constructor -dwarf-version=4 -debugger-tuning=gdb -fdebug-compilation-dir=/home/runner/work/CroMagRally-Android/CroMagRally-Android/android/app/.cxx/Debug/h3k1i6w1/x86_64/CMakeFiles/CMakeTmp -v -ffunction-sections -fdata-sections -fcoverage-compilation-dir=/home/runner/work/CroMagRally-Android/CroMagRally-Android/android/app/.cxx/Debug/h3k1i6w1/x86_64/CMakeFiles/CMakeTmp -resource-dir /usr/local/lib/android/sdk/ndk/27.3.13750724/toolchains/llvm/prebuilt/linux-x86_64/lib/clang/18 -dependency-file CMakeFiles/cmTC_65636.dir/CMakeCCompilerABI.c.o.d -MT CMakeFiles/cmTC_65636.dir/CMakeCCompilerABI.c.o -sys-header-deps -D ANDROID -D _FORTIFY_SOURCE=2 -isysroot /usr/local/lib/android/sdk/ndk/27.3.13750724/toolchains/llvm/prebuilt/linux-x86_64/sysroot -internal-isystem /usr/local/lib/android/sdk/ndk/27.3.13750724/toolchains/llvm/prebuilt/linux-x86_64/lib/clang/18/include -internal-isystem /usr/local/lib/android/sdk/ndk/27.3.13750724/toolchains/llvm/prebuilt/linux-x86_64/sysroot/usr/local/include -internal-externc-isystem /usr/local/lib/android/sdk/ndk/27.3.13750724/toolchains/llvm/prebuilt/linux-x86_64/sysroot/usr/include/x86_64-linux-android -internal-externc-isystem /usr/local/lib/android/sdk/ndk/27.3.13750724/toolchains/llvm/prebuilt/linux-x86_64/sysroot/include -internal-externc-isystem /usr/local/lib/android/sdk/ndk/27.3.13750724/toolchains/llvm/prebuilt/linux-x86_64/sysroot/usr/include -Wformat -ferror-limit 19 -femulated-tls -stack-protector 2 -fgnuc-version=4.2.1 -D__GCC_HAVE_DWARF2_CFI_ASM=1 -o CMakeFiles/cmTC_65636.dir/CMakeCCompilerABI.c.o -x c /usr/local/lib/android/sdk/cmake/3.22.1/share/cmake-3.22/Modules/CMakeCCompilerABI.c]
  ignore line: [clang -cc1 version 18.0.4 based upon LLVM 18.0.4 default target x86_64-unknown-linux-gnu]
  ignore line: [ignoring nonexistent directory "/usr/local/lib/android/sdk/ndk/27.3.13750724/toolchains/llvm/prebuilt/linux-x86_64/sysroot/usr/local/include"]
  ignore line: [ignoring nonexistent directory "/usr/local/lib/android/sdk/ndk/27.3.13750724/toolchains/llvm/prebuilt/linux-x86_64/sysroot/include"]
  ignore line: [#include "..." search starts here:]
  ignore line: [#include <...> search starts here:]
  ignore line: [ /usr/local/lib/android/sdk/ndk/27.3.13750724/toolchains/llvm/prebuilt/linux-x86_64/lib/clang/18/include]
  ignore line: [ /usr/local/lib/android/sdk/ndk/27.3.13750724/toolchains/llvm/prebuilt/linux-x86_64/sysroot/usr/include/x86_64-linux-android]
  ignore line: [ /usr/local/lib/android/sdk/ndk/27.3.13750724/toolchains/llvm/prebuilt/linux-x86_64/sysroot/usr/include]
  ignore line: [End of search list.]
  ignore line: [[2/2] Linking C executable cmTC_65636]
  ignore line: [Android (13691557  +pgo  +bolt  +lto  +mlgo  based on r522817d) clang version 18.0.4 (https://android.googlesource.com/toolchain/llvm-project d8003a456d14a3deb8054cdaa529ffbf02d9b262)]
  ignore line: [Target: x86_64-none-linux-android24]
  ignore line: [Thread model: posix]
  ignore line: [InstalledDir: /usr/local/lib/android/sdk/ndk/27.3.13750724/toolchains/llvm/prebuilt/linux-x86_64/bin]
  link line: [ "/usr/local/lib/android/sdk/ndk/27.3.13750724/toolchains/llvm/prebuilt/linux-x86_64/bin/ld.lld" --sysroot=/usr/local/lib/android/sdk/ndk/27.3.13750724/toolchains/llvm/prebuilt/linux-x86_64/sysroot -z now -z relro --hash-style=gnu --eh-frame-hdr -m elf_x86_64 -pie -dynamic-linker /system/bin/linker64 -o cmTC_65636 /usr/local/lib/android/sdk/ndk/27.3.13750724/toolchains/llvm/prebuilt/linux-x86_64/sysroot/usr/lib/x86_64-linux-android/24/crtbegin_dynamic.o -L/usr/local/lib/android/sdk/ndk/27.3.13750724/toolchains/llvm/prebuilt/linux-x86_64/lib/clang/18/lib/linux/x86_64 -L/usr/local/lib/android/sdk/ndk/27.3.13750724/toolchains/llvm/prebuilt/linux-x86_64/sysroot/usr/lib/x86_64-linux-android/24 -L/usr/local/lib/android/sdk/ndk/27.3.13750724/toolchains/llvm/prebuilt/linux-x86_64/sysroot/usr/lib/x86_64-linux-android -L/usr/local/lib/android/sdk/ndk/27.3.13750724/toolchains/llvm/prebuilt/linux-x86_64/sysroot/usr/lib --build-id=sha1 --no-rosegment --no-undefined-version --fatal-warnings --no-undefined CMakeFiles/cmTC_65636.dir/CMakeCCompilerABI.c.o /usr/local/lib/android/sdk/ndk/27.3.13750724/toolchains/llvm/prebuilt/linux-x86_64/lib/clang/18/lib/linux/libclang_rt.builtins-x86_64-android.a -l:libunwind.a -ldl -lc /usr/local/lib/android/sdk/ndk/27.3.13750724/toolchains/llvm/prebuilt/linux-x86_64/lib/clang/18/lib/linux/libclang_rt.builtins-x86_64-android.a -l:libunwind.a -ldl /usr/local/lib/android/sdk/ndk/27.3.13750724/toolchains/llvm/prebuilt/linux-x86_64/sysroot/usr/lib/x86_64-linux-android/24/crtend_android.o]
    arg [/usr/local/lib/android/sdk/ndk/27.3.13750724/toolchains/llvm/prebuilt/linux-x86_64/bin/ld.lld] ==> ignore
    arg [--sysroot=/usr/local/lib/android/sdk/ndk/27.3.13750724/toolchains/llvm/prebuilt/linux-x86_64/sysroot] ==> ignore
    arg [-znow] ==> ignore
    arg [-zrelro] ==> ignore
    arg [--hash-style=gnu] ==> ignore
    arg [--eh-frame-hdr] ==> ignore
    arg [-m] ==> ignore
    arg [elf_x86_64] ==> ignore
    arg [-pie] ==> ignore
    arg [-dynamic-linker] ==> ignore
    arg [/system/bin/linker64] ==> ignore
    arg [-o] ==> ignore
    arg [cmTC_65636] ==> ignore
    arg [/usr/local/lib/android/sdk/ndk/27.3.13750724/toolchains/llvm/prebuilt/linux-x86_64/sysroot/usr/lib/x86_64-linux-android/24/crtbegin_dynamic.o] ==> obj [/usr/local/lib/android/sdk/ndk/27.3.13750724/toolchains/llvm/prebuilt/linux-x86_64/sysroot/usr/lib/x86_64-linux-android/24/crtbegin_dynamic.o]
    arg [-L/usr/local/lib/android/sdk/ndk/27.3.13750724/toolchains/llvm/prebuilt/linux-x86_64/lib/clang/18/lib/linux/x86_64] ==> dir [/usr/local/lib/android/sdk/ndk/27.3.13750724/toolchains/llvm/prebuilt/linux-x86_64/lib/clang/18/lib/linux/x86_64]
    arg [-L/usr/local/lib/android/sdk/ndk/27.3.13750724/toolchains/llvm/prebuilt/linux-x86_64/sysroot/usr/lib/x86_64-linux-android/24] ==> dir [/usr/local/lib/android/sdk/ndk/27.3.13750724/toolchains/llvm/prebuilt/linux-x86_64/sysroot/usr/lib/x86_64-linux-android/24]
    arg [-L/usr/local/lib/android/sdk/ndk/27.3.13750724/toolchains/llvm/prebuilt/linux-x86_64/sysroot/usr/lib/x86_64-linux-android] ==> dir [/usr/local/lib/android/sdk/ndk/27.3.13750724/toolchains/llvm/prebuilt/linux-x86_64/sysroot/usr/lib/x86_64-linux-android]
    arg [-L/usr/local/lib/android/sdk/ndk/27.3.13750724/toolchains/llvm/prebuilt/linux-x86_64/sysroot/usr/lib] ==> dir [/usr/local/lib/android/sdk/ndk/27.3.13750724/toolchains/llvm/prebuilt/linux-x86_64/sysroot/usr/lib]
    arg [--build-id=sha1] ==> ignore
    arg [--no-rosegment] ==> ignore
    arg [--no-undefined-version] ==> ignore
    arg [--fatal-warnings] ==> ignore
    arg [--no-undefined] ==> ignore
    arg [CMakeFiles/cmTC_65636.dir/CMakeCCompilerABI.c.o] ==> ignore
    arg [/usr/local/lib/android/sdk/ndk/27.3.13750724/toolchains/llvm/prebuilt/linux-x86_64/lib/clang/18/lib/linux/libclang_rt.builtins-x86_64-android.a] ==> lib [/usr/local/lib/android/sdk/ndk/27.3.13750724/toolchains/llvm/prebuilt/linux-x86_64/lib/clang/18/lib/linux/libclang_rt.builtins-x86_64-android.a]
    arg [-l:libunwind.a] ==> lib [-l:libunwind.a]
    arg [-ldl] ==> lib [dl]
    arg [-lc] ==> lib [c]
    arg [/usr/local/lib/android/sdk/ndk/27.3.13750724/toolchains/llvm/prebuilt/linux-x86_64/lib/clang/18/lib/linux/libclang_rt.builtins-x86_64-android.a] ==> lib [/usr/local/lib/android/sdk/ndk/27.3.13750724/toolchains/llvm/prebuilt/linux-x86_64/lib/clang/18/lib/linux/libclang_rt.builtins-x86_64-android.a]
    arg [-l:libunwind.a] ==> lib [-l:libunwind.a]
    arg [-ldl] ==> lib [dl]
    arg [/usr/local/lib/android/sdk/ndk/27.3.13750724/toolchains/llvm/prebuilt/linux-x86_64/sysroot/usr/lib/x86_64-linux-android/24/crtend_android.o] ==> obj [/usr/local/lib/android/sdk/ndk/27.3.13750724/toolchains/llvm/prebuilt/linux-x86_64/sysroot/usr/lib/x86_64-linux-android/24/crtend_android.o]
  remove lib [/usr/local/lib/android/sdk/ndk/27.3.13750724/toolchains/llvm/prebuilt/linux-x86_64/lib/clang/18/lib/linux/libclang_rt.builtins-x86_64-android.a]
  remove lib [/usr/local/lib/android/sdk/ndk/27.3.13750724/toolchains/llvm/prebuilt/linux-x86_64/lib/clang/18/lib/linux/libclang_rt.builtins-x86_64-android.a]
  collapse library dir [/usr/local/lib/android/sdk/ndk/27.3.13750724/toolchains/llvm/prebuilt/linux-x86_64/lib/clang/18/lib/linux/x86_64] ==> [/usr/local/lib/android/sdk/ndk/27.3.13750724/toolchains/llvm/prebuilt/linux-x86_64/lib/clang/18/lib/linux/x86_64]
  collapse library dir [/usr/local/lib/android/sdk/ndk/27.3.13750724/toolchains/llvm/prebuilt/linux-x86_64/sysroot/usr/lib/x86_64-linux-android/24] ==> [/usr/local/lib/android/sdk/ndk/27.3.13750724/toolchains/llvm/prebuilt/linux-x86_64/sysroot/usr/lib/x86_64-linux-android/24]
  collapse library dir [/usr/local/lib/android/sdk/ndk/27.3.13750724/toolchains/llvm/prebuilt/linux-x86_64/sysroot/usr/lib/x86_64-linux-android] ==> [/usr/local/lib/android/sdk/ndk/27.3.13750724/toolchains/llvm/prebuilt/linux-x86_64/sysroot/usr/lib/x86_64-linux-android]
  collapse library dir [/usr/local/lib/android/sdk/ndk/27.3.13750724/toolchains/llvm/prebuilt/linux-x86_64/sysroot/usr/lib] ==> [/usr/local/lib/android/sdk/ndk/27.3.13750724/toolchains/llvm/prebuilt/linux-x86_64/sysroot/usr/lib]
  implicit libs: [-l:libunwind.a;dl;c;-l:libunwind.a;dl]
  implicit objs: [/usr/local/lib/android/sdk/ndk/27.3.13750724/toolchains/llvm/prebuilt/linux-x86_64/sysroot/usr/lib/x86_64-linux-android/24/crtbegin_dynamic.o;/usr/local/lib/android/sdk/ndk/27.3.13750724/toolchains/llvm/prebuilt/linux-x86_64/sysroot/usr/lib/x86_64-linux-android/24/crtend_android.o]
  implicit dirs: [/usr/local/lib/android/sdk/ndk/27.3.13750724/toolchains/llvm/prebuilt/linux-x86_64/lib/clang/18/lib/linux/x86_64;/usr/local/lib/android/sdk/ndk/27.3.13750724/toolchains/llvm/prebuilt/linux-x86_64/sysroot/usr/lib/x86_64-linux-android/24;/usr/local/lib/android/sdk/ndk/27.3.13750724/toolchains/llvm/prebuilt/linux-x86_64/sysroot/usr/lib/x86_64-linux-android;/usr/local/lib/android/sdk/ndk/27.3.13750724/toolchains/llvm/prebuilt/linux-x86_64/sysroot/usr/lib]
  implicit fwks: []


Detecting CXX compiler ABI info compiled with the following output:
Change Dir: /home/runner/work/CroMagRally-Android/CroMagRally-Android/android/app/.cxx/Debug/h3k1i6w1/x86_64/CMakeFiles/CMakeTmp

Run Build Command(s):/usr/local/lib/android/sdk/cmake/3.22.1/bin/ninja cmTC_0c042 && [1/2] Building CXX object CMakeFiles/cmTC_0c042.dir/CMakeCXXCompilerABI.cpp.o
Android (13691557, +pgo, +bolt, +lto, +mlgo, based on r522817d) clang version 18.0.4 (https://android.googlesource.com/toolchain/llvm-project d8003a456d14a3deb8054cdaa529ffbf02d9b262)
Target: x86_64-none-linux-android24
Thread model: posix
InstalledDir: /usr/local/lib/android/sdk/ndk/27.3.13750724/toolchains/llvm/prebuilt/linux-x86_64/bin
 (in-process)
 "/usr/local/lib/android/sdk/ndk/27.3.13750724/toolchains/llvm/prebuilt/linux-x86_64/bin/clang++" -cc1 -triple x86_64-none-linux-android24 -emit-obj -mrelax-all -disable-free -clear-ast-before-backend -disable-llvm-verifier -discard-value-names -main-file-name CMakeCXXCompilerABI.cpp -mrelocation-model pic -pic-level 2 -pic-is-pie -mframe-pointer=all -ffp-contract=on -fno-rounding-math -mconstructor-aliases -funwind-tables=2 -target-cpu x86-64 -target-feature +sse4.2 -target-feature +popcnt -target-feature +cx16 -tune-cpu generic -debug-info-kind=constructor -dwarf-version=4 -debugger-tuning=gdb -fdebug-compilation-dir=/home/runner/work/CroMagRally-Android/CroMagRally-Android/android/app/.cxx/Debug/h3k1i6w1/x86_64/CMakeFiles/CMakeTmp -v -ffunction-sections -fdata-sections -fcoverage-compilation-dir=/home/runner/work/CroMagRally-Android/CroMagRally-Android/android/app/.cxx/Debug/h3k1i6w1/x86_64/CMakeFiles/CMakeTmp -resource-dir /usr/local/lib/android/sdk/ndk/27.3.13750724/toolchains/llvm/prebuilt/linux-x86_64/lib/clang/18 -dependency-file CMakeFiles/cmTC_0c042.dir/CMakeCXXCompilerABI.cpp.o.d -MT CMakeFiles/cmTC_0c042.dir/CMakeCXXCompilerABI.cpp.o -sys-header-deps -D ANDROID -D _FORTIFY_SOURCE=2 -isysroot /usr/local/lib/android/sdk/ndk/27.3.13750724/toolchains/llvm/prebuilt/linux-x86_64/sysroot -internal-isystem /usr/local/lib/android/sdk/ndk/27.3.13750724/toolchains/llvm/prebuilt/linux-x86_64/sysroot/usr/include/c++/v1 -internal-isystem /usr/local/lib/android/sdk/ndk/27.3.13750724/toolchains/llvm/prebuilt/linux-x86_64/lib/clang/18/include -internal-isystem /usr/local/lib/android/sdk/ndk/27.3.13750724/toolchains/llvm/prebuilt/linux-x86_64/sysroot/usr/local/include -internal-externc-isystem /usr/local/lib/android/sdk/ndk/27.3.13750724/toolchains/llvm/prebuilt/linux-x86_64/sysroot/usr/include/x86_64-linux-android -internal-externc-isystem /usr/local/lib/android/sdk/ndk/27.3.13750724/toolchains/llvm/prebuilt/linux-x86_64/sysroot/include -internal-externc-isystem /usr/local/lib/android/sdk/ndk/27.3.13750724/toolchains/llvm/prebuilt/linux-x86_64/sysroot/usr/include -Wformat -std=gnu++20 -fdeprecated-macro -ferror-limit 19 -femulated-tls -stack-protector 2 -fgnuc-version=4.2.1 -fno-implicit-modules -fcxx-exceptions -fexceptions -D__GCC_HAVE_DWARF2_CFI_ASM=1 -o CMakeFiles/cmTC_0c042.dir/CMakeCXXCompilerABI.cpp.o -x c++ /usr/local/lib/android/sdk/cmake/3.22.1/share/cmake-3.22/Modules/CMakeCXXCompilerABI.cpp
clang -cc1 version 18.0.4 based upon LLVM 18.0.4 default target x86_64-unknown-linux-gnu
ignoring nonexistent directory "/usr/local/lib/android/sdk/ndk/27.3.13750724/toolchains/llvm/prebuilt/linux-x86_64/sysroot/usr/local/include"
ignoring nonexistent directory "/usr/local/lib/android/sdk/ndk/27.3.13750724/toolchains/llvm/prebuilt/linux-x86_64/sysroot/include"
#include "..." search starts here:
#include <...> search starts here:
 /usr/local/lib/android/sdk/ndk/27.3.13750724/toolchains/llvm/prebuilt/linux-x86_64/sysroot/usr/include/c++/v1
 /usr/local/lib/android/sdk/ndk/27.3.13750724/toolchains/llvm/prebuilt/linux-x86_64/lib/clang/18/include
 /usr/local/lib/android/sdk/ndk/27.3.13750724/toolchains/llvm/prebuilt/linux-x86_64/sysroot/usr/include/x86_64-linux-android
 /usr/local/lib/android/sdk/ndk/27.3.13750724/toolchains/llvm/prebuilt/linux-x86_64/sysroot/usr/include
End of search list.
[2/2] Linking CXX executable cmTC_0c042
Android (13691557, +pgo, +bolt, +lto, +mlgo, based on r522817d) clang version 18.0.4 (https://android.googlesource.com/toolchain/llvm-project d8003a456d14a3deb8054cdaa529ffbf02d9b262)
Target: x86_64-none-linux-android24
Thread model: posix
InstalledDir: /usr/local/lib/android/sdk/ndk/27.3.13750724/toolchains/llvm/prebuilt/linux-x86_64/bin
 "/usr/local/lib/android/sdk/ndk/27.3.13750724/toolchains/llvm/prebuilt/linux-x86_64/bin/ld.lld" --sysroot=/usr/local/lib/android/sdk/ndk/27.3.13750724/toolchains/llvm/prebuilt/linux-x86_64/sysroot -z now -z relro --hash-style=gnu --eh-frame-hdr -m elf_x86_64 -pie -dynamic-linker /system/bin/linker64 -o cmTC_0c042 /usr/local/lib/android/sdk/ndk/27.3.13750724/toolchains/llvm/prebuilt/linux-x86_64/sysroot/usr/lib/x86_64-linux-android/24/crtbegin_dynamic.o -L/usr/local/lib/android/sdk/ndk/27.3.13750724/toolchains/llvm/prebuilt/linux-x86_64/lib/clang/18/lib/linux/x86_64 -L/usr/local/lib/android/sdk/ndk/27.3.13750724/toolchains/llvm/prebuilt/linux-x86_64/sysroot/usr/lib/x86_64-linux-android/24 -L/usr/local/lib/android/sdk/ndk/27.3.13750724/toolchains/llvm/prebuilt/linux-x86_64/sysroot/usr/lib/x86_64-linux-android -L/usr/local/lib/android/sdk/ndk/27.3.13750724/toolchains/llvm/prebuilt/linux-x86_64/sysroot/usr/lib --build-id=sha1 --no-rosegment --no-undefined-version --fatal-warnings --no-undefined CMakeFiles/cmTC_0c042.dir/CMakeCXXCompilerABI.cpp.o -lc++ -lm /usr/local/lib/android/sdk/ndk/27.3.13750724/toolchains/llvm/prebuilt/linux-x86_64/lib/clang/18/lib/linux/libclang_rt.builtins-x86_64-android.a -l:libunwind.a -ldl -lc /usr/local/lib/android/sdk/ndk/27.3.13750724/toolchains/llvm/prebuilt/linux-x86_64/lib/clang/18/lib/linux/libclang_rt.builtins-x86_64-android.a -l:libunwind.a -ldl /usr/local/lib/android/sdk/ndk/27.3.13750724/toolchains/llvm/prebuilt/linux-x86_64/sysroot/usr/lib/x86_64-linux-android/24/crtend_android.o



Parsed CXX implicit include dir info from above output: rv=done
  found start of include info
  found start of implicit include info
    add: [/usr/local/lib/android/sdk/ndk/27.3.13750724/toolchains/llvm/prebuilt/linux-x86_64/sysroot/usr/include/c++/v1]
    add: [/usr/local/lib/android/sdk/ndk/27.3.13750724/toolchains/llvm/prebuilt/linux-x86_64/lib/clang/18/include]
    add: [/usr/local/lib/android/sdk/ndk/27.3.13750724/toolchains/llvm/prebuilt/linux-x86_64/sysroot/usr/include/x86_64-linux-android]
    add: [/usr/local/lib/android/sdk/ndk/27.3.13750724/toolchains/llvm/prebuilt/linux-x86_64/sysroot/usr/include]
  end of search list found
  collapse include dir [/usr/local/lib/android/sdk/ndk/27.3.13750724/toolchains/llvm/prebuilt/linux-x86_64/sysroot/usr/include/c++/v1] ==> [/usr/local/lib/android/sdk/ndk/27.3.13750724/toolchains/llvm/prebuilt/linux-x86_64/sysroot/usr/include/c++/v1]
  collapse include dir [/usr/local/lib/android/sdk/ndk/27.3.13750724/toolchains/llvm/prebuilt/linux-x86_64/lib/clang/18/include] ==> [/usr/local/lib/android/sdk/ndk/27.3.13750724/toolchains/llvm/prebuilt/linux-x86_64/lib/clang/18/include]
  collapse include dir [/usr/local/lib/android/sdk/ndk/27.3.13750724/toolchains/llvm/prebuilt/linux-x86_64/sysroot/usr/include/x86_64-linux-android] ==> [/usr/local/lib/android/sdk/ndk/27.3.13750724/toolchains/llvm/prebuilt/linux-x86_64/sysroot/usr/include/x86_64-linux-android]
  collapse include dir [/usr/local/lib/android/sdk/ndk/27.3.13750724/toolchains/llvm/prebuilt/linux-x86_64/sysroot/usr/include] ==> [/usr/local/lib/android/sdk/ndk/27.3.13750724/toolchains/llvm/prebuilt/linux-x86_64/sysroot/usr/include]
  implicit include dirs: [/usr/local/lib/android/sdk/ndk/27.3.13750724/toolchains/llvm/prebuilt/linux-x86_64/sysroot/usr/include/c++/v1;/usr/local/lib/android/sdk/ndk/27.3.13750724/toolchains/llvm/prebuilt/linux-x86_64/lib/clang/18/include;/usr/local/lib/android/sdk/ndk/27.3.13750724/toolchains/llvm/prebuilt/linux-x86_64/sysroot/usr/include/x86_64-linux-android;/usr/local/lib/android/sdk/ndk/27.3.13750724/toolchains/llvm/prebuilt/linux-x86_64/sysroot/usr/include]


Parsed CXX implicit link information from above output:
  link line regex: [^( *|.*[/\])(ld\.lld|CMAKE_LINK_STARTFILE-NOTFOUND|([^/\]+-)?ld|collect2)[^/\]*( |$)]
  ignore line: [Change Dir: /home/runner/work/CroMagRally-Android/CroMagRally-Android/android/app/.cxx/Debug/h3k1i6w1/x86_64/CMakeFiles/CMakeTmp]
  ignore line: []
  ignore line: [Run Build Command(s):/usr/local/lib/android/sdk/cmake/3.22.1/bin/ninja cmTC_0c042 && [1/2] Building CXX object CMakeFiles/cmTC_0c042.dir/CMakeCXXCompilerABI.cpp.o]
  ignore line: [Android (13691557  +pgo  +bolt  +lto  +mlgo  based on r522817d) clang version 18.0.4 (https://android.googlesource.com/toolchain/llvm-project d8003a456d14a3deb8054cdaa529ffbf02d9b262)]
  ignore line: [Target: x86_64-none-linux-android24]
  ignore line: [Thread model: posix]
  ignore line: [InstalledDir: /usr/local/lib/android/sdk/ndk/27.3.13750724/toolchains/llvm/prebuilt/linux-x86_64/bin]
  ignore line: [ (in-process)]
  ignore line: [ "/usr/local/lib/android/sdk/ndk/27.3.13750724/toolchains/llvm/prebuilt/linux-x86_64/bin/clang++" -cc1 -triple x86_64-none-linux-android24 -emit-obj -mrelax-all -disable-free -clear-ast-before-backend -disable-llvm-verifier -discard-value-names -main-file-name CMakeCXXCompilerABI.cpp -mrelocation-model pic -pic-level 2 -pic-is-pie -mframe-pointer=all -ffp-contract=on -fno-rounding-math -mconstructor-aliases -funwind-tables=2 -target-cpu x86-64 -target-feature +sse4.2 -target-feature +popcnt -target-feature +cx16 -tune-cpu generic -debug-info-kind=constructor -dwarf-version=4 -debugger-tuning=gdb -fdebug-compilation-dir=/home/runner/work/CroMagRally-Android/CroMagRally-Android/android/app/.cxx/Debug/h3k1i6w1/x86_64/CMakeFiles/CMakeTmp -v -ffunction-sections -fdata-sections -fcoverage-compilation-dir=/home/runner/work/CroMagRally-Android/CroMagRally-Android/android/app/.cxx/Debug/h3k1i6w1/x86_64/CMakeFiles/CMakeTmp -resource-dir /usr/local/lib/android/sdk/ndk/27.3.13750724/toolchains/llvm/prebuilt/linux-x86_64/lib/clang/18 -dependency-file CMakeFiles/cmTC_0c042.dir/CMakeCXXCompilerABI.cpp.o.d -MT CMakeFiles/cmTC_0c042.dir/CMakeCXXCompilerABI.cpp.o -sys-header-deps -D ANDROID -D _FORTIFY_SOURCE=2 -isysroot /usr/local/lib/android/sdk/ndk/27.3.13750724/toolchains/llvm/prebuilt/linux-x86_64/sysroot -internal-isystem /usr/local/lib/android/sdk/ndk/27.3.13750724/toolchains/llvm/prebuilt/linux-x86_64/sysroot/usr/include/c++/v1 -internal-isystem /usr/local/lib/android/sdk/ndk/27.3.13750724/toolchains/llvm/prebuilt/linux-x86_64/lib/clang/18/include -internal-isystem /usr/local/lib/android/sdk/ndk/27.3.13750724/toolchains/llvm/prebuilt/linux-x86_64/sysroot/usr/local/include -internal-externc-isystem /usr/local/lib/android/sdk/ndk/27.3.13750724/toolchains/llvm/prebuilt/linux-x86_64/sysroot/usr/include/x86_64-linux-android -internal-externc-isystem /usr/local/lib/android/sdk/ndk/27.3.13750724/toolchains/llvm/prebuilt/linux-x86_64/sysroot/include -internal-externc-isystem /usr/local/lib/android/sdk/ndk/27.3.13750724/toolchains/llvm/prebuilt/linux-x86_64/sysroot/usr/include -Wformat -std=gnu++20 -fdeprecated-macro -ferror-limit 19 -femulated-tls -stack-protector 2 -fgnuc-version=4.2.1 -fno-implicit-modules -fcxx-exceptions -fexceptions -D__GCC_HAVE_DWARF2_CFI_ASM=1 -o CMakeFiles/cmTC_0c042.dir/CMakeCXXCompilerABI.cpp.o -x c++ /usr/local/lib/android/sdk/cmake/3.22.1/share/cmake-3.22/Modules/CMakeCXXCompilerABI.cpp]
  ignore line: [clang -cc1 version 18.0.4 based upon LLVM 18.0.4 default target x86_64-unknown-linux-gnu]
  ignore line: [ignoring nonexistent directory "/usr/local/lib/android/sdk/ndk/27.3.13750724/toolchains/llvm/prebuilt/linux-x86_64/sysroot/usr/local/include"]
  ignore line: [ignoring nonexistent directory "/usr/local/lib/android/sdk/ndk/27.3.13750724/toolchains/llvm/prebuilt/linux-x86_64/sysroot/include"]
  ignore line: [#include "..." search starts here:]
  ignore line: [#include <...> search starts here:]
  ignore line: [ /usr/local/lib/android/sdk/ndk/27.3.13750724/toolchains/llvm/prebuilt/linux-x86_64/sysroot/usr/include/c++/v1]
  ignore line: [ /usr/local/lib/android/sdk/ndk/27.3.13750724/toolchains/llvm/prebuilt/linux-x86_64/lib/clang/18/include]
  ignore line: [ /usr/local/lib/android/sdk/ndk/27.3.13750724/toolchains/llvm/prebuilt/linux-x86_64/sysroot/usr/include/x86_64-linux-android]
  ignore line: [ /usr/local/lib/android/sdk/ndk/27.3.13750724/toolchains/llvm/prebuilt/linux-x86_64/sysroot/usr/include]
  ignore line: [End of search list.]
  ignore line: [[2/2] Linking CXX executable cmTC_0c042]
  ignore line: [Android (13691557  +pgo  +bolt  +lto  +mlgo  based on r522817d) clang version 18.0.4 (https://android.googlesource.com/toolchain/llvm-project d8003a456d14a3deb8054cdaa529ffbf02d9b262)]
  ignore line: [Target: x86_64-none-linux-android24]
  ignore line: [Thread model: posix]
  ignore line: [InstalledDir: /usr/local/lib/android/sdk/ndk/27.3.13750724/toolchains/llvm/prebuilt/linux-x86_64/bin]
  link line: [ "/usr/local/lib/android/sdk/ndk/27.3.13750724/toolchains/llvm/prebuilt/linux-x86_64/bin/ld.lld" --sysroot=/usr/local/lib/android/sdk/ndk/27.3.13750724/toolchains/llvm/prebuilt/linux-x86_64/sysroot -z now -z relro --hash-style=gnu --eh-frame-hdr -m elf_x86_64 -pie -dynamic-linker /system/bin/linker64 -o cmTC_0c042 /usr/local/lib/android/sdk/ndk/27.3.13750724/toolchains/llvm/prebuilt/linux-x86_64/sysroot/usr/lib/x86_64-linux-android/24/crtbegin_dynamic.o -L/usr/local/lib/android/sdk/ndk/27.3.13750724/toolchains/llvm/prebuilt/linux-x86_64/lib/clang/18/lib/linux/x86_64 -L/usr/local/lib/android/sdk/ndk/27.3.13750724/toolchains/llvm/prebuilt/linux-x86_64/sysroot/usr/lib/x86_64-linux-android/24 -L/usr/local/lib/android/sdk/ndk/27.3.13750724/toolchains/llvm/prebuilt/linux-x86_64/sysroot/usr/lib/x86_64-linux-android -L/usr/local/lib/android/sdk/ndk/27.3.13750724/toolchains/llvm/prebuilt/linux-x86_64/sysroot/usr/lib --build-id=sha1 --no-rosegment --no-undefined-version --fatal-warnings --no-undefined CMakeFiles/cmTC_0c042.dir/CMakeCXXCompilerABI.cpp.o -lc++ -lm /usr/local/lib/android/sdk/ndk/27.3.13750724/toolchains/llvm/prebuilt/linux-x86_64/lib/clang/18/lib/linux/libclang_rt.builtins-x86_64-android.a -l:libunwind.a -ldl -lc /usr/local/lib/android/sdk/ndk/27.3.13750724/toolchains/llvm/prebuilt/linux-x86_64/lib/clang/18/lib/linux/libclang_rt.builtins-x86_64-android.a -l:libunwind.a -ldl /usr/local/lib/android/sdk/ndk/27.3.13750724/toolchains/llvm/prebuilt/linux-x86_64/sysroot/usr/lib/x86_64-linux-android/24/crtend_android.o]
    arg [/usr/local/lib/android/sdk/ndk/27.3.13750724/toolchains/llvm/prebuilt/linux-x86_64/bin/ld.lld] ==> ignore
    arg [--sysroot=/usr/local/lib/android/sdk/ndk/27.3.13750724/toolchains/llvm/prebuilt/linux-x86_64/sysroot] ==> ignore
    arg [-znow] ==> ignore
    arg [-zrelro] ==> ignore
    arg [--hash-style=gnu] ==> ignore
    arg [--eh-frame-hdr] ==> ignore
    arg [-m] ==> ignore
    arg [elf_x86_64] ==> ignore
    arg [-pie] ==> ignore
    arg [-dynamic-linker] ==> ignore
    arg [/system/bin/linker64] ==> ignore
    arg [-o] ==> ignore
    arg [cmTC_0c042] ==> ignore
    arg [/usr/local/lib/android/sdk/ndk/27.3.13750724/toolchains/llvm/prebuilt/linux-x86_64/sysroot/usr/lib/x86_64-linux-android/24/crtbegin_dynamic.o] ==> obj [/usr/local/lib/android/sdk/ndk/27.3.13750724/toolchains/llvm/prebuilt/linux-x86_64/sysroot/usr/lib/x86_64-linux-android/24/crtbegin_dynamic.o]
    arg [-L/usr/local/lib/android/sdk/ndk/27.3.13750724/toolchains/llvm/prebuilt/linux-x86_64/lib/clang/18/lib/linux/x86_64] ==> dir [/usr/local/lib/android/sdk/ndk/27.3.13750724/toolchains/llvm/prebuilt/linux-x86_64/lib/clang/18/lib/linux/x86_64]
    arg [-L/usr/local/lib/android/sdk/ndk/27.3.13750724/toolchains/llvm/prebuilt/linux-x86_64/sysroot/usr/lib/x86_64-linux-android/24] ==> dir [/usr/local/lib/android/sdk/ndk/27.3.13750724/toolchains/llvm/prebuilt/linux-x86_64/sysroot/usr/lib/x86_64-linux-android/24]
    arg [-L/usr/local/lib/android/sdk/ndk/27.3.13750724/toolchains/llvm/prebuilt/linux-x86_64/sysroot/usr/lib/x86_64-linux-android] ==> dir [/usr/local/lib/android/sdk/ndk/27.3.13750724/toolchains/llvm/prebuilt/linux-x86_64/sysroot/usr/lib/x86_64-linux-android]
    arg [-L/usr/local/lib/android/sdk/ndk/27.3.13750724/toolchains/llvm/prebuilt/linux-x86_64/sysroot/usr/lib] ==> dir [/usr/local/lib/android/sdk/ndk/27.3.13750724/toolchains/llvm/prebuilt/linux-x86_64/sysroot/usr/lib]
    arg [--build-id=sha1] ==> ignore
    arg [--no-rosegment] ==> ignore
    arg [--no-undefined-version] ==> ignore
    arg [--fatal-warnings] ==> ignore
    arg [--no-undefined] ==> ignore
    arg [CMakeFiles/cmTC_0c042.dir/CMakeCXXCompilerABI.cpp.o] ==> ignore
    arg [-lc++] ==> lib [c++]
    arg [-lm] ==> lib [m]
    arg [/usr/local/lib/android/sdk/ndk/27.3.13750724/toolchains/llvm/prebuilt/linux-x86_64/lib/clang/18/lib/linux/libclang_rt.builtins-x86_64-android.a] ==> lib [/usr/local/lib/android/sdk/ndk/27.3.13750724/toolchains/llvm/prebuilt/linux-x86_64/lib/clang/18/lib/linux/libclang_rt.builtins-x86_64-android.a]
    arg [-l:libunwind.a] ==> lib [-l:libunwind.a]
    arg [-ldl] ==> lib [dl]
    arg [-lc] ==> lib [c]
    arg [/usr/local/lib/android/sdk/ndk/27.3.13750724/toolchains/llvm/prebuilt/linux-x86_64/lib/clang/18/lib/linux/libclang_rt.builtins-x86_64-android.a] ==> lib [/usr/local/lib/android/sdk/ndk/27.3.13750724/toolchains/llvm/prebuilt/linux-x86_64/lib/clang/18/lib/linux/libclang_rt.builtins-x86_64-android.a]
    arg [-l:libunwind.a] ==> lib [-l:libunwind.a]
    arg [-ldl] ==> lib [dl]
    arg [/usr/local/lib/android/sdk/ndk/27.3.13750724/toolchains/llvm/prebuilt/linux-x86_64/sysroot/usr/lib/x86_64-linux-android/24/crtend_android.o] ==> obj [/usr/local/lib/android/sdk/ndk/27.3.13750724/toolchains/llvm/prebuilt/linux-x86_64/sysroot/usr/lib/x86_64-linux-android/24/crtend_android.o]
  remove lib [/usr/local/lib/android/sdk/ndk/27.3.13750724/toolchains/llvm/prebuilt/linux-x86_64/lib/clang/18/lib/linux/libclang_rt.builtins-x86_64-android.a]
  remove lib [/usr/local/lib/android/sdk/ndk/27.3.13750724/toolchains/llvm/prebuilt/linux-x86_64/lib/clang/18/lib/linux/libclang_rt.builtins-x86_64-android.a]
  collapse library dir [/usr/local/lib/android/sdk/ndk/27.3.13750724/toolchains/llvm/prebuilt/linux-x86_64/lib/clang/18/lib/linux/x86_64] ==> [/usr/local/lib/android/sdk/ndk/27.3.13750724/toolchains/llvm/prebuilt/linux-x86_64/lib/clang/18/lib/linux/x86_64]
  collapse library dir [/usr/local/lib/android/sdk/ndk/27.3.13750724/toolchains/llvm/prebuilt/linux-x86_64/sysroot/usr/lib/x86_64-linux-android/24] ==> [/usr/local/lib/android/sdk/ndk/27.3.13750724/toolchains/llvm/prebuilt/linux-x86_64/sysroot/usr/lib/x86_64-linux-android/24]
  collapse library dir [/usr/local/lib/android/sdk/ndk/27.3.13750724/toolchains/llvm/prebuilt/linux-x86_64/sysroot/usr/lib/x86_64-linux-android] ==> [/usr/local/lib/android/sdk/ndk/27.3.13750724/toolchains/llvm/prebuilt/linux-x86_64/sysroot/usr/lib/x86_64-linux-android]
  collapse library dir [/usr/local/lib/android/sdk/ndk/27.3.13750724/toolchains/llvm/prebuilt/linux-x86_64/sysroot/usr/lib] ==> [/usr/local/lib/android/sdk/ndk/27.3.13750724/toolchains/llvm/prebuilt/linux-x86_64/sysroot/usr/lib]
  implicit libs: [c++;m;-l:libunwind.a;dl;c;-l:libunwind.a;dl]
  implicit objs: [/usr/local/lib/android/sdk/ndk/27.3.13750724/toolchains/llvm/prebuilt/linux-x86_64/sysroot/usr/lib/x86_64-linux-android/24/crtbegin_dynamic.o;/usr/local/lib/android/sdk/ndk/27.3.13750724/toolchains/llvm/prebuilt/linux-x86_64/sysroot/usr/lib/x86_64-linux-android/24/crtend_android.o]
  implicit dirs: [/usr/local/lib/android/sdk/ndk/27.3.13750724/toolchains/llvm/prebuilt/linux-x86_64/lib/clang/18/lib/linux/x86_64;/usr/local/lib/android/sdk/ndk/27.3.13750724/toolchains/llvm/prebuilt/linux-x86_64/sysroot/usr/lib/x86_64-linux-android/24;/usr/local/lib/android/sdk/ndk/27.3.13750724/toolchains/llvm/prebuilt/linux-x86_64/sysroot/usr/lib/x86_64-linux-android;/usr/local/lib/android/sdk/ndk/27.3.13750724/toolchains/llvm/prebuilt/linux-x86_64/sysroot/usr/lib]
  implicit fwks: []


Performing C SOURCE FILE Test HAVE_GCC_WALL succeeded with the following output:
Change Dir: /home/runner/work/CroMagRally-Android/CroMagRally-Android/android/app/.cxx/Debug/h3k1i6w1/x86_64/CMakeFiles/CMakeTmp

Run Build Command(s):/usr/local/lib/android/sdk/cmake/3.22.1/bin/ninja cmTC_cd85e && [1/2] Building C object CMakeFiles/cmTC_cd85e.dir/src.c.o
[2/2] Linking C executable cmTC_cd85e


Source file was:
int main(void) { return 0; }
Performing C SOURCE FILE Test HAVE_GCC_WUNDEF succeeded with the following output:
Change Dir: /home/runner/work/CroMagRally-Android/CroMagRally-Android/android/app/.cxx/Debug/h3k1i6w1/x86_64/CMakeFiles/CMakeTmp

Run Build Command(s):/usr/local/lib/android/sdk/cmake/3.22.1/bin/ninja cmTC_22c52 && [1/2] Building C object CMakeFiles/cmTC_22c52.dir/src.c.o
[2/2] Linking C executable cmTC_22c52


Source file was:
int main(void) { return 0; }
Performing C SOURCE FILE Test HAVE_GCC_WFLOAT_CONVERSION succeeded with the following output:
Change Dir: /home/runner/work/CroMagRally-Android/CroMagRally-Android/android/app/.cxx/Debug/h3k1i6w1/x86_64/CMakeFiles/CMakeTmp

Run Build Command(s):/usr/local/lib/android/sdk/cmake/3.22.1/bin/ninja cmTC_69f29 && [1/2] Building C object CMakeFiles/cmTC_69f29.dir/src.c.o
[2/2] Linking C executable cmTC_69f29


Source file was:
int main(void) { return 0; }
Performing C SOURCE FILE Test HAVE_GCC_NO_STRICT_ALIASING succeeded with the following output:
Change Dir: /home/runner/work/CroMagRally-Android/CroMagRally-Android/android/app/.cxx/Debug/h3k1i6w1/x86_64/CMakeFiles/CMakeTmp

Run Build Command(s):/usr/local/lib/android/sdk/cmake/3.22.1/bin/ninja cmTC_f5dcd && [1/2] Building C object CMakeFiles/cmTC_f5dcd.dir/src.c.o
[2/2] Linking C executable cmTC_f5dcd


Source file was:
int main(void) { return 0; }
Performing C SOURCE FILE Test HAVE_GCC_WDOCUMENTATION succeeded with the following output:
Change Dir: /home/runner/work/CroMagRally-Android/CroMagRally-Android/android/app/.cxx/Debug/h3k1i6w1/x86_64/CMakeFiles/CMakeTmp

Run Build Command(s):/usr/local/lib/android/sdk/cmake/3.22.1/bin/ninja cmTC_b5de5 && [1/2] Building C object CMakeFiles/cmTC_b5de5.dir/src.c.o
[2/2] Linking C executable cmTC_b5de5


Source file was:
int main(void) { return 0; }
Performing C SOURCE FILE Test HAVE_GCC_WDOCUMENTATION_UNKNOWN_COMMAND succeeded with the following output:
Change Dir: /home/runner/work/CroMagRally-Android/CroMagRally-Android/android/app/.cxx/Debug/h3k1i6w1/x86_64/CMakeFiles/CMakeTmp

Run Build Command(s):/usr/local/lib/android/sdk/cmake/3.22.1/bin/ninja cmTC_7237d && [1/2] Building C object CMakeFiles/cmTC_7237d.dir/src.c.o
[2/2] Linking C executable cmTC_7237d


Source file was:
int main(void) { return 0; }
Performing C SOURCE FILE Test HAVE_GCC_COMMENT_BLOCK_COMMANDS succeeded with the following output:
Change Dir: /home/runner/work/CroMagRally-Android/CroMagRally-Android/android/app/.cxx/Debug/h3k1i6w1/x86_64/CMakeFiles/CMakeTmp

Run Build Command(s):/usr/local/lib/android/sdk/cmake/3.22.1/bin/ninja cmTC_36004 && [1/2] Building C object CMakeFiles/cmTC_36004.dir/src.c.o
[2/2] Linking C executable cmTC_36004


Source file was:
int main(void) { return 0; }
Performing C SOURCE FILE Test HAVE_GCC_WSHADOW succeeded with the following output:
Change Dir: /home/runner/work/CroMagRally-Android/CroMagRally-Android/android/app/.cxx/Debug/h3k1i6w1/x86_64/CMakeFiles/CMakeTmp

Run Build Command(s):/usr/local/lib/android/sdk/cmake/3.22.1/bin/ninja cmTC_08ac5 && [1/2] Building C object CMakeFiles/cmTC_08ac5.dir/src.c.o
[2/2] Linking C executable cmTC_08ac5


Source file was:
int main(void) { return 0; }
Performing C SOURCE FILE Test HAVE_GCC_WUNUSED_LOCAL_TYPEDEFS succeeded with the following output:
Change Dir: /home/runner/work/CroMagRally-Android/CroMagRally-Android/android/app/.cxx/Debug/h3k1i6w1/x86_64/CMakeFiles/CMakeTmp

Run Build Command(s):/usr/local/lib/android/sdk/cmake/3.22.1/bin/ninja cmTC_291c6 && [1/2] Building C object CMakeFiles/cmTC_291c6.dir/src.c.o
[2/2] Linking C executable cmTC_291c6


Source file was:
int main(void) { return 0; }
Performing C SOURCE FILE Test HAVE_GCC_WIMPLICIT_FALLTHROUGH succeeded with the following output:
Change Dir: /home/runner/work/CroMagRally-Android/CroMagRally-Android/android/app/.cxx/Debug/h3k1i6w1/x86_64/CMakeFiles/CMakeTmp

Run Build Command(s):/usr/local/lib/android/sdk/cmake/3.22.1/bin/ninja cmTC_2b321 && [1/2] Building C object CMakeFiles/cmTC_2b321.dir/src.c.o
[2/2] Linking C executable cmTC_2b321


Source file was:
int main(void) { return 0; }
Performing C SOURCE FILE Test COMPILER_SUPPORTS_FCOLOR_DIAGNOSTICS succeeded with the following output:
Change Dir: /home/runner/work/CroMagRally-Android/CroMagRally-Android/android/app/.cxx/Debug/h3k1i6w1/x86_64/CMakeFiles/CMakeTmp

Run Build Command(s):/usr/local/lib/android/sdk/cmake/3.22.1/bin/ninja cmTC_b43e9 && [1/2] Building C object CMakeFiles/cmTC_b43e9.dir/src.c.o
[2/2] Linking C executable cmTC_b43e9


Source file was:
int main(void) { return 0; }
Performing C SOURCE FILE Test HAVE_WL_VERSION_SCRIPT succeeded with the following output:
Change Dir: /home/runner/work/CroMagRally-Android/CroMagRally-Android/android/app/.cxx/Debug/h3k1i6w1/x86_64/CMakeFiles/CMakeTmp

Run Build Command(s):/usr/local/lib/android/sdk/cmake/3.22.1/bin/ninja cmTC_10f22 && [1/2] Building C object CMakeFiles/cmTC_10f22.dir/src.c.o
[2/2] Linking C executable cmTC_10f22


Source file was:
int func(void) {return 0;} int main(int argc,char*argv[]){(void)argc;(void)argv;return func();}
Performing C SOURCE FILE Test COMPILER_SUPPORTS_GCC_ATOMICS succeeded with the following output:
Change Dir: /home/runner/work/CroMagRally-Android/CroMagRally-Android/android/app/.cxx/Debug/h3k1i6w1/x86_64/CMakeFiles/CMakeTmp

Run Build Command(s):/usr/local/lib/android/sdk/cmake/3.22.1/bin/ninja cmTC_6a007 && [1/2] Building C object CMakeFiles/cmTC_6a007.dir/src.c.o
[2/2] Linking C executable cmTC_6a007


Source file was:
int main(int argc, char **argv) {
        int a;
        void *x, *y, *z;
        __sync_lock_test_and_set(&a, 4);
        __sync_lock_test_and_set(&x, y);
        __sync_fetch_and_add(&a, 1);
        __sync_bool_compare_and_swap(&a, 5, 10);
        __sync_bool_compare_and_swap(&x, y, z);
        return 0; }
Performing C SOURCE FILE Test HAVE_GCC_FVISIBILITY succeeded with the following output:
Change Dir: /home/runner/work/CroMagRally-Android/CroMagRally-Android/android/app/.cxx/Debug/h3k1i6w1/x86_64/CMakeFiles/CMakeTmp

Run Build Command(s):/usr/local/lib/android/sdk/cmake/3.22.1/bin/ninja cmTC_c001d && [1/2] Building C object CMakeFiles/cmTC_c001d.dir/src.c.o
[2/2] Linking C executable cmTC_c001d


Source file was:

      #if !defined(__GNUC__) || __GNUC__ < 4
      #error SDL only uses visibility attributes in GCC 4 or newer
      #endif
      __attribute__((visibility("default"))) int foo(void);
      __attribute__((visibility("hidden")))  int bar(void);
      int foo(void) { return 0; }
      int bar(void) { return 1; }
      int main(void) { return 0; }
Performing C SOURCE FILE Test LINKER_SUPPORTS_WL_NO_UNDEFINED succeeded with the following output:
Change Dir: /home/runner/work/CroMagRally-Android/CroMagRally-Android/android/app/.cxx/Debug/h3k1i6w1/x86_64/CMakeFiles/CMakeTmp

Run Build Command(s):/usr/local/lib/android/sdk/cmake/3.22.1/bin/ninja cmTC_25762 && [1/2] Building C object CMakeFiles/cmTC_25762.dir/src.c.o
[2/2] Linking C executable cmTC_25762


Source file was:
int main() { return 0; }
Performing C SOURCE FILE Test COMPILER_SUPPORTS_MMX succeeded with the following output:
Change Dir: /home/runner/work/CroMagRally-Android/CroMagRally-Android/android/app/.cxx/Debug/h3k1i6w1/x86_64/CMakeFiles/CMakeTmp

Run Build Command(s):/usr/local/lib/android/sdk/cmake/3.22.1/bin/ninja cmTC_86843 && [1/2] Building C object CMakeFiles/cmTC_86843.dir/src.c.o
[2/2] Linking C executable cmTC_86843


Source file was:

    #if 0
    # if defined(__i386__) || defined(__x86_64__)
    #  define test_enabled 1
    # else
    #  define test_enabled 0 /* feign success in Apple multi-arch configs */
    # endif
    #else                    /* test normally */
    # define test_enabled 1
    #endif
    #if test_enabled
          #include <mmintrin.h>
      void ints_add(int *dest, int *a, int *b, unsigned size) {
        for (; size >= 2; size -= 2, dest += 2, a += 2, b += 2) {
          *(__m64*)dest = _mm_add_pi32(*(__m64*)a, *(__m64*)b);
        }
      }
      int main(int argc, char *argv[]) {
        ints_add((int*)0, (int*)0, (int*)0, 0);
        return 0;
      }
    #else
    int main(int argc, char *argv[]) {
      (void)argc;
      (void)argv;
      return 0;
    }
    #endif
Performing C SOURCE FILE Test COMPILER_SUPPORTS_SSE succeeded with the following output:
Change Dir: /home/runner/work/CroMagRally-Android/CroMagRally-Android/android/app/.cxx/Debug/h3k1i6w1/x86_64/CMakeFiles/CMakeTmp

Run Build Command(s):/usr/local/lib/android/sdk/cmake/3.22.1/bin/ninja cmTC_6144c && [1/2] Building C object CMakeFiles/cmTC_6144c.dir/src.c.o
[2/2] Linking C executable cmTC_6144c


Source file was:

    #if 0
    # if defined(__i386__) || defined(__x86_64__)
    #  define test_enabled 1
    # else
    #  define test_enabled 0 /* feign success in Apple multi-arch configs */
    # endif
    #else                    /* test normally */
    # define test_enabled 1
    #endif
    #if test_enabled
          #include <xmmintrin.h>
      void floats_add(float *dest, float *a, float *b, unsigned size) {
        for (; size >= 4; size -= 4, dest += 4, a += 4, b += 4) {
          _mm_storeu_ps(dest, _mm_add_ps(_mm_loadu_ps(a), _mm_loadu_ps (b)));
        }
      }
      int main(int argc, char **argv) {
        floats_add((float*)0, (float*)0, (float*)0, 0);
        return 0;
      }
    #else
    int main(int argc, char *argv[]) {
      (void)argc;
      (void)argv;
      return 0;
    }
    #endif
Performing C SOURCE FILE Test COMPILER_SUPPORTS_SSE2 succeeded with the following output:
Change Dir: /home/runner/work/CroMagRally-Android/CroMagRally-Android/android/app/.cxx/Debug/h3k1i6w1/x86_64/CMakeFiles/CMakeTmp

Run Build Command(s):/usr/local/lib/android/sdk/cmake/3.22.1/bin/ninja cmTC_833f0 && [1/2] Building C object CMakeFiles/cmTC_833f0.dir/src.c.o
[2/2] Linking C executable cmTC_833f0


Source file was:

    #if 0
    # if defined(__i386__) || defined(__x86_64__)
    #  define test_enabled 1
    # else
    #  define test_enabled 0 /* feign success in Apple multi-arch configs */
    # endif
    #else                    /* test normally */
    # define test_enabled 1
    #endif
    #if test_enabled
          #include <emmintrin.h>
      void doubles_add(double *dest, double *a, double *b, unsigned size) {
        for (; size >= 4; size -= 4, dest += 4, a += 4, b += 4) {
          _mm_store_pd(dest, _mm_add_pd(_mm_loadu_pd(a), _mm_loadu_pd(b)));
        }
      }
      int main(int argc, char **argv) {
        doubles_add((double*)0, (double*)0, (double*)0, 0);
        return 0;
      }
    #else
    int main(int argc, char *argv[]) {
      (void)argc;
      (void)argv;
      return 0;
    }
    #endif
Performing C SOURCE FILE Test COMPILER_SUPPORTS_SSE3 succeeded with the following output:
Change Dir: /home/runner/work/CroMagRally-Android/CroMagRally-Android/android/app/.cxx/Debug/h3k1i6w1/x86_64/CMakeFiles/CMakeTmp

Run Build Command(s):/usr/local/lib/android/sdk/cmake/3.22.1/bin/ninja cmTC_3ed94 && [1/2] Building C object CMakeFiles/cmTC_3ed94.dir/src.c.o
[2/2] Linking C executable cmTC_3ed94


Source file was:

    #if 0
    # if defined(__i386__) || defined(__x86_64__)
    #  define test_enabled 1
    # else
    #  define test_enabled 0 /* feign success in Apple multi-arch configs */
    # endif
    #else                    /* test normally */
    # define test_enabled 1
    #endif
    #if test_enabled
          #include <pmmintrin.h>
      void ints_add(int *dest, int *a, int *b, unsigned size) {
        for (; size >= 4; size -= 4, dest += 4, a += 4, b += 4) {
          _mm_storeu_si128((__m128i*)dest, _mm_add_epi32(_mm_lddqu_si128((__m128i*)a), _mm_lddqu_si128((__m128i*)b)));
        }
      }
      int main(int argc, char **argv) {
        ints_add((int*)0, (int*)0, (int*)0, 0);
        return 0;
      }
    #else
    int main(int argc, char *argv[]) {
      (void)argc;
      (void)argv;
      return 0;
    }
    #endif
Performing C SOURCE FILE Test COMPILER_SUPPORTS_SSE4_1 succeeded with the following output:
Change Dir: /home/runner/work/CroMagRally-Android/CroMagRally-Android/android/app/.cxx/Debug/h3k1i6w1/x86_64/CMakeFiles/CMakeTmp

Run Build Command(s):/usr/local/lib/android/sdk/cmake/3.22.1/bin/ninja cmTC_44f8c && [1/2] Building C object CMakeFiles/cmTC_44f8c.dir/src.c.o
[2/2] Linking C executable cmTC_44f8c


Source file was:

    #if 0
    # if defined(__i386__) || defined(__x86_64__)
    #  define test_enabled 1
    # else
    #  define test_enabled 0 /* feign success in Apple multi-arch configs */
    # endif
    #else                    /* test normally */
    # define test_enabled 1
    #endif
    #if test_enabled
          #include <smmintrin.h>
      void ints_mul(int *dest, int *a, int *b, unsigned size) {
        for (; size >= 4; size -= 4, dest += 4, a += 4, b += 4) {
          _mm_storeu_si128((__m128i*)dest, _mm_mullo_epi32(_mm_lddqu_si128((__m128i*)a), _mm_lddqu_si128((__m128i*)b)));
        }
      }
      int main(int argc, char **argv) {
        ints_mul((int*)0, (int*)0, (int*)0, 0);
        return 0;
      }
    #else
    int main(int argc, char *argv[]) {
      (void)argc;
      (void)argv;
      return 0;
    }
    #endif
Performing C SOURCE FILE Test COMPILER_SUPPORTS_SSE4_2 succeeded with the following output:
Change Dir: /home/runner/work/CroMagRally-Android/CroMagRally-Android/android/app/.cxx/Debug/h3k1i6w1/x86_64/CMakeFiles/CMakeTmp

Run Build Command(s):/usr/local/lib/android/sdk/cmake/3.22.1/bin/ninja cmTC_4d0bf && [1/2] Building C object CMakeFiles/cmTC_4d0bf.dir/src.c.o
[2/2] Linking C executable cmTC_4d0bf


Source file was:

    #if 0
    # if defined(__i386__) || defined(__x86_64__)
    #  define test_enabled 1
    # else
    #  define test_enabled 0 /* feign success in Apple multi-arch configs */
    # endif
    #else                    /* test normally */
    # define test_enabled 1
    #endif
    #if test_enabled
          #include <nmmintrin.h>
      __m128i bitmask;
      char data[16];
      int main(int argc, char **argv) {
        bitmask = _mm_cmpgt_epi64(_mm_set1_epi64x(0), _mm_loadu_si128((void*)data));
        return 0;
      }
    #else
    int main(int argc, char *argv[]) {
      (void)argc;
      (void)argv;
      return 0;
    }
    #endif
Performing C SOURCE FILE Test COMPILER_SUPPORTS_AVX succeeded with the following output:
Change Dir: /home/runner/work/CroMagRally-Android/CroMagRally-Android/android/app/.cxx/Debug/h3k1i6w1/x86_64/CMakeFiles/CMakeTmp

Run Build Command(s):/usr/local/lib/android/sdk/cmake/3.22.1/bin/ninja cmTC_6360d && [1/2] Building C object CMakeFiles/cmTC_6360d.dir/src.c.o
[2/2] Linking C executable cmTC_6360d


Source file was:

    #if 0
    # if defined(__i386__) || defined(__x86_64__)
    #  define test_enabled 1
    # else
    #  define test_enabled 0 /* feign success in Apple multi-arch configs */
    # endif
    #else                    /* test normally */
    # define test_enabled 1
    #endif
    #if test_enabled
          #include <immintrin.h>
      void floats_add(float *dest, float *a, float *b, unsigned size) {
        for (; size >= 8; size -= 8, dest += 8, a += 8, b += 8) {
          _mm256_storeu_ps(dest, _mm256_add_ps(_mm256_loadu_ps(a), _mm256_loadu_ps(b)));
        }
      }
      int main(int argc, char **argv) {
        floats_add((float*)0, (float*)0, (float*)0, 0);
        return 0;
      }
    #else
    int main(int argc, char *argv[]) {
      (void)argc;
      (void)argv;
      return 0;
    }
    #endif
Performing C SOURCE FILE Test COMPILER_SUPPORTS_AVX2 succeeded with the following output:
Change Dir: /home/runner/work/CroMagRally-Android/CroMagRally-Android/android/app/.cxx/Debug/h3k1i6w1/x86_64/CMakeFiles/CMakeTmp

Run Build Command(s):/usr/local/lib/android/sdk/cmake/3.22.1/bin/ninja cmTC_e9cd0 && [1/2] Building C object CMakeFiles/cmTC_e9cd0.dir/src.c.o
[2/2] Linking C executable cmTC_e9cd0


Source file was:

    #if 0
    # if defined(__i386__) || defined(__x86_64__)
    #  define test_enabled 1
    # else
    #  define test_enabled 0 /* feign success in Apple multi-arch configs */
    # endif
    #else                    /* test normally */
    # define test_enabled 1
    #endif
    #if test_enabled
          #include <immintrin.h>
      void ints_add(int *dest, int *a, int *b, unsigned size) {
        for (; size >= 8; size -= 8, dest += 8, a += 8, b += 8) {
          _mm256_storeu_si256((__m256i*)dest, _mm256_add_epi32(_mm256_loadu_si256((__m256i*)a), _mm256_loadu_si256((__m256i*)b)));
        }
      }
      int main(int argc, char **argv) {
        ints_add((int*)0, (int*)0, (int*)0, 0);
        return 0;
      }
    #else
    int main(int argc, char *argv[]) {
      (void)argc;
      (void)argv;
      return 0;
    }
    #endif
Performing C SOURCE FILE Test COMPILER_SUPPORTS_AVX512F succeeded with the following output:
Change Dir: /home/runner/work/CroMagRally-Android/CroMagRally-Android/android/app/.cxx/Debug/h3k1i6w1/x86_64/CMakeFiles/CMakeTmp

Run Build Command(s):/usr/local/lib/android/sdk/cmake/3.22.1/bin/ninja cmTC_cb08c && [1/2] Building C object CMakeFiles/cmTC_cb08c.dir/src.c.o
[2/2] Linking C executable cmTC_cb08c


Source file was:

    #if 0
    # if defined(__i386__) || defined(__x86_64__)
    #  define test_enabled 1
    # else
    #  define test_enabled 0 /* feign success in Apple multi-arch configs */
    # endif
    #else                    /* test normally */
    # define test_enabled 1
    #endif
    #if test_enabled
          #include <immintrin.h>
      void floats_add(float *dest, float *a, float *b, unsigned size) {
        for (; size >= 16; size -= 16, dest += 16, a += 16, b += 16) {
          _mm512_storeu_ps(dest, _mm512_add_ps(_mm512_loadu_ps(a), _mm512_loadu_ps(b)));
        }
      }
      int main(int argc, char **argv) {
        floats_add((float*)0, (float*)0, (float*)0, 0);
        return 0;
      }
    #else
    int main(int argc, char *argv[]) {
      (void)argc;
      (void)argv;
      return 0;
    }
    #endif
Determining if the include file alloca.h exists passed with the following output:
Change Dir: /home/runner/work/CroMagRally-Android/CroMagRally-Android/android/app/.cxx/Debug/h3k1i6w1/x86_64/CMakeFiles/CMakeTmp

Run Build Command(s):/usr/local/lib/android/sdk/cmake/3.22.1/bin/ninja cmTC_c48b6 && [1/2] Building C object CMakeFiles/cmTC_c48b6.dir/CheckIncludeFile.c.o
[2/2] Linking C executable cmTC_c48b6



Determining if the include file float.h exists passed with the following output:
Change Dir: /home/runner/work/CroMagRally-Android/CroMagRally-Android/android/app/.cxx/Debug/h3k1i6w1/x86_64/CMakeFiles/CMakeTmp

Run Build Command(s):/usr/local/lib/android/sdk/cmake/3.22.1/bin/ninja cmTC_d73b4 && [1/2] Building C object CMakeFiles/cmTC_d73b4.dir/CheckIncludeFile.c.o
[2/2] Linking C executable cmTC_d73b4



Determining if the include file iconv.h exists passed with the following output:
Change Dir: /home/runner/work/CroMagRally-Android/CroMagRally-Android/android/app/.cxx/Debug/h3k1i6w1/x86_64/CMakeFiles/CMakeTmp

Run Build Command(s):/usr/local/lib/android/sdk/cmake/3.22.1/bin/ninja cmTC_e1171 && [1/2] Building C object CMakeFiles/cmTC_e1171.dir/CheckIncludeFile.c.o
[2/2] Linking C executable cmTC_e1171



Determining if the include file inttypes.h exists passed with the following output:
Change Dir: /home/runner/work/CroMagRally-Android/CroMagRally-Android/android/app/.cxx/Debug/h3k1i6w1/x86_64/CMakeFiles/CMakeTmp

Run Build Command(s):/usr/local/lib/android/sdk/cmake/3.22.1/bin/ninja cmTC_bb695 && [1/2] Building C object CMakeFiles/cmTC_bb695.dir/CheckIncludeFile.c.o
[2/2] Linking C executable cmTC_bb695



Determining if the include file limits.h exists passed with the following output:
Change Dir: /home/runner/work/CroMagRally-Android/CroMagRally-Android/android/app/.cxx/Debug/h3k1i6w1/x86_64/CMakeFiles/CMakeTmp

Run Build Command(s):/usr/local/lib/android/sdk/cmake/3.22.1/bin/ninja cmTC_55683 && [1/2] Building C object CMakeFiles/cmTC_55683.dir/CheckIncludeFile.c.o
[2/2] Linking C executable cmTC_55683



Determining if the include file malloc.h exists passed with the following output:
Change Dir: /home/runner/work/CroMagRally-Android/CroMagRally-Android/android/app/.cxx/Debug/h3k1i6w1/x86_64/CMakeFiles/CMakeTmp

Run Build Command(s):/usr/local/lib/android/sdk/cmake/3.22.1/bin/ninja cmTC_cfff7 && [1/2] Building C object CMakeFiles/cmTC_cfff7.dir/CheckIncludeFile.c.o
[2/2] Linking C executable cmTC_cfff7



Determining if the include file math.h exists passed with the following output:
Change Dir: /home/runner/work/CroMagRally-Android/CroMagRally-Android/android/app/.cxx/Debug/h3k1i6w1/x86_64/CMakeFiles/CMakeTmp

Run Build Command(s):/usr/local/lib/android/sdk/cmake/3.22.1/bin/ninja cmTC_32dd2 && [1/2] Building C object CMakeFiles/cmTC_32dd2.dir/CheckIncludeFile.c.o
[2/2] Linking C executable cmTC_32dd2



Determining if the include file memory.h exists passed with the following output:
Change Dir: /home/runner/work/CroMagRally-Android/CroMagRally-Android/android/app/.cxx/Debug/h3k1i6w1/x86_64/CMakeFiles/CMakeTmp

Run Build Command(s):/usr/local/lib/android/sdk/cmake/3.22.1/bin/ninja cmTC_3c250 && [1/2] Building C object CMakeFiles/cmTC_3c250.dir/CheckIncludeFile.c.o
[2/2] Linking C executable cmTC_3c250



Determining if the include file signal.h exists passed with the following output:
Change Dir: /home/runner/work/CroMagRally-Android/CroMagRally-Android/android/app/.cxx/Debug/h3k1i6w1/x86_64/CMakeFiles/CMakeTmp

Run Build Command(s):/usr/local/lib/android/sdk/cmake/3.22.1/bin/ninja cmTC_ec270 && [1/2] Building C object CMakeFiles/cmTC_ec270.dir/CheckIncludeFile.c.o
[2/2] Linking C executable cmTC_ec270



Determining if the include file stdarg.h exists passed with the following output:
Change Dir: /home/runner/work/CroMagRally-Android/CroMagRally-Android/android/app/.cxx/Debug/h3k1i6w1/x86_64/CMakeFiles/CMakeTmp

Run Build Command(s):/usr/local/lib/android/sdk/cmake/3.22.1/bin/ninja cmTC_d740c && [1/2] Building C object CMakeFiles/cmTC_d740c.dir/CheckIncludeFile.c.o
[2/2] Linking C executable cmTC_d740c



Determining if the include file stdbool.h exists passed with the following output:
Change Dir: /home/runner/work/CroMagRally-Android/CroMagRally-Android/android/app/.cxx/Debug/h3k1i6w1/x86_64/CMakeFiles/CMakeTmp

Run Build Command(s):/usr/local/lib/android/sdk/cmake/3.22.1/bin/ninja cmTC_c2623 && [1/2] Building C object CMakeFiles/cmTC_c2623.dir/CheckIncludeFile.c.o
[2/2] Linking C executable cmTC_c2623



Determining if the include file stddef.h exists passed with the following output:
Change Dir: /home/runner/work/CroMagRally-Android/CroMagRally-Android/android/app/.cxx/Debug/h3k1i6w1/x86_64/CMakeFiles/CMakeTmp

Run Build Command(s):/usr/local/lib/android/sdk/cmake/3.22.1/bin/ninja cmTC_cb531 && [1/2] Building C object CMakeFiles/cmTC_cb531.dir/CheckIncludeFile.c.o
[2/2] Linking C executable cmTC_cb531



Determining if the include file stdint.h exists passed with the following output:
Change Dir: /home/runner/work/CroMagRally-Android/CroMagRally-Android/android/app/.cxx/Debug/h3k1i6w1/x86_64/CMakeFiles/CMakeTmp

Run Build Command(s):/usr/local/lib/android/sdk/cmake/3.22.1/bin/ninja cmTC_95ca7 && [1/2] Building C object CMakeFiles/cmTC_95ca7.dir/CheckIncludeFile.c.o
[2/2] Linking C executable cmTC_95ca7



Determining if the include file stdio.h exists passed with the following output:
Change Dir: /home/runner/work/CroMagRally-Android/CroMagRally-Android/android/app/.cxx/Debug/h3k1i6w1/x86_64/CMakeFiles/CMakeTmp

Run Build Command(s):/usr/local/lib/android/sdk/cmake/3.22.1/bin/ninja cmTC_00ef9 && [1/2] Building C object CMakeFiles/cmTC_00ef9.dir/CheckIncludeFile.c.o
[2/2] Linking C executable cmTC_00ef9



Determining if the include file stdlib.h exists passed with the following output:
Change Dir: /home/runner/work/CroMagRally-Android/CroMagRally-Android/android/app/.cxx/Debug/h3k1i6w1/x86_64/CMakeFiles/CMakeTmp

Run Build Command(s):/usr/local/lib/android/sdk/cmake/3.22.1/bin/ninja cmTC_f41ee && [1/2] Building C object CMakeFiles/cmTC_f41ee.dir/CheckIncludeFile.c.o
[2/2] Linking C executable cmTC_f41ee



Determining if the include file string.h exists passed with the following output:
Change Dir: /home/runner/work/CroMagRally-Android/CroMagRally-Android/android/app/.cxx/Debug/h3k1i6w1/x86_64/CMakeFiles/CMakeTmp

Run Build Command(s):/usr/local/lib/android/sdk/cmake/3.22.1/bin/ninja cmTC_05a71 && [1/2] Building C object CMakeFiles/cmTC_05a71.dir/CheckIncludeFile.c.o
[2/2] Linking C executable cmTC_05a71



Determining if the include file strings.h exists passed with the following output:
Change Dir: /home/runner/work/CroMagRally-Android/CroMagRally-Android/android/app/.cxx/Debug/h3k1i6w1/x86_64/CMakeFiles/CMakeTmp

Run Build Command(s):/usr/local/lib/android/sdk/cmake/3.22.1/bin/ninja cmTC_93cac && [1/2] Building C object CMakeFiles/cmTC_93cac.dir/CheckIncludeFile.c.o
[2/2] Linking C executable cmTC_93cac



Determining if the include file sys/types.h exists passed with the following output:
Change Dir: /home/runner/work/CroMagRally-Android/CroMagRally-Android/android/app/.cxx/Debug/h3k1i6w1/x86_64/CMakeFiles/CMakeTmp

Run Build Command(s):/usr/local/lib/android/sdk/cmake/3.22.1/bin/ninja cmTC_589b9 && [1/2] Building C object CMakeFiles/cmTC_589b9.dir/CheckIncludeFile.c.o
[2/2] Linking C executable cmTC_589b9



Determining if the include file time.h exists passed with the following output:
Change Dir: /home/runner/work/CroMagRally-Android/CroMagRally-Android/android/app/.cxx/Debug/h3k1i6w1/x86_64/CMakeFiles/CMakeTmp

Run Build Command(s):/usr/local/lib/android/sdk/cmake/3.22.1/bin/ninja cmTC_87c82 && [1/2] Building C object CMakeFiles/cmTC_87c82.dir/CheckIncludeFile.c.o
[2/2] Linking C executable cmTC_87c82



Determining if the include file wchar.h exists passed with the following output:
Change Dir: /home/runner/work/CroMagRally-Android/CroMagRally-Android/android/app/.cxx/Debug/h3k1i6w1/x86_64/CMakeFiles/CMakeTmp

Run Build Command(s):/usr/local/lib/android/sdk/cmake/3.22.1/bin/ninja cmTC_d7cd8 && [1/2] Building C object CMakeFiles/cmTC_d7cd8.dir/CheckIncludeFile.c.o
[2/2] Linking C executable cmTC_d7cd8



Determining if the function pow exists in the m passed with the following output:
Change Dir: /home/runner/work/CroMagRally-Android/CroMagRally-Android/android/app/.cxx/Debug/h3k1i6w1/x86_64/CMakeFiles/CMakeTmp

Run Build Command(s):/usr/local/lib/android/sdk/cmake/3.22.1/bin/ninja cmTC_7192e && [1/2] Building C object CMakeFiles/cmTC_7192e.dir/CheckFunctionExists.c.o
/usr/local/lib/android/sdk/cmake/3.22.1/share/cmake-3.22/Modules/CheckFunctionExists.c:7:3: warning: incompatible redeclaration of library function 'pow' [-Wincompatible-library-redeclaration]
    7 |   CHECK_FUNCTION_EXISTS(void);
      |   ^
<command line>:3:31: note: expanded from macro 'CHECK_FUNCTION_EXISTS'
    3 | #define CHECK_FUNCTION_EXISTS pow
      |                               ^
/usr/local/lib/android/sdk/cmake/3.22.1/share/cmake-3.22/Modules/CheckFunctionExists.c:7:3: note: 'pow' is a builtin with type 'double (double, double)'
<command line>:3:31: note: expanded from macro 'CHECK_FUNCTION_EXISTS'
    3 | #define CHECK_FUNCTION_EXISTS pow
      |                               ^
1 warning generated.
[2/2] Linking C executable cmTC_7192e



Determining if the abs exist passed with the following output:
Change Dir: /home/runner/work/CroMagRally-Android/CroMagRally-Android/android/app/.cxx/Debug/h3k1i6w1/x86_64/CMakeFiles/CMakeTmp

Run Build Command(s):/usr/local/lib/android/sdk/cmake/3.22.1/bin/ninja cmTC_b41da && [1/2] Building C object CMakeFiles/cmTC_b41da.dir/CheckSymbolExists.c.o
[2/2] Linking C executable cmTC_b41da


File /home/runner/work/CroMagRally-Android/CroMagRally-Android/android/app/.cxx/Debug/h3k1i6w1/x86_64/CMakeFiles/CMakeTmp/CheckSymbolExists.c:
/* */
#include <float.h>
#include <iconv.h>
#include <inttypes.h>
#include <limits.h>
#include <malloc.h>
#include <math.h>
#include <memory.h>
#include <signal.h>
#include <stdarg.h>
#include <stdbool.h>
#include <stddef.h>
#include <stdint.h>
#include <stdio.h>
#include <stdlib.h>
#include <string.h>
#include <strings.h>
#include <sys/types.h>
#include <time.h>
#include <wchar.h>

int main(int argc, char** argv)
{
  (void)argv;
#ifndef abs
  return ((int*)(&abs))[argc];
#else
  (void)argc;
  return 0;
#endif
}
Determining if the acos exist passed with the following output:
Change Dir: /home/runner/work/CroMagRally-Android/CroMagRally-Android/android/app/.cxx/Debug/h3k1i6w1/x86_64/CMakeFiles/CMakeTmp

Run Build Command(s):/usr/local/lib/android/sdk/cmake/3.22.1/bin/ninja cmTC_a2973 && [1/2] Building C object CMakeFiles/cmTC_a2973.dir/CheckSymbolExists.c.o
[2/2] Linking C executable cmTC_a2973


File /home/runner/work/CroMagRally-Android/CroMagRally-Android/android/app/.cxx/Debug/h3k1i6w1/x86_64/CMakeFiles/CMakeTmp/CheckSymbolExists.c:
/* */
#include <float.h>
#include <iconv.h>
#include <inttypes.h>
#include <limits.h>
#include <malloc.h>
#include <math.h>
#include <memory.h>
#include <signal.h>
#include <stdarg.h>
#include <stdbool.h>
#include <stddef.h>
#include <stdint.h>
#include <stdio.h>
#include <stdlib.h>
#include <string.h>
#include <strings.h>
#include <sys/types.h>
#include <time.h>
#include <wchar.h>

int main(int argc, char** argv)
{
  (void)argv;
#ifndef acos
  return ((int*)(&acos))[argc];
#else
  (void)argc;
  return 0;
#endif
}
Determining if the acosf exist passed with the following output:
Change Dir: /home/runner/work/CroMagRally-Android/CroMagRally-Android/android/app/.cxx/Debug/h3k1i6w1/x86_64/CMakeFiles/CMakeTmp

Run Build Command(s):/usr/local/lib/android/sdk/cmake/3.22.1/bin/ninja cmTC_16029 && [1/2] Building C object CMakeFiles/cmTC_16029.dir/CheckSymbolExists.c.o
[2/2] Linking C executable cmTC_16029


File /home/runner/work/CroMagRally-Android/CroMagRally-Android/android/app/.cxx/Debug/h3k1i6w1/x86_64/CMakeFiles/CMakeTmp/CheckSymbolExists.c:
/* */
#include <float.h>
#include <iconv.h>
#include <inttypes.h>
#include <limits.h>
#include <malloc.h>
#include <math.h>
#include <memory.h>
#include <signal.h>
#include <stdarg.h>
#include <stdbool.h>
#include <stddef.h>
#include <stdint.h>
#include <stdio.h>
#include <stdlib.h>
#include <string.h>
#include <strings.h>
#include <sys/types.h>
#include <time.h>
#include <wchar.h>

int main(int argc, char** argv)
{
  (void)argv;
#ifndef acosf
  return ((int*)(&acosf))[argc];
#else
  (void)argc;
  return 0;
#endif
}
Determining if the asin exist passed with the following output:
Change Dir: /home/runner/work/CroMagRally-Android/CroMagRally-Android/android/app/.cxx/Debug/h3k1i6w1/x86_64/CMakeFiles/CMakeTmp

Run Build Command(s):/usr/local/lib/android/sdk/cmake/3.22.1/bin/ninja cmTC_98ec5 && [1/2] Building C object CMakeFiles/cmTC_98ec5.dir/CheckSymbolExists.c.o
[2/2] Linking C executable cmTC_98ec5


File /home/runner/work/CroMagRally-Android/CroMagRally-Android/android/app/.cxx/Debug/h3k1i6w1/x86_64/CMakeFiles/CMakeTmp/CheckSymbolExists.c:
/* */
#include <float.h>
#include <iconv.h>
#include <inttypes.h>
#include <limits.h>
#include <malloc.h>
#include <math.h>
#include <memory.h>
#include <signal.h>
#include <stdarg.h>
#include <stdbool.h>
#include <stddef.h>
#include <stdint.h>
#include <stdio.h>
#include <stdlib.h>
#include <string.h>
#include <strings.h>
#include <sys/types.h>
#include <time.h>
#include <wchar.h>

int main(int argc, char** argv)
{
  (void)argv;
#ifndef asin
  return ((int*)(&asin))[argc];
#else
  (void)argc;
  return 0;
#endif
}
Determining if the asinf exist passed with the following output:
Change Dir: /home/runner/work/CroMagRally-Android/CroMagRally-Android/android/app/.cxx/Debug/h3k1i6w1/x86_64/CMakeFiles/CMakeTmp

Run Build Command(s):/usr/local/lib/android/sdk/cmake/3.22.1/bin/ninja cmTC_5ad35 && [1/2] Building C object CMakeFiles/cmTC_5ad35.dir/CheckSymbolExists.c.o
[2/2] Linking C executable cmTC_5ad35


File /home/runner/work/CroMagRally-Android/CroMagRally-Android/android/app/.cxx/Debug/h3k1i6w1/x86_64/CMakeFiles/CMakeTmp/CheckSymbolExists.c:
/* */
#include <float.h>
#include <iconv.h>
#include <inttypes.h>
#include <limits.h>
#include <malloc.h>
#include <math.h>
#include <memory.h>
#include <signal.h>
#include <stdarg.h>
#include <stdbool.h>
#include <stddef.h>
#include <stdint.h>
#include <stdio.h>
#include <stdlib.h>
#include <string.h>
#include <strings.h>
#include <sys/types.h>
#include <time.h>
#include <wchar.h>

int main(int argc, char** argv)
{
  (void)argv;
#ifndef asinf
  return ((int*)(&asinf))[argc];
#else
  (void)argc;
  return 0;
#endif
}
Determining if the atan exist passed with the following output:
Change Dir: /home/runner/work/CroMagRally-Android/CroMagRally-Android/android/app/.cxx/Debug/h3k1i6w1/x86_64/CMakeFiles/CMakeTmp

Run Build Command(s):/usr/local/lib/android/sdk/cmake/3.22.1/bin/ninja cmTC_fcff6 && [1/2] Building C object CMakeFiles/cmTC_fcff6.dir/CheckSymbolExists.c.o
[2/2] Linking C executable cmTC_fcff6


File /home/runner/work/CroMagRally-Android/CroMagRally-Android/android/app/.cxx/Debug/h3k1i6w1/x86_64/CMakeFiles/CMakeTmp/CheckSymbolExists.c:
/* */
#include <float.h>
#include <iconv.h>
#include <inttypes.h>
#include <limits.h>
#include <malloc.h>
#include <math.h>
#include <memory.h>
#include <signal.h>
#include <stdarg.h>
#include <stdbool.h>
#include <stddef.h>
#include <stdint.h>
#include <stdio.h>
#include <stdlib.h>
#include <string.h>
#include <strings.h>
#include <sys/types.h>
#include <time.h>
#include <wchar.h>

int main(int argc, char** argv)
{
  (void)argv;
#ifndef atan
  return ((int*)(&atan))[argc];
#else
  (void)argc;
  return 0;
#endif
}
Determining if the atan2 exist passed with the following output:
Change Dir: /home/runner/work/CroMagRally-Android/CroMagRally-Android/android/app/.cxx/Debug/h3k1i6w1/x86_64/CMakeFiles/CMakeTmp

Run Build Command(s):/usr/local/lib/android/sdk/cmake/3.22.1/bin/ninja cmTC_1c22e && [1/2] Building C object CMakeFiles/cmTC_1c22e.dir/CheckSymbolExists.c.o
[2/2] Linking C executable cmTC_1c22e


File /home/runner/work/CroMagRally-Android/CroMagRally-Android/android/app/.cxx/Debug/h3k1i6w1/x86_64/CMakeFiles/CMakeTmp/CheckSymbolExists.c:
/* */
#include <float.h>
#include <iconv.h>
#include <inttypes.h>
#include <limits.h>
#include <malloc.h>
#include <math.h>
#include <memory.h>
#include <signal.h>
#include <stdarg.h>
#include <stdbool.h>
#include <stddef.h>
#include <stdint.h>
#include <stdio.h>
#include <stdlib.h>
#include <string.h>
#include <strings.h>
#include <sys/types.h>
#include <time.h>
#include <wchar.h>

int main(int argc, char** argv)
{
  (void)argv;
#ifndef atan2
  return ((int*)(&atan2))[argc];
#else
  (void)argc;
  return 0;
#endif
}
Determining if the atan2f exist passed with the following output:
Change Dir: /home/runner/work/CroMagRally-Android/CroMagRally-Android/android/app/.cxx/Debug/h3k1i6w1/x86_64/CMakeFiles/CMakeTmp

Run Build Command(s):/usr/local/lib/android/sdk/cmake/3.22.1/bin/ninja cmTC_f5c3f && [1/2] Building C object CMakeFiles/cmTC_f5c3f.dir/CheckSymbolExists.c.o
[2/2] Linking C executable cmTC_f5c3f


File /home/runner/work/CroMagRally-Android/CroMagRally-Android/android/app/.cxx/Debug/h3k1i6w1/x86_64/CMakeFiles/CMakeTmp/CheckSymbolExists.c:
/* */
#include <float.h>
#include <iconv.h>
#include <inttypes.h>
#include <limits.h>
#include <malloc.h>
#include <math.h>
#include <memory.h>
#include <signal.h>
#include <stdarg.h>
#include <stdbool.h>
#include <stddef.h>
#include <stdint.h>
#include <stdio.h>
#include <stdlib.h>
#include <string.h>
#include <strings.h>
#include <sys/types.h>
#include <time.h>
#include <wchar.h>

int main(int argc, char** argv)
{
  (void)argv;
#ifndef atan2f
  return ((int*)(&atan2f))[argc];
#else
  (void)argc;
  return 0;
#endif
}
Determining if the atanf exist passed with the following output:
Change Dir: /home/runner/work/CroMagRally-Android/CroMagRally-Android/android/app/.cxx/Debug/h3k1i6w1/x86_64/CMakeFiles/CMakeTmp

Run Build Command(s):/usr/local/lib/android/sdk/cmake/3.22.1/bin/ninja cmTC_2f10d && [1/2] Building C object CMakeFiles/cmTC_2f10d.dir/CheckSymbolExists.c.o
[2/2] Linking C executable cmTC_2f10d


File /home/runner/work/CroMagRally-Android/CroMagRally-Android/android/app/.cxx/Debug/h3k1i6w1/x86_64/CMakeFiles/CMakeTmp/CheckSymbolExists.c:
/* */
#include <float.h>
#include <iconv.h>
#include <inttypes.h>
#include <limits.h>
#include <malloc.h>
#include <math.h>
#include <memory.h>
#include <signal.h>
#include <stdarg.h>
#include <stdbool.h>
#include <stddef.h>
#include <stdint.h>
#include <stdio.h>
#include <stdlib.h>
#include <string.h>
#include <strings.h>
#include <sys/types.h>
#include <time.h>
#include <wchar.h>

int main(int argc, char** argv)
{
  (void)argv;
#ifndef atanf
  return ((int*)(&atanf))[argc];
#else
  (void)argc;
  return 0;
#endif
}
Determining if the atof exist passed with the following output:
Change Dir: /home/runner/work/CroMagRally-Android/CroMagRally-Android/android/app/.cxx/Debug/h3k1i6w1/x86_64/CMakeFiles/CMakeTmp

Run Build Command(s):/usr/local/lib/android/sdk/cmake/3.22.1/bin/ninja cmTC_cdeeb && [1/2] Building C object CMakeFiles/cmTC_cdeeb.dir/CheckSymbolExists.c.o
[2/2] Linking C executable cmTC_cdeeb


File /home/runner/work/CroMagRally-Android/CroMagRally-Android/android/app/.cxx/Debug/h3k1i6w1/x86_64/CMakeFiles/CMakeTmp/CheckSymbolExists.c:
/* */
#include <float.h>
#include <iconv.h>
#include <inttypes.h>
#include <limits.h>
#include <malloc.h>
#include <math.h>
#include <memory.h>
#include <signal.h>
#include <stdarg.h>
#include <stdbool.h>
#include <stddef.h>
#include <stdint.h>
#include <stdio.h>
#include <stdlib.h>
#include <string.h>
#include <strings.h>
#include <sys/types.h>
#include <time.h>
#include <wchar.h>

int main(int argc, char** argv)
{
  (void)argv;
#ifndef atof
  return ((int*)(&atof))[argc];
#else
  (void)argc;
  return 0;
#endif
}
Determining if the atoi exist passed with the following output:
Change Dir: /home/runner/work/CroMagRally-Android/CroMagRally-Android/android/app/.cxx/Debug/h3k1i6w1/x86_64/CMakeFiles/CMakeTmp

Run Build Command(s):/usr/local/lib/android/sdk/cmake/3.22.1/bin/ninja cmTC_6f400 && [1/2] Building C object CMakeFiles/cmTC_6f400.dir/CheckSymbolExists.c.o
[2/2] Linking C executable cmTC_6f400


File /home/runner/work/CroMagRally-Android/CroMagRally-Android/android/app/.cxx/Debug/h3k1i6w1/x86_64/CMakeFiles/CMakeTmp/CheckSymbolExists.c:
/* */
#include <float.h>
#include <iconv.h>
#include <inttypes.h>
#include <limits.h>
#include <malloc.h>
#include <math.h>
#include <memory.h>
#include <signal.h>
#include <stdarg.h>
#include <stdbool.h>
#include <stddef.h>
#include <stdint.h>
#include <stdio.h>
#include <stdlib.h>
#include <string.h>
#include <strings.h>
#include <sys/types.h>
#include <time.h>
#include <wchar.h>

int main(int argc, char** argv)
{
  (void)argv;
#ifndef atoi
  return ((int*)(&atoi))[argc];
#else
  (void)argc;
  return 0;
#endif
}
Determining if the bcopy exist passed with the following output:
Change Dir: /home/runner/work/CroMagRally-Android/CroMagRally-Android/android/app/.cxx/Debug/h3k1i6w1/x86_64/CMakeFiles/CMakeTmp

Run Build Command(s):/usr/local/lib/android/sdk/cmake/3.22.1/bin/ninja cmTC_bf19e && [1/2] Building C object CMakeFiles/cmTC_bf19e.dir/CheckSymbolExists.c.o
[2/2] Linking C executable cmTC_bf19e


File /home/runner/work/CroMagRally-Android/CroMagRally-Android/android/app/.cxx/Debug/h3k1i6w1/x86_64/CMakeFiles/CMakeTmp/CheckSymbolExists.c:
/* */
#include <float.h>
#include <iconv.h>
#include <inttypes.h>
#include <limits.h>
#include <malloc.h>
#include <math.h>
#include <memory.h>
#include <signal.h>
#include <stdarg.h>
#include <stdbool.h>
#include <stddef.h>
#include <stdint.h>
#include <stdio.h>
#include <stdlib.h>
#include <string.h>
#include <strings.h>
#include <sys/types.h>
#include <time.h>
#include <wchar.h>

int main(int argc, char** argv)
{
  (void)argv;
#ifndef bcopy
  return ((int*)(&bcopy))[argc];
#else
  (void)argc;
  return 0;
#endif
}
Determining if the ceil exist passed with the following output:
Change Dir: /home/runner/work/CroMagRally-Android/CroMagRally-Android/android/app/.cxx/Debug/h3k1i6w1/x86_64/CMakeFiles/CMakeTmp

Run Build Command(s):/usr/local/lib/android/sdk/cmake/3.22.1/bin/ninja cmTC_ac369 && [1/2] Building C object CMakeFiles/cmTC_ac369.dir/CheckSymbolExists.c.o
[2/2] Linking C executable cmTC_ac369


File /home/runner/work/CroMagRally-Android/CroMagRally-Android/android/app/.cxx/Debug/h3k1i6w1/x86_64/CMakeFiles/CMakeTmp/CheckSymbolExists.c:
/* */
#include <float.h>
#include <iconv.h>
#include <inttypes.h>
#include <limits.h>
#include <malloc.h>
#include <math.h>
#include <memory.h>
#include <signal.h>
#include <stdarg.h>
#include <stdbool.h>
#include <stddef.h>
#include <stdint.h>
#include <stdio.h>
#include <stdlib.h>
#include <string.h>
#include <strings.h>
#include <sys/types.h>
#include <time.h>
#include <wchar.h>

int main(int argc, char** argv)
{
  (void)argv;
#ifndef ceil
  return ((int*)(&ceil))[argc];
#else
  (void)argc;
  return 0;
#endif
}
Determining if the ceilf exist passed with the following output:
Change Dir: /home/runner/work/CroMagRally-Android/CroMagRally-Android/android/app/.cxx/Debug/h3k1i6w1/x86_64/CMakeFiles/CMakeTmp

Run Build Command(s):/usr/local/lib/android/sdk/cmake/3.22.1/bin/ninja cmTC_39641 && [1/2] Building C object CMakeFiles/cmTC_39641.dir/CheckSymbolExists.c.o
[2/2] Linking C executable cmTC_39641


File /home/runner/work/CroMagRally-Android/CroMagRally-Android/android/app/.cxx/Debug/h3k1i6w1/x86_64/CMakeFiles/CMakeTmp/CheckSymbolExists.c:
/* */
#include <float.h>
#include <iconv.h>
#include <inttypes.h>
#include <limits.h>
#include <malloc.h>
#include <math.h>
#include <memory.h>
#include <signal.h>
#include <stdarg.h>
#include <stdbool.h>
#include <stddef.h>
#include <stdint.h>
#include <stdio.h>
#include <stdlib.h>
#include <string.h>
#include <strings.h>
#include <sys/types.h>
#include <time.h>
#include <wchar.h>

int main(int argc, char** argv)
{
  (void)argv;
#ifndef ceilf
  return ((int*)(&ceilf))[argc];
#else
  (void)argc;
  return 0;
#endif
}
Determining if the copysign exist passed with the following output:
Change Dir: /home/runner/work/CroMagRally-Android/CroMagRally-Android/android/app/.cxx/Debug/h3k1i6w1/x86_64/CMakeFiles/CMakeTmp

Run Build Command(s):/usr/local/lib/android/sdk/cmake/3.22.1/bin/ninja cmTC_f21d8 && [1/2] Building C object CMakeFiles/cmTC_f21d8.dir/CheckSymbolExists.c.o
[2/2] Linking C executable cmTC_f21d8


File /home/runner/work/CroMagRally-Android/CroMagRally-Android/android/app/.cxx/Debug/h3k1i6w1/x86_64/CMakeFiles/CMakeTmp/CheckSymbolExists.c:
/* */
#include <float.h>
#include <iconv.h>
#include <inttypes.h>
#include <limits.h>
#include <malloc.h>
#include <math.h>
#include <memory.h>
#include <signal.h>
#include <stdarg.h>
#include <stdbool.h>
#include <stddef.h>
#include <stdint.h>
#include <stdio.h>
#include <stdlib.h>
#include <string.h>
#include <strings.h>
#include <sys/types.h>
#include <time.h>
#include <wchar.h>

int main(int argc, char** argv)
{
  (void)argv;
#ifndef copysign
  return ((int*)(&copysign))[argc];
#else
  (void)argc;
  return 0;
#endif
}
Determining if the copysignf exist passed with the following output:
Change Dir: /home/runner/work/CroMagRally-Android/CroMagRally-Android/android/app/.cxx/Debug/h3k1i6w1/x86_64/CMakeFiles/CMakeTmp

Run Build Command(s):/usr/local/lib/android/sdk/cmake/3.22.1/bin/ninja cmTC_f8e01 && [1/2] Building C object CMakeFiles/cmTC_f8e01.dir/CheckSymbolExists.c.o
[2/2] Linking C executable cmTC_f8e01


File /home/runner/work/CroMagRally-Android/CroMagRally-Android/android/app/.cxx/Debug/h3k1i6w1/x86_64/CMakeFiles/CMakeTmp/CheckSymbolExists.c:
/* */
#include <float.h>
#include <iconv.h>
#include <inttypes.h>
#include <limits.h>
#include <malloc.h>
#include <math.h>
#include <memory.h>
#include <signal.h>
#include <stdarg.h>
#include <stdbool.h>
#include <stddef.h>
#include <stdint.h>
#include <stdio.h>
#include <stdlib.h>
#include <string.h>
#include <strings.h>
#include <sys/types.h>
#include <time.h>
#include <wchar.h>

int main(int argc, char** argv)
{
  (void)argv;
#ifndef copysignf
  return ((int*)(&copysignf))[argc];
#else
  (void)argc;
  return 0;
#endif
}
Determining if the cos exist passed with the following output:
Change Dir: /home/runner/work/CroMagRally-Android/CroMagRally-Android/android/app/.cxx/Debug/h3k1i6w1/x86_64/CMakeFiles/CMakeTmp

Run Build Command(s):/usr/local/lib/android/sdk/cmake/3.22.1/bin/ninja cmTC_48243 && [1/2] Building C object CMakeFiles/cmTC_48243.dir/CheckSymbolExists.c.o
[2/2] Linking C executable cmTC_48243


File /home/runner/work/CroMagRally-Android/CroMagRally-Android/android/app/.cxx/Debug/h3k1i6w1/x86_64/CMakeFiles/CMakeTmp/CheckSymbolExists.c:
/* */
#include <float.h>
#include <iconv.h>
#include <inttypes.h>
#include <limits.h>
#include <malloc.h>
#include <math.h>
#include <memory.h>
#include <signal.h>
#include <stdarg.h>
#include <stdbool.h>
#include <stddef.h>
#include <stdint.h>
#include <stdio.h>
#include <stdlib.h>
#include <string.h>
#include <strings.h>
#include <sys/types.h>
#include <time.h>
#include <wchar.h>

int main(int argc, char** argv)
{
  (void)argv;
#ifndef cos
  return ((int*)(&cos))[argc];
#else
  (void)argc;
  return 0;
#endif
}
Determining if the cosf exist passed with the following output:
Change Dir: /home/runner/work/CroMagRally-Android/CroMagRally-Android/android/app/.cxx/Debug/h3k1i6w1/x86_64/CMakeFiles/CMakeTmp

Run Build Command(s):/usr/local/lib/android/sdk/cmake/3.22.1/bin/ninja cmTC_b3d27 && [1/2] Building C object CMakeFiles/cmTC_b3d27.dir/CheckSymbolExists.c.o
[2/2] Linking C executable cmTC_b3d27


File /home/runner/work/CroMagRally-Android/CroMagRally-Android/android/app/.cxx/Debug/h3k1i6w1/x86_64/CMakeFiles/CMakeTmp/CheckSymbolExists.c:
/* */
#include <float.h>
#include <iconv.h>
#include <inttypes.h>
#include <limits.h>
#include <malloc.h>
#include <math.h>
#include <memory.h>
#include <signal.h>
#include <stdarg.h>
#include <stdbool.h>
#include <stddef.h>
#include <stdint.h>
#include <stdio.h>
#include <stdlib.h>
#include <string.h>
#include <strings.h>
#include <sys/types.h>
#include <time.h>
#include <wchar.h>

int main(int argc, char** argv)
{
  (void)argv;
#ifndef cosf
  return ((int*)(&cosf))[argc];
#else
  (void)argc;
  return 0;
#endif
}
Determining if the _Exit exist passed with the following output:
Change Dir: /home/runner/work/CroMagRally-Android/CroMagRally-Android/android/app/.cxx/Debug/h3k1i6w1/x86_64/CMakeFiles/CMakeTmp

Run Build Command(s):/usr/local/lib/android/sdk/cmake/3.22.1/bin/ninja cmTC_8de08 && [1/2] Building C object CMakeFiles/cmTC_8de08.dir/CheckSymbolExists.c.o
[2/2] Linking C executable cmTC_8de08


File /home/runner/work/CroMagRally-Android/CroMagRally-Android/android/app/.cxx/Debug/h3k1i6w1/x86_64/CMakeFiles/CMakeTmp/CheckSymbolExists.c:
/* */
#include <float.h>
#include <iconv.h>
#include <inttypes.h>
#include <limits.h>
#include <malloc.h>
#include <math.h>
#include <memory.h>
#include <signal.h>
#include <stdarg.h>
#include <stdbool.h>
#include <stddef.h>
#include <stdint.h>
#include <stdio.h>
#include <stdlib.h>
#include <string.h>
#include <strings.h>
#include <sys/types.h>
#include <time.h>
#include <wchar.h>

int main(int argc, char** argv)
{
  (void)argv;
#ifndef _Exit
  return ((int*)(&_Exit))[argc];
#else
  (void)argc;
  return 0;
#endif
}
Determining if the exp exist passed with the following output:
Change Dir: /home/runner/work/CroMagRally-Android/CroMagRally-Android/android/app/.cxx/Debug/h3k1i6w1/x86_64/CMakeFiles/CMakeTmp

Run Build Command(s):/usr/local/lib/android/sdk/cmake/3.22.1/bin/ninja cmTC_72a95 && [1/2] Building C object CMakeFiles/cmTC_72a95.dir/CheckSymbolExists.c.o
[2/2] Linking C executable cmTC_72a95


File /home/runner/work/CroMagRally-Android/CroMagRally-Android/android/app/.cxx/Debug/h3k1i6w1/x86_64/CMakeFiles/CMakeTmp/CheckSymbolExists.c:
/* */
#include <float.h>
#include <iconv.h>
#include <inttypes.h>
#include <limits.h>
#include <malloc.h>
#include <math.h>
#include <memory.h>
#include <signal.h>
#include <stdarg.h>
#include <stdbool.h>
#include <stddef.h>
#include <stdint.h>
#include <stdio.h>
#include <stdlib.h>
#include <string.h>
#include <strings.h>
#include <sys/types.h>
#include <time.h>
#include <wchar.h>

int main(int argc, char** argv)
{
  (void)argv;
#ifndef exp
  return ((int*)(&exp))[argc];
#else
  (void)argc;
  return 0;
#endif
}
Determining if the expf exist passed with the following output:
Change Dir: /home/runner/work/CroMagRally-Android/CroMagRally-Android/android/app/.cxx/Debug/h3k1i6w1/x86_64/CMakeFiles/CMakeTmp

Run Build Command(s):/usr/local/lib/android/sdk/cmake/3.22.1/bin/ninja cmTC_51321 && [1/2] Building C object CMakeFiles/cmTC_51321.dir/CheckSymbolExists.c.o
[2/2] Linking C executable cmTC_51321


File /home/runner/work/CroMagRally-Android/CroMagRally-Android/android/app/.cxx/Debug/h3k1i6w1/x86_64/CMakeFiles/CMakeTmp/CheckSymbolExists.c:
/* */
#include <float.h>
#include <iconv.h>
#include <inttypes.h>
#include <limits.h>
#include <malloc.h>
#include <math.h>
#include <memory.h>
#include <signal.h>
#include <stdarg.h>
#include <stdbool.h>
#include <stddef.h>
#include <stdint.h>
#include <stdio.h>
#include <stdlib.h>
#include <string.h>
#include <strings.h>
#include <sys/types.h>
#include <time.h>
#include <wchar.h>

int main(int argc, char** argv)
{
  (void)argv;
#ifndef expf
  return ((int*)(&expf))[argc];
#else
  (void)argc;
  return 0;
#endif
}
Determining if the fabs exist passed with the following output:
Change Dir: /home/runner/work/CroMagRally-Android/CroMagRally-Android/android/app/.cxx/Debug/h3k1i6w1/x86_64/CMakeFiles/CMakeTmp

Run Build Command(s):/usr/local/lib/android/sdk/cmake/3.22.1/bin/ninja cmTC_15567 && [1/2] Building C object CMakeFiles/cmTC_15567.dir/CheckSymbolExists.c.o
[2/2] Linking C executable cmTC_15567


File /home/runner/work/CroMagRally-Android/CroMagRally-Android/android/app/.cxx/Debug/h3k1i6w1/x86_64/CMakeFiles/CMakeTmp/CheckSymbolExists.c:
/* */
#include <float.h>
#include <iconv.h>
#include <inttypes.h>
#include <limits.h>
#include <malloc.h>
#include <math.h>
#include <memory.h>
#include <signal.h>
#include <stdarg.h>
#include <stdbool.h>
#include <stddef.h>
#include <stdint.h>
#include <stdio.h>
#include <stdlib.h>
#include <string.h>
#include <strings.h>
#include <sys/types.h>
#include <time.h>
#include <wchar.h>

int main(int argc, char** argv)
{
  (void)argv;
#ifndef fabs
  return ((int*)(&fabs))[argc];
#else
  (void)argc;
  return 0;
#endif
}
Determining if the fabsf exist passed with the following output:
Change Dir: /home/runner/work/CroMagRally-Android/CroMagRally-Android/android/app/.cxx/Debug/h3k1i6w1/x86_64/CMakeFiles/CMakeTmp

Run Build Command(s):/usr/local/lib/android/sdk/cmake/3.22.1/bin/ninja cmTC_71d0b && [1/2] Building C object CMakeFiles/cmTC_71d0b.dir/CheckSymbolExists.c.o
[2/2] Linking C executable cmTC_71d0b


File /home/runner/work/CroMagRally-Android/CroMagRally-Android/android/app/.cxx/Debug/h3k1i6w1/x86_64/CMakeFiles/CMakeTmp/CheckSymbolExists.c:
/* */
#include <float.h>
#include <iconv.h>
#include <inttypes.h>
#include <limits.h>
#include <malloc.h>
#include <math.h>
#include <memory.h>
#include <signal.h>
#include <stdarg.h>
#include <stdbool.h>
#include <stddef.h>
#include <stdint.h>
#include <stdio.h>
#include <stdlib.h>
#include <string.h>
#include <strings.h>
#include <sys/types.h>
#include <time.h>
#include <wchar.h>

int main(int argc, char** argv)
{
  (void)argv;
#ifndef fabsf
  return ((int*)(&fabsf))[argc];
#else
  (void)argc;
  return 0;
#endif
}
Determining if the floor exist passed with the following output:
Change Dir: /home/runner/work/CroMagRally-Android/CroMagRally-Android/android/app/.cxx/Debug/h3k1i6w1/x86_64/CMakeFiles/CMakeTmp

Run Build Command(s):/usr/local/lib/android/sdk/cmake/3.22.1/bin/ninja cmTC_431e5 && [1/2] Building C object CMakeFiles/cmTC_431e5.dir/CheckSymbolExists.c.o
[2/2] Linking C executable cmTC_431e5


File /home/runner/work/CroMagRally-Android/CroMagRally-Android/android/app/.cxx/Debug/h3k1i6w1/x86_64/CMakeFiles/CMakeTmp/CheckSymbolExists.c:
/* */
#include <float.h>
#include <iconv.h>
#include <inttypes.h>
#include <limits.h>
#include <malloc.h>
#include <math.h>
#include <memory.h>
#include <signal.h>
#include <stdarg.h>
#include <stdbool.h>
#include <stddef.h>
#include <stdint.h>
#include <stdio.h>
#include <stdlib.h>
#include <string.h>
#include <strings.h>
#include <sys/types.h>
#include <time.h>
#include <wchar.h>

int main(int argc, char** argv)
{
  (void)argv;
#ifndef floor
  return ((int*)(&floor))[argc];
#else
  (void)argc;
  return 0;
#endif
}
Determining if the floorf exist passed with the following output:
Change Dir: /home/runner/work/CroMagRally-Android/CroMagRally-Android/android/app/.cxx/Debug/h3k1i6w1/x86_64/CMakeFiles/CMakeTmp

Run Build Command(s):/usr/local/lib/android/sdk/cmake/3.22.1/bin/ninja cmTC_54309 && [1/2] Building C object CMakeFiles/cmTC_54309.dir/CheckSymbolExists.c.o
[2/2] Linking C executable cmTC_54309


File /home/runner/work/CroMagRally-Android/CroMagRally-Android/android/app/.cxx/Debug/h3k1i6w1/x86_64/CMakeFiles/CMakeTmp/CheckSymbolExists.c:
/* */
#include <float.h>
#include <iconv.h>
#include <inttypes.h>
#include <limits.h>
#include <malloc.h>
#include <math.h>
#include <memory.h>
#include <signal.h>
#include <stdarg.h>
#include <stdbool.h>
#include <stddef.h>
#include <stdint.h>
#include <stdio.h>
#include <stdlib.h>
#include <string.h>
#include <strings.h>
#include <sys/types.h>
#include <time.h>
#include <wchar.h>

int main(int argc, char** argv)
{
  (void)argv;
#ifndef floorf
  return ((int*)(&floorf))[argc];
#else
  (void)argc;
  return 0;
#endif
}
Determining if the fmod exist passed with the following output:
Change Dir: /home/runner/work/CroMagRally-Android/CroMagRally-Android/android/app/.cxx/Debug/h3k1i6w1/x86_64/CMakeFiles/CMakeTmp

Run Build Command(s):/usr/local/lib/android/sdk/cmake/3.22.1/bin/ninja cmTC_5b266 && [1/2] Building C object CMakeFiles/cmTC_5b266.dir/CheckSymbolExists.c.o
[2/2] Linking C executable cmTC_5b266


File /home/runner/work/CroMagRally-Android/CroMagRally-Android/android/app/.cxx/Debug/h3k1i6w1/x86_64/CMakeFiles/CMakeTmp/CheckSymbolExists.c:
/* */
#include <float.h>
#include <iconv.h>
#include <inttypes.h>
#include <limits.h>
#include <malloc.h>
#include <math.h>
#include <memory.h>
#include <signal.h>
#include <stdarg.h>
#include <stdbool.h>
#include <stddef.h>
#include <stdint.h>
#include <stdio.h>
#include <stdlib.h>
#include <string.h>
#include <strings.h>
#include <sys/types.h>
#include <time.h>
#include <wchar.h>

int main(int argc, char** argv)
{
  (void)argv;
#ifndef fmod
  return ((int*)(&fmod))[argc];
#else
  (void)argc;
  return 0;
#endif
}
Determining if the fmodf exist passed with the following output:
Change Dir: /home/runner/work/CroMagRally-Android/CroMagRally-Android/android/app/.cxx/Debug/h3k1i6w1/x86_64/CMakeFiles/CMakeTmp

Run Build Command(s):/usr/local/lib/android/sdk/cmake/3.22.1/bin/ninja cmTC_d08a3 && [1/2] Building C object CMakeFiles/cmTC_d08a3.dir/CheckSymbolExists.c.o
[2/2] Linking C executable cmTC_d08a3


File /home/runner/work/CroMagRally-Android/CroMagRally-Android/android/app/.cxx/Debug/h3k1i6w1/x86_64/CMakeFiles/CMakeTmp/CheckSymbolExists.c:
/* */
#include <float.h>
#include <iconv.h>
#include <inttypes.h>
#include <limits.h>
#include <malloc.h>
#include <math.h>
#include <memory.h>
#include <signal.h>
#include <stdarg.h>
#include <stdbool.h>
#include <stddef.h>
#include <stdint.h>
#include <stdio.h>
#include <stdlib.h>
#include <string.h>
#include <strings.h>
#include <sys/types.h>
#include <time.h>
#include <wchar.h>

int main(int argc, char** argv)
{
  (void)argv;
#ifndef fmodf
  return ((int*)(&fmodf))[argc];
#else
  (void)argc;
  return 0;
#endif
}
Determining if the fopen64 exist passed with the following output:
Change Dir: /home/runner/work/CroMagRally-Android/CroMagRally-Android/android/app/.cxx/Debug/h3k1i6w1/x86_64/CMakeFiles/CMakeTmp

Run Build Command(s):/usr/local/lib/android/sdk/cmake/3.22.1/bin/ninja cmTC_70a83 && [1/2] Building C object CMakeFiles/cmTC_70a83.dir/CheckSymbolExists.c.o
[2/2] Linking C executable cmTC_70a83


File /home/runner/work/CroMagRally-Android/CroMagRally-Android/android/app/.cxx/Debug/h3k1i6w1/x86_64/CMakeFiles/CMakeTmp/CheckSymbolExists.c:
/* */
#include <float.h>
#include <iconv.h>
#include <inttypes.h>
#include <limits.h>
#include <malloc.h>
#include <math.h>
#include <memory.h>
#include <signal.h>
#include <stdarg.h>
#include <stdbool.h>
#include <stddef.h>
#include <stdint.h>
#include <stdio.h>
#include <stdlib.h>
#include <string.h>
#include <strings.h>
#include <sys/types.h>
#include <time.h>
#include <wchar.h>

int main(int argc, char** argv)
{
  (void)argv;
#ifndef fopen64
  return ((int*)(&fopen64))[argc];
#else
  (void)argc;
  return 0;
#endif
}
Determining if the fseeko exist passed with the following output:
Change Dir: /home/runner/work/CroMagRally-Android/CroMagRally-Android/android/app/.cxx/Debug/h3k1i6w1/x86_64/CMakeFiles/CMakeTmp

Run Build Command(s):/usr/local/lib/android/sdk/cmake/3.22.1/bin/ninja cmTC_ea953 && [1/2] Building C object CMakeFiles/cmTC_ea953.dir/CheckSymbolExists.c.o
[2/2] Linking C executable cmTC_ea953


File /home/runner/work/CroMagRally-Android/CroMagRally-Android/android/app/.cxx/Debug/h3k1i6w1/x86_64/CMakeFiles/CMakeTmp/CheckSymbolExists.c:
/* */
#include <float.h>
#include <iconv.h>
#include <inttypes.h>
#include <limits.h>
#include <malloc.h>
#include <math.h>
#include <memory.h>
#include <signal.h>
#include <stdarg.h>
#include <stdbool.h>
#include <stddef.h>
#include <stdint.h>
#include <stdio.h>
#include <stdlib.h>
#include <string.h>
#include <strings.h>
#include <sys/types.h>
#include <time.h>
#include <wchar.h>

int main(int argc, char** argv)
{
  (void)argv;
#ifndef fseeko
  return ((int*)(&fseeko))[argc];
#else
  (void)argc;
  return 0;
#endif
}
Determining if the fseeko64 exist passed with the following output:
Change Dir: /home/runner/work/CroMagRally-Android/CroMagRally-Android/android/app/.cxx/Debug/h3k1i6w1/x86_64/CMakeFiles/CMakeTmp

Run Build Command(s):/usr/local/lib/android/sdk/cmake/3.22.1/bin/ninja cmTC_ccbe9 && [1/2] Building C object CMakeFiles/cmTC_ccbe9.dir/CheckSymbolExists.c.o
[2/2] Linking C executable cmTC_ccbe9


File /home/runner/work/CroMagRally-Android/CroMagRally-Android/android/app/.cxx/Debug/h3k1i6w1/x86_64/CMakeFiles/CMakeTmp/CheckSymbolExists.c:
/* */
#include <float.h>
#include <iconv.h>
#include <inttypes.h>
#include <limits.h>
#include <malloc.h>
#include <math.h>
#include <memory.h>
#include <signal.h>
#include <stdarg.h>
#include <stdbool.h>
#include <stddef.h>
#include <stdint.h>
#include <stdio.h>
#include <stdlib.h>
#include <string.h>
#include <strings.h>
#include <sys/types.h>
#include <time.h>
#include <wchar.h>

int main(int argc, char** argv)
{
  (void)argv;
#ifndef fseeko64
  return ((int*)(&fseeko64))[argc];
#else
  (void)argc;
  return 0;
#endif
}
Determining if the getenv exist passed with the following output:
Change Dir: /home/runner/work/CroMagRally-Android/CroMagRally-Android/android/app/.cxx/Debug/h3k1i6w1/x86_64/CMakeFiles/CMakeTmp

Run Build Command(s):/usr/local/lib/android/sdk/cmake/3.22.1/bin/ninja cmTC_4d638 && [1/2] Building C object CMakeFiles/cmTC_4d638.dir/CheckSymbolExists.c.o
[2/2] Linking C executable cmTC_4d638


File /home/runner/work/CroMagRally-Android/CroMagRally-Android/android/app/.cxx/Debug/h3k1i6w1/x86_64/CMakeFiles/CMakeTmp/CheckSymbolExists.c:
/* */
#include <float.h>
#include <iconv.h>
#include <inttypes.h>
#include <limits.h>
#include <malloc.h>
#include <math.h>
#include <memory.h>
#include <signal.h>
#include <stdarg.h>
#include <stdbool.h>
#include <stddef.h>
#include <stdint.h>
#include <stdio.h>
#include <stdlib.h>
#include <string.h>
#include <strings.h>
#include <sys/types.h>
#include <time.h>
#include <wchar.h>

int main(int argc, char** argv)
{
  (void)argv;
#ifndef getenv
  return ((int*)(&getenv))[argc];
#else
  (void)argc;
  return 0;
#endif
}
Determining if the log exist passed with the following output:
Change Dir: /home/runner/work/CroMagRally-Android/CroMagRally-Android/android/app/.cxx/Debug/h3k1i6w1/x86_64/CMakeFiles/CMakeTmp

Run Build Command(s):/usr/local/lib/android/sdk/cmake/3.22.1/bin/ninja cmTC_6310f && [1/2] Building C object CMakeFiles/cmTC_6310f.dir/CheckSymbolExists.c.o
[2/2] Linking C executable cmTC_6310f


File /home/runner/work/CroMagRally-Android/CroMagRally-Android/android/app/.cxx/Debug/h3k1i6w1/x86_64/CMakeFiles/CMakeTmp/CheckSymbolExists.c:
/* */
#include <float.h>
#include <iconv.h>
#include <inttypes.h>
#include <limits.h>
#include <malloc.h>
#include <math.h>
#include <memory.h>
#include <signal.h>
#include <stdarg.h>
#include <stdbool.h>
#include <stddef.h>
#include <stdint.h>
#include <stdio.h>
#include <stdlib.h>
#include <string.h>
#include <strings.h>
#include <sys/types.h>
#include <time.h>
#include <wchar.h>

int main(int argc, char** argv)
{
  (void)argv;
#ifndef log
  return ((int*)(&log))[argc];
#else
  (void)argc;
  return 0;
#endif
}
Determining if the log10 exist passed with the following output:
Change Dir: /home/runner/work/CroMagRally-Android/CroMagRally-Android/android/app/.cxx/Debug/h3k1i6w1/x86_64/CMakeFiles/CMakeTmp

Run Build Command(s):/usr/local/lib/android/sdk/cmake/3.22.1/bin/ninja cmTC_f62b0 && [1/2] Building C object CMakeFiles/cmTC_f62b0.dir/CheckSymbolExists.c.o
[2/2] Linking C executable cmTC_f62b0


File /home/runner/work/CroMagRally-Android/CroMagRally-Android/android/app/.cxx/Debug/h3k1i6w1/x86_64/CMakeFiles/CMakeTmp/CheckSymbolExists.c:
/* */
#include <float.h>
#include <iconv.h>
#include <inttypes.h>
#include <limits.h>
#include <malloc.h>
#include <math.h>
#include <memory.h>
#include <signal.h>
#include <stdarg.h>
#include <stdbool.h>
#include <stddef.h>
#include <stdint.h>
#include <stdio.h>
#include <stdlib.h>
#include <string.h>
#include <strings.h>
#include <sys/types.h>
#include <time.h>
#include <wchar.h>

int main(int argc, char** argv)
{
  (void)argv;
#ifndef log10
  return ((int*)(&log10))[argc];
#else
  (void)argc;
  return 0;
#endif
}
Determining if the log10f exist passed with the following output:
Change Dir: /home/runner/work/CroMagRally-Android/CroMagRally-Android/android/app/.cxx/Debug/h3k1i6w1/x86_64/CMakeFiles/CMakeTmp

Run Build Command(s):/usr/local/lib/android/sdk/cmake/3.22.1/bin/ninja cmTC_40d4e && [1/2] Building C object CMakeFiles/cmTC_40d4e.dir/CheckSymbolExists.c.o
[2/2] Linking C executable cmTC_40d4e


File /home/runner/work/CroMagRally-Android/CroMagRally-Android/android/app/.cxx/Debug/h3k1i6w1/x86_64/CMakeFiles/CMakeTmp/CheckSymbolExists.c:
/* */
#include <float.h>
#include <iconv.h>
#include <inttypes.h>
#include <limits.h>
#include <malloc.h>
#include <math.h>
#include <memory.h>
#include <signal.h>
#include <stdarg.h>
#include <stdbool.h>
#include <stddef.h>
#include <stdint.h>
#include <stdio.h>
#include <stdlib.h>
#include <string.h>
#include <strings.h>
#include <sys/types.h>
#include <time.h>
#include <wchar.h>

int main(int argc, char** argv)
{
  (void)argv;
#ifndef log10f
  return ((int*)(&log10f))[argc];
#else
  (void)argc;
  return 0;
#endif
}
Determining if the logf exist passed with the following output:
Change Dir: /home/runner/work/CroMagRally-Android/CroMagRally-Android/android/app/.cxx/Debug/h3k1i6w1/x86_64/CMakeFiles/CMakeTmp

Run Build Command(s):/usr/local/lib/android/sdk/cmake/3.22.1/bin/ninja cmTC_e289f && [1/2] Building C object CMakeFiles/cmTC_e289f.dir/CheckSymbolExists.c.o
[2/2] Linking C executable cmTC_e289f


File /home/runner/work/CroMagRally-Android/CroMagRally-Android/android/app/.cxx/Debug/h3k1i6w1/x86_64/CMakeFiles/CMakeTmp/CheckSymbolExists.c:
/* */
#include <float.h>
#include <iconv.h>
#include <inttypes.h>
#include <limits.h>
#include <malloc.h>
#include <math.h>
#include <memory.h>
#include <signal.h>
#include <stdarg.h>
#include <stdbool.h>
#include <stddef.h>
#include <stdint.h>
#include <stdio.h>
#include <stdlib.h>
#include <string.h>
#include <strings.h>
#include <sys/types.h>
#include <time.h>
#include <wchar.h>

int main(int argc, char** argv)
{
  (void)argv;
#ifndef logf
  return ((int*)(&logf))[argc];
#else
  (void)argc;
  return 0;
#endif
}
Determining if the lround exist passed with the following output:
Change Dir: /home/runner/work/CroMagRally-Android/CroMagRally-Android/android/app/.cxx/Debug/h3k1i6w1/x86_64/CMakeFiles/CMakeTmp

Run Build Command(s):/usr/local/lib/android/sdk/cmake/3.22.1/bin/ninja cmTC_1b0f7 && [1/2] Building C object CMakeFiles/cmTC_1b0f7.dir/CheckSymbolExists.c.o
[2/2] Linking C executable cmTC_1b0f7


File /home/runner/work/CroMagRally-Android/CroMagRally-Android/android/app/.cxx/Debug/h3k1i6w1/x86_64/CMakeFiles/CMakeTmp/CheckSymbolExists.c:
/* */
#include <float.h>
#include <iconv.h>
#include <inttypes.h>
#include <limits.h>
#include <malloc.h>
#include <math.h>
#include <memory.h>
#include <signal.h>
#include <stdarg.h>
#include <stdbool.h>
#include <stddef.h>
#include <stdint.h>
#include <stdio.h>
#include <stdlib.h>
#include <string.h>
#include <strings.h>
#include <sys/types.h>
#include <time.h>
#include <wchar.h>

int main(int argc, char** argv)
{
  (void)argv;
#ifndef lround
  return ((int*)(&lround))[argc];
#else
  (void)argc;
  return 0;
#endif
}
Determining if the lroundf exist passed with the following output:
Change Dir: /home/runner/work/CroMagRally-Android/CroMagRally-Android/android/app/.cxx/Debug/h3k1i6w1/x86_64/CMakeFiles/CMakeTmp

Run Build Command(s):/usr/local/lib/android/sdk/cmake/3.22.1/bin/ninja cmTC_5ad4a && [1/2] Building C object CMakeFiles/cmTC_5ad4a.dir/CheckSymbolExists.c.o
[2/2] Linking C executable cmTC_5ad4a


File /home/runner/work/CroMagRally-Android/CroMagRally-Android/android/app/.cxx/Debug/h3k1i6w1/x86_64/CMakeFiles/CMakeTmp/CheckSymbolExists.c:
/* */
#include <float.h>
#include <iconv.h>
#include <inttypes.h>
#include <limits.h>
#include <malloc.h>
#include <math.h>
#include <memory.h>
#include <signal.h>
#include <stdarg.h>
#include <stdbool.h>
#include <stddef.h>
#include <stdint.h>
#include <stdio.h>
#include <stdlib.h>
#include <string.h>
#include <strings.h>
#include <sys/types.h>
#include <time.h>
#include <wchar.h>

int main(int argc, char** argv)
{
  (void)argv;
#ifndef lroundf
  return ((int*)(&lroundf))[argc];
#else
  (void)argc;
  return 0;
#endif
}
Determining if the malloc exist passed with the following output:
Change Dir: /home/runner/work/CroMagRally-Android/CroMagRally-Android/android/app/.cxx/Debug/h3k1i6w1/x86_64/CMakeFiles/CMakeTmp

Run Build Command(s):/usr/local/lib/android/sdk/cmake/3.22.1/bin/ninja cmTC_1e2ed && [1/2] Building C object CMakeFiles/cmTC_1e2ed.dir/CheckSymbolExists.c.o
[2/2] Linking C executable cmTC_1e2ed


File /home/runner/work/CroMagRally-Android/CroMagRally-Android/android/app/.cxx/Debug/h3k1i6w1/x86_64/CMakeFiles/CMakeTmp/CheckSymbolExists.c:
/* */
#include <float.h>
#include <iconv.h>
#include <inttypes.h>
#include <limits.h>
#include <malloc.h>
#include <math.h>
#include <memory.h>
#include <signal.h>
#include <stdarg.h>
#include <stdbool.h>
#include <stddef.h>
#include <stdint.h>
#include <stdio.h>
#include <stdlib.h>
#include <string.h>
#include <strings.h>
#include <sys/types.h>
#include <time.h>
#include <wchar.h>

int main(int argc, char** argv)
{
  (void)argv;
#ifndef malloc
  return ((int*)(&malloc))[argc];
#else
  (void)argc;
  return 0;
#endif
}
Determining if the memcmp exist passed with the following output:
Change Dir: /home/runner/work/CroMagRally-Android/CroMagRally-Android/android/app/.cxx/Debug/h3k1i6w1/x86_64/CMakeFiles/CMakeTmp

Run Build Command(s):/usr/local/lib/android/sdk/cmake/3.22.1/bin/ninja cmTC_35afb && [1/2] Building C object CMakeFiles/cmTC_35afb.dir/CheckSymbolExists.c.o
[2/2] Linking C executable cmTC_35afb


File /home/runner/work/CroMagRally-Android/CroMagRally-Android/android/app/.cxx/Debug/h3k1i6w1/x86_64/CMakeFiles/CMakeTmp/CheckSymbolExists.c:
/* */
#include <float.h>
#include <iconv.h>
#include <inttypes.h>
#include <limits.h>
#include <malloc.h>
#include <math.h>
#include <memory.h>
#include <signal.h>
#include <stdarg.h>
#include <stdbool.h>
#include <stddef.h>
#include <stdint.h>
#include <stdio.h>
#include <stdlib.h>
#include <string.h>
#include <strings.h>
#include <sys/types.h>
#include <time.h>
#include <wchar.h>

int main(int argc, char** argv)
{
  (void)argv;
#ifndef memcmp
  return ((int*)(&memcmp))[argc];
#else
  (void)argc;
  return 0;
#endif
}
Determining if the memcpy exist passed with the following output:
Change Dir: /home/runner/work/CroMagRally-Android/CroMagRally-Android/android/app/.cxx/Debug/h3k1i6w1/x86_64/CMakeFiles/CMakeTmp

Run Build Command(s):/usr/local/lib/android/sdk/cmake/3.22.1/bin/ninja cmTC_d679d && [1/2] Building C object CMakeFiles/cmTC_d679d.dir/CheckSymbolExists.c.o
[2/2] Linking C executable cmTC_d679d


File /home/runner/work/CroMagRally-Android/CroMagRally-Android/android/app/.cxx/Debug/h3k1i6w1/x86_64/CMakeFiles/CMakeTmp/CheckSymbolExists.c:
/* */
#include <float.h>
#include <iconv.h>
#include <inttypes.h>
#include <limits.h>
#include <malloc.h>
#include <math.h>
#include <memory.h>
#include <signal.h>
#include <stdarg.h>
#include <stdbool.h>
#include <stddef.h>
#include <stdint.h>
#include <stdio.h>
#include <stdlib.h>
#include <string.h>
#include <strings.h>
#include <sys/types.h>
#include <time.h>
#include <wchar.h>

int main(int argc, char** argv)
{
  (void)argv;
#ifndef memcpy
  return ((int*)(&memcpy))[argc];
#else
  (void)argc;
  return 0;
#endif
}
Determining if the memmove exist passed with the following output:
Change Dir: /home/runner/work/CroMagRally-Android/CroMagRally-Android/android/app/.cxx/Debug/h3k1i6w1/x86_64/CMakeFiles/CMakeTmp

Run Build Command(s):/usr/local/lib/android/sdk/cmake/3.22.1/bin/ninja cmTC_fa710 && [1/2] Building C object CMakeFiles/cmTC_fa710.dir/CheckSymbolExists.c.o
[2/2] Linking C executable cmTC_fa710


File /home/runner/work/CroMagRally-Android/CroMagRally-Android/android/app/.cxx/Debug/h3k1i6w1/x86_64/CMakeFiles/CMakeTmp/CheckSymbolExists.c:
/* */
#include <float.h>
#include <iconv.h>
#include <inttypes.h>
#include <limits.h>
#include <malloc.h>
#include <math.h>
#include <memory.h>
#include <signal.h>
#include <stdarg.h>
#include <stdbool.h>
#include <stddef.h>
#include <stdint.h>
#include <stdio.h>
#include <stdlib.h>
#include <string.h>
#include <strings.h>
#include <sys/types.h>
#include <time.h>
#include <wchar.h>

int main(int argc, char** argv)
{
  (void)argv;
#ifndef memmove
  return ((int*)(&memmove))[argc];
#else
  (void)argc;
  return 0;
#endif
}
Determining if the memset exist passed with the following output:
Change Dir: /home/runner/work/CroMagRally-Android/CroMagRally-Android/android/app/.cxx/Debug/h3k1i6w1/x86_64/CMakeFiles/CMakeTmp

Run Build Command(s):/usr/local/lib/android/sdk/cmake/3.22.1/bin/ninja cmTC_20735 && [1/2] Building C object CMakeFiles/cmTC_20735.dir/CheckSymbolExists.c.o
[2/2] Linking C executable cmTC_20735


File /home/runner/work/CroMagRally-Android/CroMagRally-Android/android/app/.cxx/Debug/h3k1i6w1/x86_64/CMakeFiles/CMakeTmp/CheckSymbolExists.c:
/* */
#include <float.h>
#include <iconv.h>
#include <inttypes.h>
#include <limits.h>
#include <malloc.h>
#include <math.h>
#include <memory.h>
#include <signal.h>
#include <stdarg.h>
#include <stdbool.h>
#include <stddef.h>
#include <stdint.h>
#include <stdio.h>
#include <stdlib.h>
#include <string.h>
#include <strings.h>
#include <sys/types.h>
#include <time.h>
#include <wchar.h>

int main(int argc, char** argv)
{
  (void)argv;
#ifndef memset
  return ((int*)(&memset))[argc];
#else
  (void)argc;
  return 0;
#endif
}
Determining if the modf exist passed with the following output:
Change Dir: /home/runner/work/CroMagRally-Android/CroMagRally-Android/android/app/.cxx/Debug/h3k1i6w1/x86_64/CMakeFiles/CMakeTmp

Run Build Command(s):/usr/local/lib/android/sdk/cmake/3.22.1/bin/ninja cmTC_caef8 && [1/2] Building C object CMakeFiles/cmTC_caef8.dir/CheckSymbolExists.c.o
[2/2] Linking C executable cmTC_caef8


File /home/runner/work/CroMagRally-Android/CroMagRally-Android/android/app/.cxx/Debug/h3k1i6w1/x86_64/CMakeFiles/CMakeTmp/CheckSymbolExists.c:
/* */
#include <float.h>
#include <iconv.h>
#include <inttypes.h>
#include <limits.h>
#include <malloc.h>
#include <math.h>
#include <memory.h>
#include <signal.h>
#include <stdarg.h>
#include <stdbool.h>
#include <stddef.h>
#include <stdint.h>
#include <stdio.h>
#include <stdlib.h>
#include <string.h>
#include <strings.h>
#include <sys/types.h>
#include <time.h>
#include <wchar.h>

int main(int argc, char** argv)
{
  (void)argv;
#ifndef modf
  return ((int*)(&modf))[argc];
#else
  (void)argc;
  return 0;
#endif
}
Determining if the modff exist passed with the following output:
Change Dir: /home/runner/work/CroMagRally-Android/CroMagRally-Android/android/app/.cxx/Debug/h3k1i6w1/x86_64/CMakeFiles/CMakeTmp

Run Build Command(s):/usr/local/lib/android/sdk/cmake/3.22.1/bin/ninja cmTC_e62bd && [1/2] Building C object CMakeFiles/cmTC_e62bd.dir/CheckSymbolExists.c.o
[2/2] Linking C executable cmTC_e62bd


File /home/runner/work/CroMagRally-Android/CroMagRally-Android/android/app/.cxx/Debug/h3k1i6w1/x86_64/CMakeFiles/CMakeTmp/CheckSymbolExists.c:
/* */
#include <float.h>
#include <iconv.h>
#include <inttypes.h>
#include <limits.h>
#include <malloc.h>
#include <math.h>
#include <memory.h>
#include <signal.h>
#include <stdarg.h>
#include <stdbool.h>
#include <stddef.h>
#include <stdint.h>
#include <stdio.h>
#include <stdlib.h>
#include <string.h>
#include <strings.h>
#include <sys/types.h>
#include <time.h>
#include <wchar.h>

int main(int argc, char** argv)
{
  (void)argv;
#ifndef modff
  return ((int*)(&modff))[argc];
#else
  (void)argc;
  return 0;
#endif
}
Determining if the pow exist passed with the following output:
Change Dir: /home/runner/work/CroMagRally-Android/CroMagRally-Android/android/app/.cxx/Debug/h3k1i6w1/x86_64/CMakeFiles/CMakeTmp

Run Build Command(s):/usr/local/lib/android/sdk/cmake/3.22.1/bin/ninja cmTC_5e42c && [1/2] Building C object CMakeFiles/cmTC_5e42c.dir/CheckSymbolExists.c.o
[2/2] Linking C executable cmTC_5e42c


File /home/runner/work/CroMagRally-Android/CroMagRally-Android/android/app/.cxx/Debug/h3k1i6w1/x86_64/CMakeFiles/CMakeTmp/CheckSymbolExists.c:
/* */
#include <float.h>
#include <iconv.h>
#include <inttypes.h>
#include <limits.h>
#include <malloc.h>
#include <math.h>
#include <memory.h>
#include <signal.h>
#include <stdarg.h>
#include <stdbool.h>
#include <stddef.h>
#include <stdint.h>
#include <stdio.h>
#include <stdlib.h>
#include <string.h>
#include <strings.h>
#include <sys/types.h>
#include <time.h>
#include <wchar.h>

int main(int argc, char** argv)
{
  (void)argv;
#ifndef pow
  return ((int*)(&pow))[argc];
#else
  (void)argc;
  return 0;
#endif
}
Determining if the powf exist passed with the following output:
Change Dir: /home/runner/work/CroMagRally-Android/CroMagRally-Android/android/app/.cxx/Debug/h3k1i6w1/x86_64/CMakeFiles/CMakeTmp

Run Build Command(s):/usr/local/lib/android/sdk/cmake/3.22.1/bin/ninja cmTC_2636f && [1/2] Building C object CMakeFiles/cmTC_2636f.dir/CheckSymbolExists.c.o
[2/2] Linking C executable cmTC_2636f


File /home/runner/work/CroMagRally-Android/CroMagRally-Android/android/app/.cxx/Debug/h3k1i6w1/x86_64/CMakeFiles/CMakeTmp/CheckSymbolExists.c:
/* */
#include <float.h>
#include <iconv.h>
#include <inttypes.h>
#include <limits.h>
#include <malloc.h>
#include <math.h>
#include <memory.h>
#include <signal.h>
#include <stdarg.h>
#include <stdbool.h>
#include <stddef.h>
#include <stdint.h>
#include <stdio.h>
#include <stdlib.h>
#include <string.h>
#include <strings.h>
#include <sys/types.h>
#include <time.h>
#include <wchar.h>

int main(int argc, char** argv)
{
  (void)argv;
#ifndef powf
  return ((int*)(&powf))[argc];
#else
  (void)argc;
  return 0;
#endif
}
Determining if the putenv exist passed with the following output:
Change Dir: /home/runner/work/CroMagRally-Android/CroMagRally-Android/android/app/.cxx/Debug/h3k1i6w1/x86_64/CMakeFiles/CMakeTmp

Run Build Command(s):/usr/local/lib/android/sdk/cmake/3.22.1/bin/ninja cmTC_03c75 && [1/2] Building C object CMakeFiles/cmTC_03c75.dir/CheckSymbolExists.c.o
[2/2] Linking C executable cmTC_03c75


File /home/runner/work/CroMagRally-Android/CroMagRally-Android/android/app/.cxx/Debug/h3k1i6w1/x86_64/CMakeFiles/CMakeTmp/CheckSymbolExists.c:
/* */
#include <float.h>
#include <iconv.h>
#include <inttypes.h>
#include <limits.h>
#include <malloc.h>
#include <math.h>
#include <memory.h>
#include <signal.h>
#include <stdarg.h>
#include <stdbool.h>
#include <stddef.h>
#include <stdint.h>
#include <stdio.h>
#include <stdlib.h>
#include <string.h>
#include <strings.h>
#include <sys/types.h>
#include <time.h>
#include <wchar.h>

int main(int argc, char** argv)
{
  (void)argv;
#ifndef putenv
  return ((int*)(&putenv))[argc];
#else
  (void)argc;
  return 0;
#endif
}
Determining if the round exist passed with the following output:
Change Dir: /home/runner/work/CroMagRally-Android/CroMagRally-Android/android/app/.cxx/Debug/h3k1i6w1/x86_64/CMakeFiles/CMakeTmp

Run Build Command(s):/usr/local/lib/android/sdk/cmake/3.22.1/bin/ninja cmTC_97f5e && [1/2] Building C object CMakeFiles/cmTC_97f5e.dir/CheckSymbolExists.c.o
[2/2] Linking C executable cmTC_97f5e


File /home/runner/work/CroMagRally-Android/CroMagRally-Android/android/app/.cxx/Debug/h3k1i6w1/x86_64/CMakeFiles/CMakeTmp/CheckSymbolExists.c:
/* */
#include <float.h>
#include <iconv.h>
#include <inttypes.h>
#include <limits.h>
#include <malloc.h>
#include <math.h>
#include <memory.h>
#include <signal.h>
#include <stdarg.h>
#include <stdbool.h>
#include <stddef.h>
#include <stdint.h>
#include <stdio.h>
#include <stdlib.h>
#include <string.h>
#include <strings.h>
#include <sys/types.h>
#include <time.h>
#include <wchar.h>

int main(int argc, char** argv)
{
  (void)argv;
#ifndef round
  return ((int*)(&round))[argc];
#else
  (void)argc;
  return 0;
#endif
}
Determining if the roundf exist passed with the following output:
Change Dir: /home/runner/work/CroMagRally-Android/CroMagRally-Android/android/app/.cxx/Debug/h3k1i6w1/x86_64/CMakeFiles/CMakeTmp

Run Build Command(s):/usr/local/lib/android/sdk/cmake/3.22.1/bin/ninja cmTC_d43d6 && [1/2] Building C object CMakeFiles/cmTC_d43d6.dir/CheckSymbolExists.c.o
[2/2] Linking C executable cmTC_d43d6


File /home/runner/work/CroMagRally-Android/CroMagRally-Android/android/app/.cxx/Debug/h3k1i6w1/x86_64/CMakeFiles/CMakeTmp/CheckSymbolExists.c:
/* */
#include <float.h>
#include <iconv.h>
#include <inttypes.h>
#include <limits.h>
#include <malloc.h>
#include <math.h>
#include <memory.h>
#include <signal.h>
#include <stdarg.h>
#include <stdbool.h>
#include <stddef.h>
#include <stdint.h>
#include <stdio.h>
#include <stdlib.h>
#include <string.h>
#include <strings.h>
#include <sys/types.h>
#include <time.h>
#include <wchar.h>

int main(int argc, char** argv)
{
  (void)argv;
#ifndef roundf
  return ((int*)(&roundf))[argc];
#else
  (void)argc;
  return 0;
#endif
}
Determining if the scalbn exist passed with the following output:
Change Dir: /home/runner/work/CroMagRally-Android/CroMagRally-Android/android/app/.cxx/Debug/h3k1i6w1/x86_64/CMakeFiles/CMakeTmp

Run Build Command(s):/usr/local/lib/android/sdk/cmake/3.22.1/bin/ninja cmTC_9d0c8 && [1/2] Building C object CMakeFiles/cmTC_9d0c8.dir/CheckSymbolExists.c.o
[2/2] Linking C executable cmTC_9d0c8


File /home/runner/work/CroMagRally-Android/CroMagRally-Android/android/app/.cxx/Debug/h3k1i6w1/x86_64/CMakeFiles/CMakeTmp/CheckSymbolExists.c:
/* */
#include <float.h>
#include <iconv.h>
#include <inttypes.h>
#include <limits.h>
#include <malloc.h>
#include <math.h>
#include <memory.h>
#include <signal.h>
#include <stdarg.h>
#include <stdbool.h>
#include <stddef.h>
#include <stdint.h>
#include <stdio.h>
#include <stdlib.h>
#include <string.h>
#include <strings.h>
#include <sys/types.h>
#include <time.h>
#include <wchar.h>

int main(int argc, char** argv)
{
  (void)argv;
#ifndef scalbn
  return ((int*)(&scalbn))[argc];
#else
  (void)argc;
  return 0;
#endif
}
Determining if the scalbnf exist passed with the following output:
Change Dir: /home/runner/work/CroMagRally-Android/CroMagRally-Android/android/app/.cxx/Debug/h3k1i6w1/x86_64/CMakeFiles/CMakeTmp

Run Build Command(s):/usr/local/lib/android/sdk/cmake/3.22.1/bin/ninja cmTC_10414 && [1/2] Building C object CMakeFiles/cmTC_10414.dir/CheckSymbolExists.c.o
[2/2] Linking C executable cmTC_10414


File /home/runner/work/CroMagRally-Android/CroMagRally-Android/android/app/.cxx/Debug/h3k1i6w1/x86_64/CMakeFiles/CMakeTmp/CheckSymbolExists.c:
/* */
#include <float.h>
#include <iconv.h>
#include <inttypes.h>
#include <limits.h>
#include <malloc.h>
#include <math.h>
#include <memory.h>
#include <signal.h>
#include <stdarg.h>
#include <stdbool.h>
#include <stddef.h>
#include <stdint.h>
#include <stdio.h>
#include <stdlib.h>
#include <string.h>
#include <strings.h>
#include <sys/types.h>
#include <time.h>
#include <wchar.h>

int main(int argc, char** argv)
{
  (void)argv;
#ifndef scalbnf
  return ((int*)(&scalbnf))[argc];
#else
  (void)argc;
  return 0;
#endif
}
Determining if the setenv exist passed with the following output:
Change Dir: /home/runner/work/CroMagRally-Android/CroMagRally-Android/android/app/.cxx/Debug/h3k1i6w1/x86_64/CMakeFiles/CMakeTmp

Run Build Command(s):/usr/local/lib/android/sdk/cmake/3.22.1/bin/ninja cmTC_2e398 && [1/2] Building C object CMakeFiles/cmTC_2e398.dir/CheckSymbolExists.c.o
[2/2] Linking C executable cmTC_2e398


File /home/runner/work/CroMagRally-Android/CroMagRally-Android/android/app/.cxx/Debug/h3k1i6w1/x86_64/CMakeFiles/CMakeTmp/CheckSymbolExists.c:
/* */
#include <float.h>
#include <iconv.h>
#include <inttypes.h>
#include <limits.h>
#include <malloc.h>
#include <math.h>
#include <memory.h>
#include <signal.h>
#include <stdarg.h>
#include <stdbool.h>
#include <stddef.h>
#include <stdint.h>
#include <stdio.h>
#include <stdlib.h>
#include <string.h>
#include <strings.h>
#include <sys/types.h>
#include <time.h>
#include <wchar.h>

int main(int argc, char** argv)
{
  (void)argv;
#ifndef setenv
  return ((int*)(&setenv))[argc];
#else
  (void)argc;
  return 0;
#endif
}
Determining if the sin exist passed with the following output:
Change Dir: /home/runner/work/CroMagRally-Android/CroMagRally-Android/android/app/.cxx/Debug/h3k1i6w1/x86_64/CMakeFiles/CMakeTmp

Run Build Command(s):/usr/local/lib/android/sdk/cmake/3.22.1/bin/ninja cmTC_19510 && [1/2] Building C object CMakeFiles/cmTC_19510.dir/CheckSymbolExists.c.o
[2/2] Linking C executable cmTC_19510


File /home/runner/work/CroMagRally-Android/CroMagRally-Android/android/app/.cxx/Debug/h3k1i6w1/x86_64/CMakeFiles/CMakeTmp/CheckSymbolExists.c:
/* */
#include <float.h>
#include <iconv.h>
#include <inttypes.h>
#include <limits.h>
#include <malloc.h>
#include <math.h>
#include <memory.h>
#include <signal.h>
#include <stdarg.h>
#include <stdbool.h>
#include <stddef.h>
#include <stdint.h>
#include <stdio.h>
#include <stdlib.h>
#include <string.h>
#include <strings.h>
#include <sys/types.h>
#include <time.h>
#include <wchar.h>

int main(int argc, char** argv)
{
  (void)argv;
#ifndef sin
  return ((int*)(&sin))[argc];
#else
  (void)argc;
  return 0;
#endif
}
Determining if the sinf exist passed with the following output:
Change Dir: /home/runner/work/CroMagRally-Android/CroMagRally-Android/android/app/.cxx/Debug/h3k1i6w1/x86_64/CMakeFiles/CMakeTmp

Run Build Command(s):/usr/local/lib/android/sdk/cmake/3.22.1/bin/ninja cmTC_c2ac2 && [1/2] Building C object CMakeFiles/cmTC_c2ac2.dir/CheckSymbolExists.c.o
[2/2] Linking C executable cmTC_c2ac2


File /home/runner/work/CroMagRally-Android/CroMagRally-Android/android/app/.cxx/Debug/h3k1i6w1/x86_64/CMakeFiles/CMakeTmp/CheckSymbolExists.c:
/* */
#include <float.h>
#include <iconv.h>
#include <inttypes.h>
#include <limits.h>
#include <malloc.h>
#include <math.h>
#include <memory.h>
#include <signal.h>
#include <stdarg.h>
#include <stdbool.h>
#include <stddef.h>
#include <stdint.h>
#include <stdio.h>
#include <stdlib.h>
#include <string.h>
#include <strings.h>
#include <sys/types.h>
#include <time.h>
#include <wchar.h>

int main(int argc, char** argv)
{
  (void)argv;
#ifndef sinf
  return ((int*)(&sinf))[argc];
#else
  (void)argc;
  return 0;
#endif
}
Determining if the sqrt exist passed with the following output:
Change Dir: /home/runner/work/CroMagRally-Android/CroMagRally-Android/android/app/.cxx/Debug/h3k1i6w1/x86_64/CMakeFiles/CMakeTmp

Run Build Command(s):/usr/local/lib/android/sdk/cmake/3.22.1/bin/ninja cmTC_fadc1 && [1/2] Building C object CMakeFiles/cmTC_fadc1.dir/CheckSymbolExists.c.o
[2/2] Linking C executable cmTC_fadc1


File /home/runner/work/CroMagRally-Android/CroMagRally-Android/android/app/.cxx/Debug/h3k1i6w1/x86_64/CMakeFiles/CMakeTmp/CheckSymbolExists.c:
/* */
#include <float.h>
#include <iconv.h>
#include <inttypes.h>
#include <limits.h>
#include <malloc.h>
#include <math.h>
#include <memory.h>
#include <signal.h>
#include <stdarg.h>
#include <stdbool.h>
#include <stddef.h>
#include <stdint.h>
#include <stdio.h>
#include <stdlib.h>
#include <string.h>
#include <strings.h>
#include <sys/types.h>
#include <time.h>
#include <wchar.h>

int main(int argc, char** argv)
{
  (void)argv;
#ifndef sqrt
  return ((int*)(&sqrt))[argc];
#else
  (void)argc;
  return 0;
#endif
}
Determining if the sqrtf exist passed with the following output:
Change Dir: /home/runner/work/CroMagRally-Android/CroMagRally-Android/android/app/.cxx/Debug/h3k1i6w1/x86_64/CMakeFiles/CMakeTmp

Run Build Command(s):/usr/local/lib/android/sdk/cmake/3.22.1/bin/ninja cmTC_3f3b9 && [1/2] Building C object CMakeFiles/cmTC_3f3b9.dir/CheckSymbolExists.c.o
[2/2] Linking C executable cmTC_3f3b9


File /home/runner/work/CroMagRally-Android/CroMagRally-Android/android/app/.cxx/Debug/h3k1i6w1/x86_64/CMakeFiles/CMakeTmp/CheckSymbolExists.c:
/* */
#include <float.h>
#include <iconv.h>
#include <inttypes.h>
#include <limits.h>
#include <malloc.h>
#include <math.h>
#include <memory.h>
#include <signal.h>
#include <stdarg.h>
#include <stdbool.h>
#include <stddef.h>
#include <stdint.h>
#include <stdio.h>
#include <stdlib.h>
#include <string.h>
#include <strings.h>
#include <sys/types.h>
#include <time.h>
#include <wchar.h>

int main(int argc, char** argv)
{
  (void)argv;
#ifndef sqrtf
  return ((int*)(&sqrtf))[argc];
#else
  (void)argc;
  return 0;
#endif
}
Determining if the sscanf exist passed with the following output:
Change Dir: /home/runner/work/CroMagRally-Android/CroMagRally-Android/android/app/.cxx/Debug/h3k1i6w1/x86_64/CMakeFiles/CMakeTmp

Run Build Command(s):/usr/local/lib/android/sdk/cmake/3.22.1/bin/ninja cmTC_159bf && [1/2] Building C object CMakeFiles/cmTC_159bf.dir/CheckSymbolExists.c.o
[2/2] Linking C executable cmTC_159bf


File /home/runner/work/CroMagRally-Android/CroMagRally-Android/android/app/.cxx/Debug/h3k1i6w1/x86_64/CMakeFiles/CMakeTmp/CheckSymbolExists.c:
/* */
#include <float.h>
#include <iconv.h>
#include <inttypes.h>
#include <limits.h>
#include <malloc.h>
#include <math.h>
#include <memory.h>
#include <signal.h>
#include <stdarg.h>
#include <stdbool.h>
#include <stddef.h>
#include <stdint.h>
#include <stdio.h>
#include <stdlib.h>
#include <string.h>
#include <strings.h>
#include <sys/types.h>
#include <time.h>
#include <wchar.h>

int main(int argc, char** argv)
{
  (void)argv;
#ifndef sscanf
  return ((int*)(&sscanf))[argc];
#else
  (void)argc;
  return 0;
#endif
}
Determining if the strchr exist passed with the following output:
Change Dir: /home/runner/work/CroMagRally-Android/CroMagRally-Android/android/app/.cxx/Debug/h3k1i6w1/x86_64/CMakeFiles/CMakeTmp

Run Build Command(s):/usr/local/lib/android/sdk/cmake/3.22.1/bin/ninja cmTC_b5c35 && [1/2] Building C object CMakeFiles/cmTC_b5c35.dir/CheckSymbolExists.c.o
[2/2] Linking C executable cmTC_b5c35


File /home/runner/work/CroMagRally-Android/CroMagRally-Android/android/app/.cxx/Debug/h3k1i6w1/x86_64/CMakeFiles/CMakeTmp/CheckSymbolExists.c:
/* */
#include <float.h>
#include <iconv.h>
#include <inttypes.h>
#include <limits.h>
#include <malloc.h>
#include <math.h>
#include <memory.h>
#include <signal.h>
#include <stdarg.h>
#include <stdbool.h>
#include <stddef.h>
#include <stdint.h>
#include <stdio.h>
#include <stdlib.h>
#include <string.h>
#include <strings.h>
#include <sys/types.h>
#include <time.h>
#include <wchar.h>

int main(int argc, char** argv)
{
  (void)argv;
#ifndef strchr
  return ((int*)(&strchr))[argc];
#else
  (void)argc;
  return 0;
#endif
}
Determining if the strcmp exist passed with the following output:
Change Dir: /home/runner/work/CroMagRally-Android/CroMagRally-Android/android/app/.cxx/Debug/h3k1i6w1/x86_64/CMakeFiles/CMakeTmp

Run Build Command(s):/usr/local/lib/android/sdk/cmake/3.22.1/bin/ninja cmTC_4ef2e && [1/2] Building C object CMakeFiles/cmTC_4ef2e.dir/CheckSymbolExists.c.o
[2/2] Linking C executable cmTC_4ef2e


File /home/runner/work/CroMagRally-Android/CroMagRally-Android/android/app/.cxx/Debug/h3k1i6w1/x86_64/CMakeFiles/CMakeTmp/CheckSymbolExists.c:
/* */
#include <float.h>
#include <iconv.h>
#include <inttypes.h>
#include <limits.h>
#include <malloc.h>
#include <math.h>
#include <memory.h>
#include <signal.h>
#include <stdarg.h>
#include <stdbool.h>
#include <stddef.h>
#include <stdint.h>
#include <stdio.h>
#include <stdlib.h>
#include <string.h>
#include <strings.h>
#include <sys/types.h>
#include <time.h>
#include <wchar.h>

int main(int argc, char** argv)
{
  (void)argv;
#ifndef strcmp
  return ((int*)(&strcmp))[argc];
#else
  (void)argc;
  return 0;
#endif
}
Determining if the strlcat exist passed with the following output:
Change Dir: /home/runner/work/CroMagRally-Android/CroMagRally-Android/android/app/.cxx/Debug/h3k1i6w1/x86_64/CMakeFiles/CMakeTmp

Run Build Command(s):/usr/local/lib/android/sdk/cmake/3.22.1/bin/ninja cmTC_60285 && [1/2] Building C object CMakeFiles/cmTC_60285.dir/CheckSymbolExists.c.o
[2/2] Linking C executable cmTC_60285


File /home/runner/work/CroMagRally-Android/CroMagRally-Android/android/app/.cxx/Debug/h3k1i6w1/x86_64/CMakeFiles/CMakeTmp/CheckSymbolExists.c:
/* */
#include <float.h>
#include <iconv.h>
#include <inttypes.h>
#include <limits.h>
#include <malloc.h>
#include <math.h>
#include <memory.h>
#include <signal.h>
#include <stdarg.h>
#include <stdbool.h>
#include <stddef.h>
#include <stdint.h>
#include <stdio.h>
#include <stdlib.h>
#include <string.h>
#include <strings.h>
#include <sys/types.h>
#include <time.h>
#include <wchar.h>

int main(int argc, char** argv)
{
  (void)argv;
#ifndef strlcat
  return ((int*)(&strlcat))[argc];
#else
  (void)argc;
  return 0;
#endif
}
Determining if the strlcpy exist passed with the following output:
Change Dir: /home/runner/work/CroMagRally-Android/CroMagRally-Android/android/app/.cxx/Debug/h3k1i6w1/x86_64/CMakeFiles/CMakeTmp

Run Build Command(s):/usr/local/lib/android/sdk/cmake/3.22.1/bin/ninja cmTC_1515a && [1/2] Building C object CMakeFiles/cmTC_1515a.dir/CheckSymbolExists.c.o
[2/2] Linking C executable cmTC_1515a


File /home/runner/work/CroMagRally-Android/CroMagRally-Android/android/app/.cxx/Debug/h3k1i6w1/x86_64/CMakeFiles/CMakeTmp/CheckSymbolExists.c:
/* */
#include <float.h>
#include <iconv.h>
#include <inttypes.h>
#include <limits.h>
#include <malloc.h>
#include <math.h>
#include <memory.h>
#include <signal.h>
#include <stdarg.h>
#include <stdbool.h>
#include <stddef.h>
#include <stdint.h>
#include <stdio.h>
#include <stdlib.h>
#include <string.h>
#include <strings.h>
#include <sys/types.h>
#include <time.h>
#include <wchar.h>

int main(int argc, char** argv)
{
  (void)argv;
#ifndef strlcpy
  return ((int*)(&strlcpy))[argc];
#else
  (void)argc;
  return 0;
#endif
}
Determining if the strlen exist passed with the following output:
Change Dir: /home/runner/work/CroMagRally-Android/CroMagRally-Android/android/app/.cxx/Debug/h3k1i6w1/x86_64/CMakeFiles/CMakeTmp

Run Build Command(s):/usr/local/lib/android/sdk/cmake/3.22.1/bin/ninja cmTC_eaf2a && [1/2] Building C object CMakeFiles/cmTC_eaf2a.dir/CheckSymbolExists.c.o
[2/2] Linking C executable cmTC_eaf2a


File /home/runner/work/CroMagRally-Android/CroMagRally-Android/android/app/.cxx/Debug/h3k1i6w1/x86_64/CMakeFiles/CMakeTmp/CheckSymbolExists.c:
/* */
#include <float.h>
#include <iconv.h>
#include <inttypes.h>
#include <limits.h>
#include <malloc.h>
#include <math.h>
#include <memory.h>
#include <signal.h>
#include <stdarg.h>
#include <stdbool.h>
#include <stddef.h>
#include <stdint.h>
#include <stdio.h>
#include <stdlib.h>
#include <string.h>
#include <strings.h>
#include <sys/types.h>
#include <time.h>
#include <wchar.h>

int main(int argc, char** argv)
{
  (void)argv;
#ifndef strlen
  return ((int*)(&strlen))[argc];
#else
  (void)argc;
  return 0;
#endif
}
Determining if the strncmp exist passed with the following output:
Change Dir: /home/runner/work/CroMagRally-Android/CroMagRally-Android/android/app/.cxx/Debug/h3k1i6w1/x86_64/CMakeFiles/CMakeTmp

Run Build Command(s):/usr/local/lib/android/sdk/cmake/3.22.1/bin/ninja cmTC_cf625 && [1/2] Building C object CMakeFiles/cmTC_cf625.dir/CheckSymbolExists.c.o
[2/2] Linking C executable cmTC_cf625


File /home/runner/work/CroMagRally-Android/CroMagRally-Android/android/app/.cxx/Debug/h3k1i6w1/x86_64/CMakeFiles/CMakeTmp/CheckSymbolExists.c:
/* */
#include <float.h>
#include <iconv.h>
#include <inttypes.h>
#include <limits.h>
#include <malloc.h>
#include <math.h>
#include <memory.h>
#include <signal.h>
#include <stdarg.h>
#include <stdbool.h>
#include <stddef.h>
#include <stdint.h>
#include <stdio.h>
#include <stdlib.h>
#include <string.h>
#include <strings.h>
#include <sys/types.h>
#include <time.h>
#include <wchar.h>

int main(int argc, char** argv)
{
  (void)argv;
#ifndef strncmp
  return ((int*)(&strncmp))[argc];
#else
  (void)argc;
  return 0;
#endif
}
Determining if the strnlen exist passed with the following output:
Change Dir: /home/runner/work/CroMagRally-Android/CroMagRally-Android/android/app/.cxx/Debug/h3k1i6w1/x86_64/CMakeFiles/CMakeTmp

Run Build Command(s):/usr/local/lib/android/sdk/cmake/3.22.1/bin/ninja cmTC_d8ad7 && [1/2] Building C object CMakeFiles/cmTC_d8ad7.dir/CheckSymbolExists.c.o
[2/2] Linking C executable cmTC_d8ad7


File /home/runner/work/CroMagRally-Android/CroMagRally-Android/android/app/.cxx/Debug/h3k1i6w1/x86_64/CMakeFiles/CMakeTmp/CheckSymbolExists.c:
/* */
#include <float.h>
#include <iconv.h>
#include <inttypes.h>
#include <limits.h>
#include <malloc.h>
#include <math.h>
#include <memory.h>
#include <signal.h>
#include <stdarg.h>
#include <stdbool.h>
#include <stddef.h>
#include <stdint.h>
#include <stdio.h>
#include <stdlib.h>
#include <string.h>
#include <strings.h>
#include <sys/types.h>
#include <time.h>
#include <wchar.h>

int main(int argc, char** argv)
{
  (void)argv;
#ifndef strnlen
  return ((int*)(&strnlen))[argc];
#else
  (void)argc;
  return 0;
#endif
}
Determining if the strpbrk exist passed with the following output:
Change Dir: /home/runner/work/CroMagRally-Android/CroMagRally-Android/android/app/.cxx/Debug/h3k1i6w1/x86_64/CMakeFiles/CMakeTmp

Run Build Command(s):/usr/local/lib/android/sdk/cmake/3.22.1/bin/ninja cmTC_3f6ab && [1/2] Building C object CMakeFiles/cmTC_3f6ab.dir/CheckSymbolExists.c.o
[2/2] Linking C executable cmTC_3f6ab


File /home/runner/work/CroMagRally-Android/CroMagRally-Android/android/app/.cxx/Debug/h3k1i6w1/x86_64/CMakeFiles/CMakeTmp/CheckSymbolExists.c:
/* */
#include <float.h>
#include <iconv.h>
#include <inttypes.h>
#include <limits.h>
#include <malloc.h>
#include <math.h>
#include <memory.h>
#include <signal.h>
#include <stdarg.h>
#include <stdbool.h>
#include <stddef.h>
#include <stdint.h>
#include <stdio.h>
#include <stdlib.h>
#include <string.h>
#include <strings.h>
#include <sys/types.h>
#include <time.h>
#include <wchar.h>

int main(int argc, char** argv)
{
  (void)argv;
#ifndef strpbrk
  return ((int*)(&strpbrk))[argc];
#else
  (void)argc;
  return 0;
#endif
}
Determining if the strrchr exist passed with the following output:
Change Dir: /home/runner/work/CroMagRally-Android/CroMagRally-Android/android/app/.cxx/Debug/h3k1i6w1/x86_64/CMakeFiles/CMakeTmp

Run Build Command(s):/usr/local/lib/android/sdk/cmake/3.22.1/bin/ninja cmTC_9b716 && [1/2] Building C object CMakeFiles/cmTC_9b716.dir/CheckSymbolExists.c.o
[2/2] Linking C executable cmTC_9b716


File /home/runner/work/CroMagRally-Android/CroMagRally-Android/android/app/.cxx/Debug/h3k1i6w1/x86_64/CMakeFiles/CMakeTmp/CheckSymbolExists.c:
/* */
#include <float.h>
#include <iconv.h>
#include <inttypes.h>
#include <limits.h>
#include <malloc.h>
#include <math.h>
#include <memory.h>
#include <signal.h>
#include <stdarg.h>
#include <stdbool.h>
#include <stddef.h>
#include <stdint.h>
#include <stdio.h>
#include <stdlib.h>
#include <string.h>
#include <strings.h>
#include <sys/types.h>
#include <time.h>
#include <wchar.h>

int main(int argc, char** argv)
{
  (void)argv;
#ifndef strrchr
  return ((int*)(&strrchr))[argc];
#else
  (void)argc;
  return 0;
#endif
}
Determining if the strstr exist passed with the following output:
Change Dir: /home/runner/work/CroMagRally-Android/CroMagRally-Android/android/app/.cxx/Debug/h3k1i6w1/x86_64/CMakeFiles/CMakeTmp

Run Build Command(s):/usr/local/lib/android/sdk/cmake/3.22.1/bin/ninja cmTC_5c70d && [1/2] Building C object CMakeFiles/cmTC_5c70d.dir/CheckSymbolExists.c.o
[2/2] Linking C executable cmTC_5c70d


File /home/runner/work/CroMagRally-Android/CroMagRally-Android/android/app/.cxx/Debug/h3k1i6w1/x86_64/CMakeFiles/CMakeTmp/CheckSymbolExists.c:
/* */
#include <float.h>
#include <iconv.h>
#include <inttypes.h>
#include <limits.h>
#include <malloc.h>
#include <math.h>
#include <memory.h>
#include <signal.h>
#include <stdarg.h>
#include <stdbool.h>
#include <stddef.h>
#include <stdint.h>
#include <stdio.h>
#include <stdlib.h>
#include <string.h>
#include <strings.h>
#include <sys/types.h>
#include <time.h>
#include <wchar.h>

int main(int argc, char** argv)
{
  (void)argv;
#ifndef strstr
  return ((int*)(&strstr))[argc];
#else
  (void)argc;
  return 0;
#endif
}
Determining if the strtod exist passed with the following output:
Change Dir: /home/runner/work/CroMagRally-Android/CroMagRally-Android/android/app/.cxx/Debug/h3k1i6w1/x86_64/CMakeFiles/CMakeTmp

Run Build Command(s):/usr/local/lib/android/sdk/cmake/3.22.1/bin/ninja cmTC_b405f && [1/2] Building C object CMakeFiles/cmTC_b405f.dir/CheckSymbolExists.c.o
[2/2] Linking C executable cmTC_b405f


File /home/runner/work/CroMagRally-Android/CroMagRally-Android/android/app/.cxx/Debug/h3k1i6w1/x86_64/CMakeFiles/CMakeTmp/CheckSymbolExists.c:
/* */
#include <float.h>
#include <iconv.h>
#include <inttypes.h>
#include <limits.h>
#include <malloc.h>
#include <math.h>
#include <memory.h>
#include <signal.h>
#include <stdarg.h>
#include <stdbool.h>
#include <stddef.h>
#include <stdint.h>
#include <stdio.h>
#include <stdlib.h>
#include <string.h>
#include <strings.h>
#include <sys/types.h>
#include <time.h>
#include <wchar.h>

int main(int argc, char** argv)
{
  (void)argv;
#ifndef strtod
  return ((int*)(&strtod))[argc];
#else
  (void)argc;
  return 0;
#endif
}
Determining if the strtok_r exist passed with the following output:
Change Dir: /home/runner/work/CroMagRally-Android/CroMagRally-Android/android/app/.cxx/Debug/h3k1i6w1/x86_64/CMakeFiles/CMakeTmp

Run Build Command(s):/usr/local/lib/android/sdk/cmake/3.22.1/bin/ninja cmTC_82da6 && [1/2] Building C object CMakeFiles/cmTC_82da6.dir/CheckSymbolExists.c.o
[2/2] Linking C executable cmTC_82da6


File /home/runner/work/CroMagRally-Android/CroMagRally-Android/android/app/.cxx/Debug/h3k1i6w1/x86_64/CMakeFiles/CMakeTmp/CheckSymbolExists.c:
/* */
#include <float.h>
#include <iconv.h>
#include <inttypes.h>
#include <limits.h>
#include <malloc.h>
#include <math.h>
#include <memory.h>
#include <signal.h>
#include <stdarg.h>
#include <stdbool.h>
#include <stddef.h>
#include <stdint.h>
#include <stdio.h>
#include <stdlib.h>
#include <string.h>
#include <strings.h>
#include <sys/types.h>
#include <time.h>
#include <wchar.h>

int main(int argc, char** argv)
{
  (void)argv;
#ifndef strtok_r
  return ((int*)(&strtok_r))[argc];
#else
  (void)argc;
  return 0;
#endif
}
Determining if the strtol exist passed with the following output:
Change Dir: /home/runner/work/CroMagRally-Android/CroMagRally-Android/android/app/.cxx/Debug/h3k1i6w1/x86_64/CMakeFiles/CMakeTmp

Run Build Command(s):/usr/local/lib/android/sdk/cmake/3.22.1/bin/ninja cmTC_fb7e9 && [1/2] Building C object CMakeFiles/cmTC_fb7e9.dir/CheckSymbolExists.c.o
[2/2] Linking C executable cmTC_fb7e9


File /home/runner/work/CroMagRally-Android/CroMagRally-Android/android/app/.cxx/Debug/h3k1i6w1/x86_64/CMakeFiles/CMakeTmp/CheckSymbolExists.c:
/* */
#include <float.h>
#include <iconv.h>
#include <inttypes.h>
#include <limits.h>
#include <malloc.h>
#include <math.h>
#include <memory.h>
#include <signal.h>
#include <stdarg.h>
#include <stdbool.h>
#include <stddef.h>
#include <stdint.h>
#include <stdio.h>
#include <stdlib.h>
#include <string.h>
#include <strings.h>
#include <sys/types.h>
#include <time.h>
#include <wchar.h>

int main(int argc, char** argv)
{
  (void)argv;
#ifndef strtol
  return ((int*)(&strtol))[argc];
#else
  (void)argc;
  return 0;
#endif
}
Determining if the strtoll exist passed with the following output:
Change Dir: /home/runner/work/CroMagRally-Android/CroMagRally-Android/android/app/.cxx/Debug/h3k1i6w1/x86_64/CMakeFiles/CMakeTmp

Run Build Command(s):/usr/local/lib/android/sdk/cmake/3.22.1/bin/ninja cmTC_e6bc6 && [1/2] Building C object CMakeFiles/cmTC_e6bc6.dir/CheckSymbolExists.c.o
[2/2] Linking C executable cmTC_e6bc6


File /home/runner/work/CroMagRally-Android/CroMagRally-Android/android/app/.cxx/Debug/h3k1i6w1/x86_64/CMakeFiles/CMakeTmp/CheckSymbolExists.c:
/* */
#include <float.h>
#include <iconv.h>
#include <inttypes.h>
#include <limits.h>
#include <malloc.h>
#include <math.h>
#include <memory.h>
#include <signal.h>
#include <stdarg.h>
#include <stdbool.h>
#include <stddef.h>
#include <stdint.h>
#include <stdio.h>
#include <stdlib.h>
#include <string.h>
#include <strings.h>
#include <sys/types.h>
#include <time.h>
#include <wchar.h>

int main(int argc, char** argv)
{
  (void)argv;
#ifndef strtoll
  return ((int*)(&strtoll))[argc];
#else
  (void)argc;
  return 0;
#endif
}
Determining if the strtoul exist passed with the following output:
Change Dir: /home/runner/work/CroMagRally-Android/CroMagRally-Android/android/app/.cxx/Debug/h3k1i6w1/x86_64/CMakeFiles/CMakeTmp

Run Build Command(s):/usr/local/lib/android/sdk/cmake/3.22.1/bin/ninja cmTC_fd3f1 && [1/2] Building C object CMakeFiles/cmTC_fd3f1.dir/CheckSymbolExists.c.o
[2/2] Linking C executable cmTC_fd3f1


File /home/runner/work/CroMagRally-Android/CroMagRally-Android/android/app/.cxx/Debug/h3k1i6w1/x86_64/CMakeFiles/CMakeTmp/CheckSymbolExists.c:
/* */
#include <float.h>
#include <iconv.h>
#include <inttypes.h>
#include <limits.h>
#include <malloc.h>
#include <math.h>
#include <memory.h>
#include <signal.h>
#include <stdarg.h>
#include <stdbool.h>
#include <stddef.h>
#include <stdint.h>
#include <stdio.h>
#include <stdlib.h>
#include <string.h>
#include <strings.h>
#include <sys/types.h>
#include <time.h>
#include <wchar.h>

int main(int argc, char** argv)
{
  (void)argv;
#ifndef strtoul
  return ((int*)(&strtoul))[argc];
#else
  (void)argc;
  return 0;
#endif
}
Determining if the strtoull exist passed with the following output:
Change Dir: /home/runner/work/CroMagRally-Android/CroMagRally-Android/android/app/.cxx/Debug/h3k1i6w1/x86_64/CMakeFiles/CMakeTmp

Run Build Command(s):/usr/local/lib/android/sdk/cmake/3.22.1/bin/ninja cmTC_208ea && [1/2] Building C object CMakeFiles/cmTC_208ea.dir/CheckSymbolExists.c.o
[2/2] Linking C executable cmTC_208ea


File /home/runner/work/CroMagRally-Android/CroMagRally-Android/android/app/.cxx/Debug/h3k1i6w1/x86_64/CMakeFiles/CMakeTmp/CheckSymbolExists.c:
/* */
#include <float.h>
#include <iconv.h>
#include <inttypes.h>
#include <limits.h>
#include <malloc.h>
#include <math.h>
#include <memory.h>
#include <signal.h>
#include <stdarg.h>
#include <stdbool.h>
#include <stddef.h>
#include <stdint.h>
#include <stdio.h>
#include <stdlib.h>
#include <string.h>
#include <strings.h>
#include <sys/types.h>
#include <time.h>
#include <wchar.h>

int main(int argc, char** argv)
{
  (void)argv;
#ifndef strtoull
  return ((int*)(&strtoull))[argc];
#else
  (void)argc;
  return 0;
#endif
}
Determining if the tan exist passed with the following output:
Change Dir: /home/runner/work/CroMagRally-Android/CroMagRally-Android/android/app/.cxx/Debug/h3k1i6w1/x86_64/CMakeFiles/CMakeTmp

Run Build Command(s):/usr/local/lib/android/sdk/cmake/3.22.1/bin/ninja cmTC_0de3a && [1/2] Building C object CMakeFiles/cmTC_0de3a.dir/CheckSymbolExists.c.o
[2/2] Linking C executable cmTC_0de3a


File /home/runner/work/CroMagRally-Android/CroMagRally-Android/android/app/.cxx/Debug/h3k1i6w1/x86_64/CMakeFiles/CMakeTmp/CheckSymbolExists.c:
/* */
#include <float.h>
#include <iconv.h>
#include <inttypes.h>
#include <limits.h>
#include <malloc.h>
#include <math.h>
#include <memory.h>
#include <signal.h>
#include <stdarg.h>
#include <stdbool.h>
#include <stddef.h>
#include <stdint.h>
#include <stdio.h>
#include <stdlib.h>
#include <string.h>
#include <strings.h>
#include <sys/types.h>
#include <time.h>
#include <wchar.h>

int main(int argc, char** argv)
{
  (void)argv;
#ifndef tan
  return ((int*)(&tan))[argc];
#else
  (void)argc;
  return 0;
#endif
}
Determining if the tanf exist passed with the following output:
Change Dir: /home/runner/work/CroMagRally-Android/CroMagRally-Android/android/app/.cxx/Debug/h3k1i6w1/x86_64/CMakeFiles/CMakeTmp

Run Build Command(s):/usr/local/lib/android/sdk/cmake/3.22.1/bin/ninja cmTC_51b38 && [1/2] Building C object CMakeFiles/cmTC_51b38.dir/CheckSymbolExists.c.o
[2/2] Linking C executable cmTC_51b38


File /home/runner/work/CroMagRally-Android/CroMagRally-Android/android/app/.cxx/Debug/h3k1i6w1/x86_64/CMakeFiles/CMakeTmp/CheckSymbolExists.c:
/* */
#include <float.h>
#include <iconv.h>
#include <inttypes.h>
#include <limits.h>
#include <malloc.h>
#include <math.h>
#include <memory.h>
#include <signal.h>
#include <stdarg.h>
#include <stdbool.h>
#include <stddef.h>
#include <stdint.h>
#include <stdio.h>
#include <stdlib.h>
#include <string.h>
#include <strings.h>
#include <sys/types.h>
#include <time.h>
#include <wchar.h>

int main(int argc, char** argv)
{
  (void)argv;
#ifndef tanf
  return ((int*)(&tanf))[argc];
#else
  (void)argc;
  return 0;
#endif
}
Determining if the trunc exist passed with the following output:
Change Dir: /home/runner/work/CroMagRally-Android/CroMagRally-Android/android/app/.cxx/Debug/h3k1i6w1/x86_64/CMakeFiles/CMakeTmp

Run Build Command(s):/usr/local/lib/android/sdk/cmake/3.22.1/bin/ninja cmTC_3a57d && [1/2] Building C object CMakeFiles/cmTC_3a57d.dir/CheckSymbolExists.c.o
[2/2] Linking C executable cmTC_3a57d


File /home/runner/work/CroMagRally-Android/CroMagRally-Android/android/app/.cxx/Debug/h3k1i6w1/x86_64/CMakeFiles/CMakeTmp/CheckSymbolExists.c:
/* */
#include <float.h>
#include <iconv.h>
#include <inttypes.h>
#include <limits.h>
#include <malloc.h>
#include <math.h>
#include <memory.h>
#include <signal.h>
#include <stdarg.h>
#include <stdbool.h>
#include <stddef.h>
#include <stdint.h>
#include <stdio.h>
#include <stdlib.h>
#include <string.h>
#include <strings.h>
#include <sys/types.h>
#include <time.h>
#include <wchar.h>

int main(int argc, char** argv)
{
  (void)argv;
#ifndef trunc
  return ((int*)(&trunc))[argc];
#else
  (void)argc;
  return 0;
#endif
}
Determining if the truncf exist passed with the following output:
Change Dir: /home/runner/work/CroMagRally-Android/CroMagRally-Android/android/app/.cxx/Debug/h3k1i6w1/x86_64/CMakeFiles/CMakeTmp

Run Build Command(s):/usr/local/lib/android/sdk/cmake/3.22.1/bin/ninja cmTC_4be93 && [1/2] Building C object CMakeFiles/cmTC_4be93.dir/CheckSymbolExists.c.o
[2/2] Linking C executable cmTC_4be93


File /home/runner/work/CroMagRally-Android/CroMagRally-Android/android/app/.cxx/Debug/h3k1i6w1/x86_64/CMakeFiles/CMakeTmp/CheckSymbolExists.c:
/* */
#include <float.h>
#include <iconv.h>
#include <inttypes.h>
#include <limits.h>
#include <malloc.h>
#include <math.h>
#include <memory.h>
#include <signal.h>
#include <stdarg.h>
#include <stdbool.h>
#include <stddef.h>
#include <stdint.h>
#include <stdio.h>
#include <stdlib.h>
#include <string.h>
#include <strings.h>
#include <sys/types.h>
#include <time.h>
#include <wchar.h>

int main(int argc, char** argv)
{
  (void)argv;
#ifndef truncf
  return ((int*)(&truncf))[argc];
#else
  (void)argc;
  return 0;
#endif
}
Determining if the unsetenv exist passed with the following output:
Change Dir: /home/runner/work/CroMagRally-Android/CroMagRally-Android/android/app/.cxx/Debug/h3k1i6w1/x86_64/CMakeFiles/CMakeTmp

Run Build Command(s):/usr/local/lib/android/sdk/cmake/3.22.1/bin/ninja cmTC_82adc && [1/2] Building C object CMakeFiles/cmTC_82adc.dir/CheckSymbolExists.c.o
[2/2] Linking C executable cmTC_82adc


File /home/runner/work/CroMagRally-Android/CroMagRally-Android/android/app/.cxx/Debug/h3k1i6w1/x86_64/CMakeFiles/CMakeTmp/CheckSymbolExists.c:
/* */
#include <float.h>
#include <iconv.h>
#include <inttypes.h>
#include <limits.h>
#include <malloc.h>
#include <math.h>
#include <memory.h>
#include <signal.h>
#include <stdarg.h>
#include <stdbool.h>
#include <stddef.h>
#include <stdint.h>
#include <stdio.h>
#include <stdlib.h>
#include <string.h>
#include <strings.h>
#include <sys/types.h>
#include <time.h>
#include <wchar.h>

int main(int argc, char** argv)
{
  (void)argv;
#ifndef unsetenv
  return ((int*)(&unsetenv))[argc];
#else
  (void)argc;
  return 0;
#endif
}
Determining if the vsnprintf exist passed with the following output:
Change Dir: /home/runner/work/CroMagRally-Android/CroMagRally-Android/android/app/.cxx/Debug/h3k1i6w1/x86_64/CMakeFiles/CMakeTmp

Run Build Command(s):/usr/local/lib/android/sdk/cmake/3.22.1/bin/ninja cmTC_b50f3 && [1/2] Building C object CMakeFiles/cmTC_b50f3.dir/CheckSymbolExists.c.o
[2/2] Linking C executable cmTC_b50f3


File /home/runner/work/CroMagRally-Android/CroMagRally-Android/android/app/.cxx/Debug/h3k1i6w1/x86_64/CMakeFiles/CMakeTmp/CheckSymbolExists.c:
/* */
#include <float.h>
#include <iconv.h>
#include <inttypes.h>
#include <limits.h>
#include <malloc.h>
#include <math.h>
#include <memory.h>
#include <signal.h>
#include <stdarg.h>
#include <stdbool.h>
#include <stddef.h>
#include <stdint.h>
#include <stdio.h>
#include <stdlib.h>
#include <string.h>
#include <strings.h>
#include <sys/types.h>
#include <time.h>
#include <wchar.h>

int main(int argc, char** argv)
{
  (void)argv;
#ifndef vsnprintf
  return ((int*)(&vsnprintf))[argc];
#else
  (void)argc;
  return 0;
#endif
}
Determining if the vsscanf exist passed with the following output:
Change Dir: /home/runner/work/CroMagRally-Android/CroMagRally-Android/android/app/.cxx/Debug/h3k1i6w1/x86_64/CMakeFiles/CMakeTmp

Run Build Command(s):/usr/local/lib/android/sdk/cmake/3.22.1/bin/ninja cmTC_5560f && [1/2] Building C object CMakeFiles/cmTC_5560f.dir/CheckSymbolExists.c.o
[2/2] Linking C executable cmTC_5560f


File /home/runner/work/CroMagRally-Android/CroMagRally-Android/android/app/.cxx/Debug/h3k1i6w1/x86_64/CMakeFiles/CMakeTmp/CheckSymbolExists.c:
/* */
#include <float.h>
#include <iconv.h>
#include <inttypes.h>
#include <limits.h>
#include <malloc.h>
#include <math.h>
#include <memory.h>
#include <signal.h>
#include <stdarg.h>
#include <stdbool.h>
#include <stddef.h>
#include <stdint.h>
#include <stdio.h>
#include <stdlib.h>
#include <string.h>
#include <strings.h>
#include <sys/types.h>
#include <time.h>
#include <wchar.h>

int main(int argc, char** argv)
{
  (void)argv;
#ifndef vsscanf
  return ((int*)(&vsscanf))[argc];
#else
  (void)argc;
  return 0;
#endif
}
Determining if the wcsnlen exist passed with the following output:
Change Dir: /home/runner/work/CroMagRally-Android/CroMagRally-Android/android/app/.cxx/Debug/h3k1i6w1/x86_64/CMakeFiles/CMakeTmp

Run Build Command(s):/usr/local/lib/android/sdk/cmake/3.22.1/bin/ninja cmTC_20511 && [1/2] Building C object CMakeFiles/cmTC_20511.dir/CheckSymbolExists.c.o
[2/2] Linking C executable cmTC_20511


File /home/runner/work/CroMagRally-Android/CroMagRally-Android/android/app/.cxx/Debug/h3k1i6w1/x86_64/CMakeFiles/CMakeTmp/CheckSymbolExists.c:
/* */
#include <float.h>
#include <iconv.h>
#include <inttypes.h>
#include <limits.h>
#include <malloc.h>
#include <math.h>
#include <memory.h>
#include <signal.h>
#include <stdarg.h>
#include <stdbool.h>
#include <stddef.h>
#include <stdint.h>
#include <stdio.h>
#include <stdlib.h>
#include <string.h>
#include <strings.h>
#include <sys/types.h>
#include <time.h>
#include <wchar.h>

int main(int argc, char** argv)
{
  (void)argv;
#ifndef wcsnlen
  return ((int*)(&wcsnlen))[argc];
#else
  (void)argc;
  return 0;
#endif
}
Determining if the wcscmp exist passed with the following output:
Change Dir: /home/runner/work/CroMagRally-Android/CroMagRally-Android/android/app/.cxx/Debug/h3k1i6w1/x86_64/CMakeFiles/CMakeTmp

Run Build Command(s):/usr/local/lib/android/sdk/cmake/3.22.1/bin/ninja cmTC_bcd77 && [1/2] Building C object CMakeFiles/cmTC_bcd77.dir/CheckSymbolExists.c.o
[2/2] Linking C executable cmTC_bcd77


File /home/runner/work/CroMagRally-Android/CroMagRally-Android/android/app/.cxx/Debug/h3k1i6w1/x86_64/CMakeFiles/CMakeTmp/CheckSymbolExists.c:
/* */
#include <float.h>
#include <iconv.h>
#include <inttypes.h>
#include <limits.h>
#include <malloc.h>
#include <math.h>
#include <memory.h>
#include <signal.h>
#include <stdarg.h>
#include <stdbool.h>
#include <stddef.h>
#include <stdint.h>
#include <stdio.h>
#include <stdlib.h>
#include <string.h>
#include <strings.h>
#include <sys/types.h>
#include <time.h>
#include <wchar.h>

int main(int argc, char** argv)
{
  (void)argv;
#ifndef wcscmp
  return ((int*)(&wcscmp))[argc];
#else
  (void)argc;
  return 0;
#endif
}
Determining if the wcsdup exist passed with the following output:
Change Dir: /home/runner/work/CroMagRally-Android/CroMagRally-Android/android/app/.cxx/Debug/h3k1i6w1/x86_64/CMakeFiles/CMakeTmp

Run Build Command(s):/usr/local/lib/android/sdk/cmake/3.22.1/bin/ninja cmTC_6ffdc && [1/2] Building C object CMakeFiles/cmTC_6ffdc.dir/CheckSymbolExists.c.o
[2/2] Linking C executable cmTC_6ffdc


File /home/runner/work/CroMagRally-Android/CroMagRally-Android/android/app/.cxx/Debug/h3k1i6w1/x86_64/CMakeFiles/CMakeTmp/CheckSymbolExists.c:
/* */
#include <float.h>
#include <iconv.h>
#include <inttypes.h>
#include <limits.h>
#include <malloc.h>
#include <math.h>
#include <memory.h>
#include <signal.h>
#include <stdarg.h>
#include <stdbool.h>
#include <stddef.h>
#include <stdint.h>
#include <stdio.h>
#include <stdlib.h>
#include <string.h>
#include <strings.h>
#include <sys/types.h>
#include <time.h>
#include <wchar.h>

int main(int argc, char** argv)
{
  (void)argv;
#ifndef wcsdup
  return ((int*)(&wcsdup))[argc];
#else
  (void)argc;
  return 0;
#endif
}
Determining if the wcslcat exist passed with the following output:
Change Dir: /home/runner/work/CroMagRally-Android/CroMagRally-Android/android/app/.cxx/Debug/h3k1i6w1/x86_64/CMakeFiles/CMakeTmp

Run Build Command(s):/usr/local/lib/android/sdk/cmake/3.22.1/bin/ninja cmTC_7e508 && [1/2] Building C object CMakeFiles/cmTC_7e508.dir/CheckSymbolExists.c.o
[2/2] Linking C executable cmTC_7e508


File /home/runner/work/CroMagRally-Android/CroMagRally-Android/android/app/.cxx/Debug/h3k1i6w1/x86_64/CMakeFiles/CMakeTmp/CheckSymbolExists.c:
/* */
#include <float.h>
#include <iconv.h>
#include <inttypes.h>
#include <limits.h>
#include <malloc.h>
#include <math.h>
#include <memory.h>
#include <signal.h>
#include <stdarg.h>
#include <stdbool.h>
#include <stddef.h>
#include <stdint.h>
#include <stdio.h>
#include <stdlib.h>
#include <string.h>
#include <strings.h>
#include <sys/types.h>
#include <time.h>
#include <wchar.h>

int main(int argc, char** argv)
{
  (void)argv;
#ifndef wcslcat
  return ((int*)(&wcslcat))[argc];
#else
  (void)argc;
  return 0;
#endif
}
Determining if the wcslcpy exist passed with the following output:
Change Dir: /home/runner/work/CroMagRally-Android/CroMagRally-Android/android/app/.cxx/Debug/h3k1i6w1/x86_64/CMakeFiles/CMakeTmp

Run Build Command(s):/usr/local/lib/android/sdk/cmake/3.22.1/bin/ninja cmTC_f1fca && [1/2] Building C object CMakeFiles/cmTC_f1fca.dir/CheckSymbolExists.c.o
[2/2] Linking C executable cmTC_f1fca


File /home/runner/work/CroMagRally-Android/CroMagRally-Android/android/app/.cxx/Debug/h3k1i6w1/x86_64/CMakeFiles/CMakeTmp/CheckSymbolExists.c:
/* */
#include <float.h>
#include <iconv.h>
#include <inttypes.h>
#include <limits.h>
#include <malloc.h>
#include <math.h>
#include <memory.h>
#include <signal.h>
#include <stdarg.h>
#include <stdbool.h>
#include <stddef.h>
#include <stdint.h>
#include <stdio.h>
#include <stdlib.h>
#include <string.h>
#include <strings.h>
#include <sys/types.h>
#include <time.h>
#include <wchar.h>

int main(int argc, char** argv)
{
  (void)argv;
#ifndef wcslcpy
  return ((int*)(&wcslcpy))[argc];
#else
  (void)argc;
  return 0;
#endif
}
Determining if the wcslen exist passed with the following output:
Change Dir: /home/runner/work/CroMagRally-Android/CroMagRally-Android/android/app/.cxx/Debug/h3k1i6w1/x86_64/CMakeFiles/CMakeTmp

Run Build Command(s):/usr/local/lib/android/sdk/cmake/3.22.1/bin/ninja cmTC_4702a && [1/2] Building C object CMakeFiles/cmTC_4702a.dir/CheckSymbolExists.c.o
[2/2] Linking C executable cmTC_4702a


File /home/runner/work/CroMagRally-Android/CroMagRally-Android/android/app/.cxx/Debug/h3k1i6w1/x86_64/CMakeFiles/CMakeTmp/CheckSymbolExists.c:
/* */
#include <float.h>
#include <iconv.h>
#include <inttypes.h>
#include <limits.h>
#include <malloc.h>
#include <math.h>
#include <memory.h>
#include <signal.h>
#include <stdarg.h>
#include <stdbool.h>
#include <stddef.h>
#include <stdint.h>
#include <stdio.h>
#include <stdlib.h>
#include <string.h>
#include <strings.h>
#include <sys/types.h>
#include <time.h>
#include <wchar.h>

int main(int argc, char** argv)
{
  (void)argv;
#ifndef wcslen
  return ((int*)(&wcslen))[argc];
#else
  (void)argc;
  return 0;
#endif
}
Determining if the wcsncmp exist passed with the following output:
Change Dir: /home/runner/work/CroMagRally-Android/CroMagRally-Android/android/app/.cxx/Debug/h3k1i6w1/x86_64/CMakeFiles/CMakeTmp

Run Build Command(s):/usr/local/lib/android/sdk/cmake/3.22.1/bin/ninja cmTC_9458d && [1/2] Building C object CMakeFiles/cmTC_9458d.dir/CheckSymbolExists.c.o
[2/2] Linking C executable cmTC_9458d


File /home/runner/work/CroMagRally-Android/CroMagRally-Android/android/app/.cxx/Debug/h3k1i6w1/x86_64/CMakeFiles/CMakeTmp/CheckSymbolExists.c:
/* */
#include <float.h>
#include <iconv.h>
#include <inttypes.h>
#include <limits.h>
#include <malloc.h>
#include <math.h>
#include <memory.h>
#include <signal.h>
#include <stdarg.h>
#include <stdbool.h>
#include <stddef.h>
#include <stdint.h>
#include <stdio.h>
#include <stdlib.h>
#include <string.h>
#include <strings.h>
#include <sys/types.h>
#include <time.h>
#include <wchar.h>

int main(int argc, char** argv)
{
  (void)argv;
#ifndef wcsncmp
  return ((int*)(&wcsncmp))[argc];
#else
  (void)argc;
  return 0;
#endif
}
Determining if the wcsstr exist passed with the following output:
Change Dir: /home/runner/work/CroMagRally-Android/CroMagRally-Android/android/app/.cxx/Debug/h3k1i6w1/x86_64/CMakeFiles/CMakeTmp

Run Build Command(s):/usr/local/lib/android/sdk/cmake/3.22.1/bin/ninja cmTC_a2dfc && [1/2] Building C object CMakeFiles/cmTC_a2dfc.dir/CheckSymbolExists.c.o
[2/2] Linking C executable cmTC_a2dfc


File /home/runner/work/CroMagRally-Android/CroMagRally-Android/android/app/.cxx/Debug/h3k1i6w1/x86_64/CMakeFiles/CMakeTmp/CheckSymbolExists.c:
/* */
#include <float.h>
#include <iconv.h>
#include <inttypes.h>
#include <limits.h>
#include <malloc.h>
#include <math.h>
#include <memory.h>
#include <signal.h>
#include <stdarg.h>
#include <stdbool.h>
#include <stddef.h>
#include <stdint.h>
#include <stdio.h>
#include <stdlib.h>
#include <string.h>
#include <strings.h>
#include <sys/types.h>
#include <time.h>
#include <wchar.h>

int main(int argc, char** argv)
{
  (void)argv;
#ifndef wcsstr
  return ((int*)(&wcsstr))[argc];
#else
  (void)argc;
  return 0;
#endif
}
Determining if the wcstol exist passed with the following output:
Change Dir: /home/runner/work/CroMagRally-Android/CroMagRally-Android/android/app/.cxx/Debug/h3k1i6w1/x86_64/CMakeFiles/CMakeTmp

Run Build Command(s):/usr/local/lib/android/sdk/cmake/3.22.1/bin/ninja cmTC_0bdfd && [1/2] Building C object CMakeFiles/cmTC_0bdfd.dir/CheckSymbolExists.c.o
[2/2] Linking C executable cmTC_0bdfd


File /home/runner/work/CroMagRally-Android/CroMagRally-Android/android/app/.cxx/Debug/h3k1i6w1/x86_64/CMakeFiles/CMakeTmp/CheckSymbolExists.c:
/* */
#include <float.h>
#include <iconv.h>
#include <inttypes.h>
#include <limits.h>
#include <malloc.h>
#include <math.h>
#include <memory.h>
#include <signal.h>
#include <stdarg.h>
#include <stdbool.h>
#include <stddef.h>
#include <stdint.h>
#include <stdio.h>
#include <stdlib.h>
#include <string.h>
#include <strings.h>
#include <sys/types.h>
#include <time.h>
#include <wchar.h>

int main(int argc, char** argv)
{
  (void)argv;
#ifndef wcstol
  return ((int*)(&wcstol))[argc];
#else
  (void)argc;
  return 0;
#endif
}
Determining if the strcasestr exist passed with the following output:
Change Dir: /home/runner/work/CroMagRally-Android/CroMagRally-Android/android/app/.cxx/Debug/h3k1i6w1/x86_64/CMakeFiles/CMakeTmp

Run Build Command(s):/usr/local/lib/android/sdk/cmake/3.22.1/bin/ninja cmTC_e9d2f && [1/2] Building C object CMakeFiles/cmTC_e9d2f.dir/CheckSymbolExists.c.o
[2/2] Linking C executable cmTC_e9d2f


File /home/runner/work/CroMagRally-Android/CroMagRally-Android/android/app/.cxx/Debug/h3k1i6w1/x86_64/CMakeFiles/CMakeTmp/CheckSymbolExists.c:
/* */
#include <float.h>
#include <iconv.h>
#include <inttypes.h>
#include <limits.h>
#include <malloc.h>
#include <math.h>
#include <memory.h>
#include <signal.h>
#include <stdarg.h>
#include <stdbool.h>
#include <stddef.h>
#include <stdint.h>
#include <stdio.h>
#include <stdlib.h>
#include <string.h>
#include <strings.h>
#include <sys/types.h>
#include <time.h>
#include <wchar.h>

int main(int argc, char** argv)
{
  (void)argv;
#ifndef strcasestr
  return ((int*)(&strcasestr))[argc];
#else
  (void)argc;
  return 0;
#endif
}
Performing C SOURCE FILE Test LIBC_HAS_ISINF succeeded with the following output:
Change Dir: /home/runner/work/CroMagRally-Android/CroMagRally-Android/android/app/.cxx/Debug/h3k1i6w1/x86_64/CMakeFiles/CMakeTmp

Run Build Command(s):/usr/local/lib/android/sdk/cmake/3.22.1/bin/ninja cmTC_49f3e && [1/2] Building C object CMakeFiles/cmTC_49f3e.dir/src.c.o
[2/2] Linking C executable cmTC_49f3e


Source file was:

        #include <math.h>
        int main() {
          double d = 3.14159;
          return isinf(d);
        }
      
Performing C SOURCE FILE Test LIBC_ISINF_HANDLES_FLOAT succeeded with the following output:
Change Dir: /home/runner/work/CroMagRally-Android/CroMagRally-Android/android/app/.cxx/Debug/h3k1i6w1/x86_64/CMakeFiles/CMakeTmp

Run Build Command(s):/usr/local/lib/android/sdk/cmake/3.22.1/bin/ninja cmTC_4611e && [1/2] Building C object CMakeFiles/cmTC_4611e.dir/src.c.o
[2/2] Linking C executable cmTC_4611e


Source file was:

      #include <math.h>
      int main() {
        float f = 3.14159f;
        return isinf(f);
      }
    
Performing C SOURCE FILE Test LIBC_HAS_ISNAN succeeded with the following output:
Change Dir: /home/runner/work/CroMagRally-Android/CroMagRally-Android/android/app/.cxx/Debug/h3k1i6w1/x86_64/CMakeFiles/CMakeTmp

Run Build Command(s):/usr/local/lib/android/sdk/cmake/3.22.1/bin/ninja cmTC_4c55b && [1/2] Building C object CMakeFiles/cmTC_4c55b.dir/src.c.o
[2/2] Linking C executable cmTC_4c55b


Source file was:

        #include <math.h>
        int main() {
          double d = 3.14159;
          return isnan(d);
        }
      
Performing C SOURCE FILE Test LIBC_ISNAN_HANDLES_FLOAT succeeded with the following output:
Change Dir: /home/runner/work/CroMagRally-Android/CroMagRally-Android/android/app/.cxx/Debug/h3k1i6w1/x86_64/CMakeFiles/CMakeTmp

Run Build Command(s):/usr/local/lib/android/sdk/cmake/3.22.1/bin/ninja cmTC_daaab && [1/2] Building C object CMakeFiles/cmTC_daaab.dir/src.c.o
[2/2] Linking C executable cmTC_daaab


Source file was:

      #include <math.h>
      int main() {
        float f = 3.14159f;
        return isnan(f);
      }
    
Performing C SOURCE FILE Test LIBC_HAS_ISNANF succeeded with the following output:
Change Dir: /home/runner/work/CroMagRally-Android/CroMagRally-Android/android/app/.cxx/Debug/h3k1i6w1/x86_64/CMakeFiles/CMakeTmp

Run Build Command(s):/usr/local/lib/android/sdk/cmake/3.22.1/bin/ninja cmTC_42e63 && [1/2] Building C object CMakeFiles/cmTC_42e63.dir/src.c.o
[2/2] Linking C executable cmTC_42e63


Source file was:

      #include <math.h>
      int main() {
        float f = 3.14159f;
        return isnanf(f);
      }
    
Determining if the fdatasync exist passed with the following output:
Change Dir: /home/runner/work/CroMagRally-Android/CroMagRally-Android/android/app/.cxx/Debug/h3k1i6w1/x86_64/CMakeFiles/CMakeTmp

Run Build Command(s):/usr/local/lib/android/sdk/cmake/3.22.1/bin/ninja cmTC_8de58 && [1/2] Building C object CMakeFiles/cmTC_8de58.dir/CheckSymbolExists.c.o
[2/2] Linking C executable cmTC_8de58


File /home/runner/work/CroMagRally-Android/CroMagRally-Android/android/app/.cxx/Debug/h3k1i6w1/x86_64/CMakeFiles/CMakeTmp/CheckSymbolExists.c:
/* */
#include <unistd.h>

int main(int argc, char** argv)
{
  (void)argv;
#ifndef fdatasync
  return ((int*)(&fdatasync))[argc];
#else
  (void)argc;
  return 0;
#endif
}
Determining if the gethostname exist passed with the following output:
Change Dir: /home/runner/work/CroMagRally-Android/CroMagRally-Android/android/app/.cxx/Debug/h3k1i6w1/x86_64/CMakeFiles/CMakeTmp

Run Build Command(s):/usr/local/lib/android/sdk/cmake/3.22.1/bin/ninja cmTC_bd970 && [1/2] Building C object CMakeFiles/cmTC_bd970.dir/CheckSymbolExists.c.o
[2/2] Linking C executable cmTC_bd970


File /home/runner/work/CroMagRally-Android/CroMagRally-Android/android/app/.cxx/Debug/h3k1i6w1/x86_64/CMakeFiles/CMakeTmp/CheckSymbolExists.c:
/* */
#include <unistd.h>

int main(int argc, char** argv)
{
  (void)argv;
#ifndef gethostname
  return ((int*)(&gethostname))[argc];
#else
  (void)argc;
  return 0;
#endif
}
Determining if the getpagesize exist passed with the following output:
Change Dir: /home/runner/work/CroMagRally-Android/CroMagRally-Android/android/app/.cxx/Debug/h3k1i6w1/x86_64/CMakeFiles/CMakeTmp

Run Build Command(s):/usr/local/lib/android/sdk/cmake/3.22.1/bin/ninja cmTC_d5b7f && [1/2] Building C object CMakeFiles/cmTC_d5b7f.dir/CheckSymbolExists.c.o
[2/2] Linking C executable cmTC_d5b7f


File /home/runner/work/CroMagRally-Android/CroMagRally-Android/android/app/.cxx/Debug/h3k1i6w1/x86_64/CMakeFiles/CMakeTmp/CheckSymbolExists.c:
/* */
#include <unistd.h>

int main(int argc, char** argv)
{
  (void)argv;
#ifndef getpagesize
  return ((int*)(&getpagesize))[argc];
#else
  (void)argc;
  return 0;
#endif
}
Determining if the getresgid exist passed with the following output:
Change Dir: /home/runner/work/CroMagRally-Android/CroMagRally-Android/android/app/.cxx/Debug/h3k1i6w1/x86_64/CMakeFiles/CMakeTmp

Run Build Command(s):/usr/local/lib/android/sdk/cmake/3.22.1/bin/ninja cmTC_988f8 && [1/2] Building C object CMakeFiles/cmTC_988f8.dir/CheckSymbolExists.c.o
[2/2] Linking C executable cmTC_988f8


File /home/runner/work/CroMagRally-Android/CroMagRally-Android/android/app/.cxx/Debug/h3k1i6w1/x86_64/CMakeFiles/CMakeTmp/CheckSymbolExists.c:
/* */
#include <unistd.h>

int main(int argc, char** argv)
{
  (void)argv;
#ifndef getresgid
  return ((int*)(&getresgid))[argc];
#else
  (void)argc;
  return 0;
#endif
}
Determining if the getresuid exist passed with the following output:
Change Dir: /home/runner/work/CroMagRally-Android/CroMagRally-Android/android/app/.cxx/Debug/h3k1i6w1/x86_64/CMakeFiles/CMakeTmp

Run Build Command(s):/usr/local/lib/android/sdk/cmake/3.22.1/bin/ninja cmTC_0ecca && [1/2] Building C object CMakeFiles/cmTC_0ecca.dir/CheckSymbolExists.c.o
[2/2] Linking C executable cmTC_0ecca


File /home/runner/work/CroMagRally-Android/CroMagRally-Android/android/app/.cxx/Debug/h3k1i6w1/x86_64/CMakeFiles/CMakeTmp/CheckSymbolExists.c:
/* */
#include <unistd.h>

int main(int argc, char** argv)
{
  (void)argv;
#ifndef getresuid
  return ((int*)(&getresuid))[argc];
#else
  (void)argc;
  return 0;
#endif
}
Determining if the sigaction exist passed with the following output:
Change Dir: /home/runner/work/CroMagRally-Android/CroMagRally-Android/android/app/.cxx/Debug/h3k1i6w1/x86_64/CMakeFiles/CMakeTmp

Run Build Command(s):/usr/local/lib/android/sdk/cmake/3.22.1/bin/ninja cmTC_b080f && [1/2] Building C object CMakeFiles/cmTC_b080f.dir/CheckSymbolExists.c.o
[2/2] Linking C executable cmTC_b080f


File /home/runner/work/CroMagRally-Android/CroMagRally-Android/android/app/.cxx/Debug/h3k1i6w1/x86_64/CMakeFiles/CMakeTmp/CheckSymbolExists.c:
/* */
#include <signal.h>

int main(int argc, char** argv)
{
  (void)argv;
#ifndef sigaction
  return ((int*)(&sigaction))[argc];
#else
  (void)argc;
  return 0;
#endif
}
Determining if the sigtimedwait exist passed with the following output:
Change Dir: /home/runner/work/CroMagRally-Android/CroMagRally-Android/android/app/.cxx/Debug/h3k1i6w1/x86_64/CMakeFiles/CMakeTmp

Run Build Command(s):/usr/local/lib/android/sdk/cmake/3.22.1/bin/ninja cmTC_9d259 && [1/2] Building C object CMakeFiles/cmTC_9d259.dir/CheckSymbolExists.c.o
[2/2] Linking C executable cmTC_9d259


File /home/runner/work/CroMagRally-Android/CroMagRally-Android/android/app/.cxx/Debug/h3k1i6w1/x86_64/CMakeFiles/CMakeTmp/CheckSymbolExists.c:
/* */
#include <signal.h>

int main(int argc, char** argv)
{
  (void)argv;
#ifndef sigtimedwait
  return ((int*)(&sigtimedwait))[argc];
#else
  (void)argc;
  return 0;
#endif
}
Determining if the setjmp exist passed with the following output:
Change Dir: /home/runner/work/CroMagRally-Android/CroMagRally-Android/android/app/.cxx/Debug/h3k1i6w1/x86_64/CMakeFiles/CMakeTmp

Run Build Command(s):/usr/local/lib/android/sdk/cmake/3.22.1/bin/ninja cmTC_3fe6b && [1/2] Building C object CMakeFiles/cmTC_3fe6b.dir/CheckSymbolExists.c.o
[2/2] Linking C executable cmTC_3fe6b


File /home/runner/work/CroMagRally-Android/CroMagRally-Android/android/app/.cxx/Debug/h3k1i6w1/x86_64/CMakeFiles/CMakeTmp/CheckSymbolExists.c:
/* */
#include <setjmp.h>

int main(int argc, char** argv)
{
  (void)argv;
#ifndef setjmp
  return ((int*)(&setjmp))[argc];
#else
  (void)argc;
  return 0;
#endif
}
Determining if the nanosleep exist passed with the following output:
Change Dir: /home/runner/work/CroMagRally-Android/CroMagRally-Android/android/app/.cxx/Debug/h3k1i6w1/x86_64/CMakeFiles/CMakeTmp

Run Build Command(s):/usr/local/lib/android/sdk/cmake/3.22.1/bin/ninja cmTC_7a551 && [1/2] Building C object CMakeFiles/cmTC_7a551.dir/CheckSymbolExists.c.o
[2/2] Linking C executable cmTC_7a551


File /home/runner/work/CroMagRally-Android/CroMagRally-Android/android/app/.cxx/Debug/h3k1i6w1/x86_64/CMakeFiles/CMakeTmp/CheckSymbolExists.c:
/* */
#include <time.h>

int main(int argc, char** argv)
{
  (void)argv;
#ifndef nanosleep
  return ((int*)(&nanosleep))[argc];
#else
  (void)argc;
  return 0;
#endif
}
Determining if the gmtime_r exist passed with the following output:
Change Dir: /home/runner/work/CroMagRally-Android/CroMagRally-Android/android/app/.cxx/Debug/h3k1i6w1/x86_64/CMakeFiles/CMakeTmp

Run Build Command(s):/usr/local/lib/android/sdk/cmake/3.22.1/bin/ninja cmTC_58549 && [1/2] Building C object CMakeFiles/cmTC_58549.dir/CheckSymbolExists.c.o
[2/2] Linking C executable cmTC_58549


File /home/runner/work/CroMagRally-Android/CroMagRally-Android/android/app/.cxx/Debug/h3k1i6w1/x86_64/CMakeFiles/CMakeTmp/CheckSymbolExists.c:
/* */
#include <time.h>

int main(int argc, char** argv)
{
  (void)argv;
#ifndef gmtime_r
  return ((int*)(&gmtime_r))[argc];
#else
  (void)argc;
  return 0;
#endif
}
Determining if the localtime_r exist passed with the following output:
Change Dir: /home/runner/work/CroMagRally-Android/CroMagRally-Android/android/app/.cxx/Debug/h3k1i6w1/x86_64/CMakeFiles/CMakeTmp

Run Build Command(s):/usr/local/lib/android/sdk/cmake/3.22.1/bin/ninja cmTC_753ab && [1/2] Building C object CMakeFiles/cmTC_753ab.dir/CheckSymbolExists.c.o
[2/2] Linking C executable cmTC_753ab


File /home/runner/work/CroMagRally-Android/CroMagRally-Android/android/app/.cxx/Debug/h3k1i6w1/x86_64/CMakeFiles/CMakeTmp/CheckSymbolExists.c:
/* */
#include <time.h>

int main(int argc, char** argv)
{
  (void)argv;
#ifndef localtime_r
  return ((int*)(&localtime_r))[argc];
#else
  (void)argc;
  return 0;
#endif
}
Determining if the sysconf exist passed with the following output:
Change Dir: /home/runner/work/CroMagRally-Android/CroMagRally-Android/android/app/.cxx/Debug/h3k1i6w1/x86_64/CMakeFiles/CMakeTmp

Run Build Command(s):/usr/local/lib/android/sdk/cmake/3.22.1/bin/ninja cmTC_105d8 && [1/2] Building C object CMakeFiles/cmTC_105d8.dir/CheckSymbolExists.c.o
[2/2] Linking C executable cmTC_105d8


File /home/runner/work/CroMagRally-Android/CroMagRally-Android/android/app/.cxx/Debug/h3k1i6w1/x86_64/CMakeFiles/CMakeTmp/CheckSymbolExists.c:
/* */
#include <unistd.h>

int main(int argc, char** argv)
{
  (void)argv;
#ifndef sysconf
  return ((int*)(&sysconf))[argc];
#else
  (void)argc;
  return 0;
#endif
}
Determining if the getauxval exist passed with the following output:
Change Dir: /home/runner/work/CroMagRally-Android/CroMagRally-Android/android/app/.cxx/Debug/h3k1i6w1/x86_64/CMakeFiles/CMakeTmp

Run Build Command(s):/usr/local/lib/android/sdk/cmake/3.22.1/bin/ninja cmTC_279f0 && [1/2] Building C object CMakeFiles/cmTC_279f0.dir/CheckSymbolExists.c.o
[2/2] Linking C executable cmTC_279f0


File /home/runner/work/CroMagRally-Android/CroMagRally-Android/android/app/.cxx/Debug/h3k1i6w1/x86_64/CMakeFiles/CMakeTmp/CheckSymbolExists.c:
/* */
#include <sys/auxv.h>

int main(int argc, char** argv)
{
  (void)argv;
#ifndef getauxval
  return ((int*)(&getauxval))[argc];
#else
  (void)argc;
  return 0;
#endif
}
Determining if the ppoll exist passed with the following output:
Change Dir: /home/runner/work/CroMagRally-Android/CroMagRally-Android/android/app/.cxx/Debug/h3k1i6w1/x86_64/CMakeFiles/CMakeTmp

Run Build Command(s):/usr/local/lib/android/sdk/cmake/3.22.1/bin/ninja cmTC_5aca5 && [1/2] Building C object CMakeFiles/cmTC_5aca5.dir/CheckSymbolExists.c.o
[2/2] Linking C executable cmTC_5aca5


File /home/runner/work/CroMagRally-Android/CroMagRally-Android/android/app/.cxx/Debug/h3k1i6w1/x86_64/CMakeFiles/CMakeTmp/CheckSymbolExists.c:
/* */
#include <poll.h>

int main(int argc, char** argv)
{
  (void)argv;
#ifndef ppoll
  return ((int*)(&ppoll))[argc];
#else
  (void)argc;
  return 0;
#endif
}
Determining if the posix_fallocate exist passed with the following output:
Change Dir: /home/runner/work/CroMagRally-Android/CroMagRally-Android/android/app/.cxx/Debug/h3k1i6w1/x86_64/CMakeFiles/CMakeTmp

Run Build Command(s):/usr/local/lib/android/sdk/cmake/3.22.1/bin/ninja cmTC_ba5a7 && [1/2] Building C object CMakeFiles/cmTC_ba5a7.dir/CheckSymbolExists.c.o
[2/2] Linking C executable cmTC_ba5a7


File /home/runner/work/CroMagRally-Android/CroMagRally-Android/android/app/.cxx/Debug/h3k1i6w1/x86_64/CMakeFiles/CMakeTmp/CheckSymbolExists.c:
/* */
#include <fcntl.h>

int main(int argc, char** argv)
{
  (void)argv;
#ifndef posix_fallocate
  return ((int*)(&posix_fallocate))[argc];
#else
  (void)argc;
  return 0;
#endif
}
Performing C SOURCE FILE Test HAVE_SA_SIGACTION succeeded with the following output:
Change Dir: /home/runner/work/CroMagRally-Android/CroMagRally-Android/android/app/.cxx/Debug/h3k1i6w1/x86_64/CMakeFiles/CMakeTmp

Run Build Command(s):/usr/local/lib/android/sdk/cmake/3.22.1/bin/ninja cmTC_a7265 && [1/2] Building C object CMakeFiles/cmTC_a7265.dir/src.c.o
[2/2] Linking C executable cmTC_a7265


Source file was:

#include <signal.h>

int main()
{
  (void)sizeof(((struct sigaction *)0)->sa_sigaction);
  return 0;
}

Performing C SOURCE FILE Test HAVE_ST_MTIM succeeded with the following output:
Change Dir: /home/runner/work/CroMagRally-Android/CroMagRally-Android/android/app/.cxx/Debug/h3k1i6w1/x86_64/CMakeFiles/CMakeTmp

Run Build Command(s):/usr/local/lib/android/sdk/cmake/3.22.1/bin/ninja cmTC_a5a58 && [1/2] Building C object CMakeFiles/cmTC_a5a58.dir/src.c.o
[2/2] Linking C executable cmTC_a5a58


Source file was:

#include <sys/stat.h>

int main()
{
  (void)sizeof(((struct stat *)0)->st_mtim);
  return 0;
}

Determining if the dlopen exist passed with the following output:
Change Dir: /home/runner/work/CroMagRally-Android/CroMagRally-Android/android/app/.cxx/Debug/h3k1i6w1/x86_64/CMakeFiles/CMakeTmp

Run Build Command(s):/usr/local/lib/android/sdk/cmake/3.22.1/bin/ninja cmTC_9f5d0 && [1/2] Building C object CMakeFiles/cmTC_9f5d0.dir/CheckSymbolExists.c.o
[2/2] Linking C executable cmTC_9f5d0


File /home/runner/work/CroMagRally-Android/CroMagRally-Android/android/app/.cxx/Debug/h3k1i6w1/x86_64/CMakeFiles/CMakeTmp/CheckSymbolExists.c:
/* */
#include <dlfcn.h>

int main(int argc, char** argv)
{
  (void)argv;
#ifndef dlopen
  return ((int*)(&dlopen))[argc];
#else
  (void)argc;
  return 0;
#endif
}
Performing C SOURCE FILE Test HAVE_O_CLOEXEC succeeded with the following output:
Change Dir: /home/runner/work/CroMagRally-Android/CroMagRally-Android/android/app/.cxx/Debug/h3k1i6w1/x86_64/CMakeFiles/CMakeTmp

Run Build Command(s):/usr/local/lib/android/sdk/cmake/3.22.1/bin/ninja cmTC_34d9f && [1/2] Building C object CMakeFiles/cmTC_34d9f.dir/src.c.o
[2/2] Linking C executable cmTC_34d9f


Source file was:

    #include <fcntl.h>
    int flag = O_CLOEXEC;
    int main(int argc, char **argv) { return 0; }
Performing C SOURCE FILE Test VULKAN_PASSED_ANDROID_CHECKS succeeded with the following output:
Change Dir: /home/runner/work/CroMagRally-Android/CroMagRally-Android/android/app/.cxx/Debug/h3k1i6w1/x86_64/CMakeFiles/CMakeTmp

Run Build Command(s):/usr/local/lib/android/sdk/cmake/3.22.1/bin/ninja cmTC_e8732 && [1/2] Building C object CMakeFiles/cmTC_e8732.dir/src.c.o
[2/2] Linking C executable cmTC_e8732


Source file was:

      #if defined(__ARM_ARCH) && __ARM_ARCH < 7
      #error Vulkan doesn't work on this configuration
      #endif
      int main(int argc, char **argv) { return 0; }
      
Performing C SOURCE FILE Test HAVE_PTHREADS succeeded with the following output:
Change Dir: /home/runner/work/CroMagRally-Android/CroMagRally-Android/android/app/.cxx/Debug/h3k1i6w1/x86_64/CMakeFiles/CMakeTmp

Run Build Command(s):/usr/local/lib/android/sdk/cmake/3.22.1/bin/ninja cmTC_05551 && [1/2] Building C object CMakeFiles/cmTC_05551.dir/src.c.o
[2/2] Linking C executable cmTC_05551


Source file was:

        #include <pthread.h>
        int main(int argc, char** argv) {
          pthread_attr_t type;
          pthread_attr_init(&type);
          return 0;
        }
Performing C SOURCE FILE Test HAVE_RECURSIVE_MUTEXES succeeded with the following output:
Change Dir: /home/runner/work/CroMagRally-Android/CroMagRally-Android/android/app/.cxx/Debug/h3k1i6w1/x86_64/CMakeFiles/CMakeTmp

Run Build Command(s):/usr/local/lib/android/sdk/cmake/3.22.1/bin/ninja cmTC_df563 && [1/2] Building C object CMakeFiles/cmTC_df563.dir/src.c.o
[2/2] Linking C executable cmTC_df563


Source file was:

        #include <pthread.h>
        int main(int argc, char **argv) {
          pthread_mutexattr_t attr;
          pthread_mutexattr_settype(&attr, PTHREAD_MUTEX_RECURSIVE);
          return 0;
        }
Performing C SOURCE FILE Test HAVE_PTHREADS_SEM succeeded with the following output:
Change Dir: /home/runner/work/CroMagRally-Android/CroMagRally-Android/android/app/.cxx/Debug/h3k1i6w1/x86_64/CMakeFiles/CMakeTmp

Run Build Command(s):/usr/local/lib/android/sdk/cmake/3.22.1/bin/ninja cmTC_9027d && [1/2] Building C object CMakeFiles/cmTC_9027d.dir/src.c.o
[2/2] Linking C executable cmTC_9027d


Source file was:
#include <pthread.h>
                                 #include <semaphore.h>
                                 int main(int argc, char **argv) { return 0; }
Performing C SOURCE FILE Test COMPILER_HAS_SEM_TIMEDWAIT succeeded with the following output:
Change Dir: /home/runner/work/CroMagRally-Android/CroMagRally-Android/android/app/.cxx/Debug/h3k1i6w1/x86_64/CMakeFiles/CMakeTmp

Run Build Command(s):/usr/local/lib/android/sdk/cmake/3.22.1/bin/ninja cmTC_a2da4 && [1/2] Building C object CMakeFiles/cmTC_a2da4.dir/src.c.o
/home/runner/work/CroMagRally-Android/CroMagRally-Android/android/app/.cxx/Debug/h3k1i6w1/x86_64/CMakeFiles/CMakeTmp/src.c:5:33: warning: null passed to a callee that requires a non-null argument [-Wnonnull]
    5 |                   sem_timedwait(NULL, NULL);
      |                                 ^~~~
/usr/local/lib/android/sdk/ndk/27.3.13750724/toolchains/llvm/prebuilt/linux-x86_64/lib/clang/18/include/__stddef_null.h:26:14: note: expanded from macro 'NULL'
   26 | #define NULL ((void*)0)
      |              ^~~~~~~~~~
/home/runner/work/CroMagRally-Android/CroMagRally-Android/android/app/.cxx/Debug/h3k1i6w1/x86_64/CMakeFiles/CMakeTmp/src.c:5:39: warning: null passed to a callee that requires a non-null argument [-Wnonnull]
    5 |                   sem_timedwait(NULL, NULL);
      |                                       ^~~~
/usr/local/lib/android/sdk/ndk/27.3.13750724/toolchains/llvm/prebuilt/linux-x86_64/lib/clang/18/include/__stddef_null.h:26:14: note: expanded from macro 'NULL'
   26 | #define NULL ((void*)0)
      |              ^~~~~~~~~~
2 warnings generated.
[2/2] Linking C executable cmTC_a2da4


Source file was:

              #include <pthread.h>
              #include <semaphore.h>
              int main(int argc, char **argv) {
                  sem_timedwait(NULL, NULL);
                  return 0;
              }
Determining if the include file pthread.h exists passed with the following output:
Change Dir: /home/runner/work/CroMagRally-Android/CroMagRally-Android/android/app/.cxx/Debug/h3k1i6w1/x86_64/CMakeFiles/CMakeTmp

Run Build Command(s):/usr/local/lib/android/sdk/cmake/3.22.1/bin/ninja cmTC_0667c && [1/2] Building C object CMakeFiles/cmTC_0667c.dir/CheckIncludeFile.c.o
[2/2] Linking C executable cmTC_0667c



Performing C SOURCE FILE Test HAVE_PTHREAD_SETNAME_NP succeeded with the following output:
Change Dir: /home/runner/work/CroMagRally-Android/CroMagRally-Android/android/app/.cxx/Debug/h3k1i6w1/x86_64/CMakeFiles/CMakeTmp

Run Build Command(s):/usr/local/lib/android/sdk/cmake/3.22.1/bin/ninja cmTC_3bf17 && [1/2] Building C object CMakeFiles/cmTC_3bf17.dir/src.c.o
[2/2] Linking C executable cmTC_3bf17


Source file was:

            #include <pthread.h>
            int main(int argc, char **argv) {
              #ifdef __APPLE__
              pthread_setname_np("");
              #else
              pthread_setname_np(pthread_self(),"");
              #endif
              return 0;
            }
