The target system is: Android - 1 - i686
The host system is: Linux - 6.11.0-1018-azure - x86_64
Compiling the C compiler identification source file "CMakeCCompilerId.c" succeeded.
Compiler: /usr/local/lib/android/sdk/ndk/27.3.13750724/toolchains/llvm/prebuilt/linux-x86_64/bin/clang 
Build flags: -g;-DANDROID;-fdata-sections;-ffunction-sections;-funwind-tables;-fstack-protector-strong;-no-canonical-prefixes;-D_FORTIFY_SOURCE=2;-Wformat;-Werror=format-security;
Id flags: -c;--target=i686-none-linux-android24 

The output was:
0


Compilation of the C compiler identification source "CMakeCCompilerId.c" produced "CMakeCCompilerId.o"

The C compiler identification is Clang, found in "/home/runner/work/CroMagRally-Android/CroMagRally-Android/android/app/.cxx/Debug/h3k1i6w1/x86/CMakeFiles/3.22.1-g37088a8/CompilerIdC/CMakeCCompilerId.o"

Compiling the CXX compiler identification source file "CMakeCXXCompilerId.cpp" succeeded.
Compiler: /usr/local/lib/android/sdk/ndk/27.3.13750724/toolchains/llvm/prebuilt/linux-x86_64/bin/clang++ 
Build flags: -g;-DANDROID;-fdata-sections;-ffunction-sections;-funwind-tables;-fstack-protector-strong;-no-canonical-prefixes;-D_FORTIFY_SOURCE=2;-Wformat;-Werror=format-security;;
Id flags: -c;--target=i686-none-linux-android24 

The output was:
0


Compilation of the CXX compiler identification source "CMakeCXXCompilerId.cpp" produced "CMakeCXXCompilerId.o"

The CXX compiler identification is Clang, found in "/home/runner/work/CroMagRally-Android/CroMagRally-Android/android/app/.cxx/Debug/h3k1i6w1/x86/CMakeFiles/3.22.1-g37088a8/CompilerIdCXX/CMakeCXXCompilerId.o"

Detecting C compiler ABI info compiled with the following output:
Change Dir: /home/runner/work/CroMagRally-Android/CroMagRally-Android/android/app/.cxx/Debug/h3k1i6w1/x86/CMakeFiles/CMakeTmp

Run Build Command(s):/usr/local/lib/android/sdk/cmake/3.22.1/bin/ninja cmTC_48463 && [1/2] Building C object CMakeFiles/cmTC_48463.dir/CMakeCCompilerABI.c.o
Android (13691557, +pgo, +bolt, +lto, +mlgo, based on r522817d) clang version 18.0.4 (https://android.googlesource.com/toolchain/llvm-project d8003a456d14a3deb8054cdaa529ffbf02d9b262)
Target: i686-none-linux-android24
Thread model: posix
InstalledDir: /usr/local/lib/android/sdk/ndk/27.3.13750724/toolchains/llvm/prebuilt/linux-x86_64/bin
 (in-process)
 "/usr/local/lib/android/sdk/ndk/27.3.13750724/toolchains/llvm/prebuilt/linux-x86_64/bin/clang" -cc1 -triple i686-none-linux-android24 -emit-obj -mrelax-all -disable-free -clear-ast-before-backend -disable-llvm-verifier -discard-value-names -main-file-name CMakeCCompilerABI.c -mrelocation-model pic -pic-level 2 -pic-is-pie -mframe-pointer=all -ffp-contract=on -fno-rounding-math -mconstructor-aliases -funwind-tables=2 -target-cpu i686 -target-feature +ssse3 -tune-cpu generic -debug-info-kind=constructor -dwarf-version=4 -debugger-tuning=gdb -fdebug-compilation-dir=/home/runner/work/CroMagRally-Android/CroMagRally-Android/android/app/.cxx/Debug/h3k1i6w1/x86/CMakeFiles/CMakeTmp -v -ffunction-sections -fdata-sections -fcoverage-compilation-dir=/home/runner/work/CroMagRally-Android/CroMagRally-Android/android/app/.cxx/Debug/h3k1i6w1/x86/CMakeFiles/CMakeTmp -resource-dir /usr/local/lib/android/sdk/ndk/27.3.13750724/toolchains/llvm/prebuilt/linux-x86_64/lib/clang/18 -dependency-file CMakeFiles/cmTC_48463.dir/CMakeCCompilerABI.c.o.d -MT CMakeFiles/cmTC_48463.dir/CMakeCCompilerABI.c.o -sys-header-deps -D ANDROID -D _FORTIFY_SOURCE=2 -isysroot /usr/local/lib/android/sdk/ndk/27.3.13750724/toolchains/llvm/prebuilt/linux-x86_64/sysroot -internal-isystem /usr/local/lib/android/sdk/ndk/27.3.13750724/toolchains/llvm/prebuilt/linux-x86_64/lib/clang/18/include -internal-isystem /usr/local/lib/android/sdk/ndk/27.3.13750724/toolchains/llvm/prebuilt/linux-x86_64/sysroot/usr/local/include -internal-externc-isystem /usr/local/lib/android/sdk/ndk/27.3.13750724/toolchains/llvm/prebuilt/linux-x86_64/sysroot/usr/include/i686-linux-android -internal-externc-isystem /usr/local/lib/android/sdk/ndk/27.3.13750724/toolchains/llvm/prebuilt/linux-x86_64/sysroot/include -internal-externc-isystem /usr/local/lib/android/sdk/ndk/27.3.13750724/toolchains/llvm/prebuilt/linux-x86_64/sysroot/usr/include -Wformat -ferror-limit 19 -femulated-tls -stack-protector 2 -fgnuc-version=4.2.1 -D__GCC_HAVE_DWARF2_CFI_ASM=1 -o CMakeFiles/cmTC_48463.dir/CMakeCCompilerABI.c.o -x c /usr/local/lib/android/sdk/cmake/3.22.1/share/cmake-3.22/Modules/CMakeCCompilerABI.c
clang -cc1 version 18.0.4 based upon LLVM 18.0.4 default target x86_64-unknown-linux-gnu
ignoring nonexistent directory "/usr/local/lib/android/sdk/ndk/27.3.13750724/toolchains/llvm/prebuilt/linux-x86_64/sysroot/usr/local/include"
ignoring nonexistent directory "/usr/local/lib/android/sdk/ndk/27.3.13750724/toolchains/llvm/prebuilt/linux-x86_64/sysroot/include"
#include "..." search starts here:
#include <...> search starts here:
 /usr/local/lib/android/sdk/ndk/27.3.13750724/toolchains/llvm/prebuilt/linux-x86_64/lib/clang/18/include
 /usr/local/lib/android/sdk/ndk/27.3.13750724/toolchains/llvm/prebuilt/linux-x86_64/sysroot/usr/include/i686-linux-android
 /usr/local/lib/android/sdk/ndk/27.3.13750724/toolchains/llvm/prebuilt/linux-x86_64/sysroot/usr/include
End of search list.
[2/2] Linking C executable cmTC_48463
Android (13691557, +pgo, +bolt, +lto, +mlgo, based on r522817d) clang version 18.0.4 (https://android.googlesource.com/toolchain/llvm-project d8003a456d14a3deb8054cdaa529ffbf02d9b262)
Target: i686-none-linux-android24
Thread model: posix
InstalledDir: /usr/local/lib/android/sdk/ndk/27.3.13750724/toolchains/llvm/prebuilt/linux-x86_64/bin
 "/usr/local/lib/android/sdk/ndk/27.3.13750724/toolchains/llvm/prebuilt/linux-x86_64/bin/ld.lld" --sysroot=/usr/local/lib/android/sdk/ndk/27.3.13750724/toolchains/llvm/prebuilt/linux-x86_64/sysroot -z now -z relro --hash-style=gnu --eh-frame-hdr -m elf_i386 -pie -dynamic-linker /system/bin/linker -o cmTC_48463 /usr/local/lib/android/sdk/ndk/27.3.13750724/toolchains/llvm/prebuilt/linux-x86_64/sysroot/usr/lib/i686-linux-android/24/crtbegin_dynamic.o -L/usr/local/lib/android/sdk/ndk/27.3.13750724/toolchains/llvm/prebuilt/linux-x86_64/lib/clang/18/lib/linux/i386 -L/usr/local/lib/android/sdk/ndk/27.3.13750724/toolchains/llvm/prebuilt/linux-x86_64/sysroot/usr/lib/i686-linux-android/24 -L/usr/local/lib/android/sdk/ndk/27.3.13750724/toolchains/llvm/prebuilt/linux-x86_64/sysroot/usr/lib/i686-linux-android -L/usr/local/lib/android/sdk/ndk/27.3.13750724/toolchains/llvm/prebuilt/linux-x86_64/sysroot/usr/lib --build-id=sha1 --no-rosegment --no-undefined-version --fatal-warnings --no-undefined CMakeFiles/cmTC_48463.dir/CMakeCCompilerABI.c.o /usr/local/lib/android/sdk/ndk/27.3.13750724/toolchains/llvm/prebuilt/linux-x86_64/lib/clang/18/lib/linux/libclang_rt.builtins-i686-android.a -l:libunwind.a -ldl -lc /usr/local/lib/android/sdk/ndk/27.3.13750724/toolchains/llvm/prebuilt/linux-x86_64/lib/clang/18/lib/linux/libclang_rt.builtins-i686-android.a -l:libunwind.a -ldl /usr/local/lib/android/sdk/ndk/27.3.13750724/toolchains/llvm/prebuilt/linux-x86_64/sysroot/usr/lib/i686-linux-android/24/crtend_android.o



Parsed C implicit include dir info from above output: rv=done
  found start of include info
  found start of implicit include info
    add: [/usr/local/lib/android/sdk/ndk/27.3.13750724/toolchains/llvm/prebuilt/linux-x86_64/lib/clang/18/include]
    add: [/usr/local/lib/android/sdk/ndk/27.3.13750724/toolchains/llvm/prebuilt/linux-x86_64/sysroot/usr/include/i686-linux-android]
    add: [/usr/local/lib/android/sdk/ndk/27.3.13750724/toolchains/llvm/prebuilt/linux-x86_64/sysroot/usr/include]
  end of search list found
  collapse include dir [/usr/local/lib/android/sdk/ndk/27.3.13750724/toolchains/llvm/prebuilt/linux-x86_64/lib/clang/18/include] ==> [/usr/local/lib/android/sdk/ndk/27.3.13750724/toolchains/llvm/prebuilt/linux-x86_64/lib/clang/18/include]
  collapse include dir [/usr/local/lib/android/sdk/ndk/27.3.13750724/toolchains/llvm/prebuilt/linux-x86_64/sysroot/usr/include/i686-linux-android] ==> [/usr/local/lib/android/sdk/ndk/27.3.13750724/toolchains/llvm/prebuilt/linux-x86_64/sysroot/usr/include/i686-linux-android]
  collapse include dir [/usr/local/lib/android/sdk/ndk/27.3.13750724/toolchains/llvm/prebuilt/linux-x86_64/sysroot/usr/include] ==> [/usr/local/lib/android/sdk/ndk/27.3.13750724/toolchains/llvm/prebuilt/linux-x86_64/sysroot/usr/include]
  implicit include dirs: [/usr/local/lib/android/sdk/ndk/27.3.13750724/toolchains/llvm/prebuilt/linux-x86_64/lib/clang/18/include;/usr/local/lib/android/sdk/ndk/27.3.13750724/toolchains/llvm/prebuilt/linux-x86_64/sysroot/usr/include/i686-linux-android;/usr/local/lib/android/sdk/ndk/27.3.13750724/toolchains/llvm/prebuilt/linux-x86_64/sysroot/usr/include]


Parsed C implicit link information from above output:
  link line regex: [^( *|.*[/\])(ld\.lld|CMAKE_LINK_STARTFILE-NOTFOUND|([^/\]+-)?ld|collect2)[^/\]*( |$)]
  ignore line: [Change Dir: /home/runner/work/CroMagRally-Android/CroMagRally-Android/android/app/.cxx/Debug/h3k1i6w1/x86/CMakeFiles/CMakeTmp]
  ignore line: []
  ignore line: [Run Build Command(s):/usr/local/lib/android/sdk/cmake/3.22.1/bin/ninja cmTC_48463 && [1/2] Building C object CMakeFiles/cmTC_48463.dir/CMakeCCompilerABI.c.o]
  ignore line: [Android (13691557  +pgo  +bolt  +lto  +mlgo  based on r522817d) clang version 18.0.4 (https://android.googlesource.com/toolchain/llvm-project d8003a456d14a3deb8054cdaa529ffbf02d9b262)]
  ignore line: [Target: i686-none-linux-android24]
  ignore line: [Thread model: posix]
  ignore line: [InstalledDir: /usr/local/lib/android/sdk/ndk/27.3.13750724/toolchains/llvm/prebuilt/linux-x86_64/bin]
  ignore line: [ (in-process)]
  ignore line: [ "/usr/local/lib/android/sdk/ndk/27.3.13750724/toolchains/llvm/prebuilt/linux-x86_64/bin/clang" -cc1 -triple i686-none-linux-android24 -emit-obj -mrelax-all -disable-free -clear-ast-before-backend -disable-llvm-verifier -discard-value-names -main-file-name CMakeCCompilerABI.c -mrelocation-model pic -pic-level 2 -pic-is-pie -mframe-pointer=all -ffp-contract=on -fno-rounding-math -mconstructor-aliases -funwind-tables=2 -target-cpu i686 -target-feature +ssse3 -tune-cpu generic -debug-info-kind=constructor -dwarf-version=4 -debugger-tuning=gdb -fdebug-compilation-dir=/home/runner/work/CroMagRally-Android/CroMagRally-Android/android/app/.cxx/Debug/h3k1i6w1/x86/CMakeFiles/CMakeTmp -v -ffunction-sections -fdata-sections -fcoverage-compilation-dir=/home/runner/work/CroMagRally-Android/CroMagRally-Android/android/app/.cxx/Debug/h3k1i6w1/x86/CMakeFiles/CMakeTmp -resource-dir /usr/local/lib/android/sdk/ndk/27.3.13750724/toolchains/llvm/prebuilt/linux-x86_64/lib/clang/18 -dependency-file CMakeFiles/cmTC_48463.dir/CMakeCCompilerABI.c.o.d -MT CMakeFiles/cmTC_48463.dir/CMakeCCompilerABI.c.o -sys-header-deps -D ANDROID -D _FORTIFY_SOURCE=2 -isysroot /usr/local/lib/android/sdk/ndk/27.3.13750724/toolchains/llvm/prebuilt/linux-x86_64/sysroot -internal-isystem /usr/local/lib/android/sdk/ndk/27.3.13750724/toolchains/llvm/prebuilt/linux-x86_64/lib/clang/18/include -internal-isystem /usr/local/lib/android/sdk/ndk/27.3.13750724/toolchains/llvm/prebuilt/linux-x86_64/sysroot/usr/local/include -internal-externc-isystem /usr/local/lib/android/sdk/ndk/27.3.13750724/toolchains/llvm/prebuilt/linux-x86_64/sysroot/usr/include/i686-linux-android -internal-externc-isystem /usr/local/lib/android/sdk/ndk/27.3.13750724/toolchains/llvm/prebuilt/linux-x86_64/sysroot/include -internal-externc-isystem /usr/local/lib/android/sdk/ndk/27.3.13750724/toolchains/llvm/prebuilt/linux-x86_64/sysroot/usr/include -Wformat -ferror-limit 19 -femulated-tls -stack-protector 2 -fgnuc-version=4.2.1 -D__GCC_HAVE_DWARF2_CFI_ASM=1 -o CMakeFiles/cmTC_48463.dir/CMakeCCompilerABI.c.o -x c /usr/local/lib/android/sdk/cmake/3.22.1/share/cmake-3.22/Modules/CMakeCCompilerABI.c]
  ignore line: [clang -cc1 version 18.0.4 based upon LLVM 18.0.4 default target x86_64-unknown-linux-gnu]
  ignore line: [ignoring nonexistent directory "/usr/local/lib/android/sdk/ndk/27.3.13750724/toolchains/llvm/prebuilt/linux-x86_64/sysroot/usr/local/include"]
  ignore line: [ignoring nonexistent directory "/usr/local/lib/android/sdk/ndk/27.3.13750724/toolchains/llvm/prebuilt/linux-x86_64/sysroot/include"]
  ignore line: [#include "..." search starts here:]
  ignore line: [#include <...> search starts here:]
  ignore line: [ /usr/local/lib/android/sdk/ndk/27.3.13750724/toolchains/llvm/prebuilt/linux-x86_64/lib/clang/18/include]
  ignore line: [ /usr/local/lib/android/sdk/ndk/27.3.13750724/toolchains/llvm/prebuilt/linux-x86_64/sysroot/usr/include/i686-linux-android]
  ignore line: [ /usr/local/lib/android/sdk/ndk/27.3.13750724/toolchains/llvm/prebuilt/linux-x86_64/sysroot/usr/include]
  ignore line: [End of search list.]
  ignore line: [[2/2] Linking C executable cmTC_48463]
  ignore line: [Android (13691557  +pgo  +bolt  +lto  +mlgo  based on r522817d) clang version 18.0.4 (https://android.googlesource.com/toolchain/llvm-project d8003a456d14a3deb8054cdaa529ffbf02d9b262)]
  ignore line: [Target: i686-none-linux-android24]
  ignore line: [Thread model: posix]
  ignore line: [InstalledDir: /usr/local/lib/android/sdk/ndk/27.3.13750724/toolchains/llvm/prebuilt/linux-x86_64/bin]
  link line: [ "/usr/local/lib/android/sdk/ndk/27.3.13750724/toolchains/llvm/prebuilt/linux-x86_64/bin/ld.lld" --sysroot=/usr/local/lib/android/sdk/ndk/27.3.13750724/toolchains/llvm/prebuilt/linux-x86_64/sysroot -z now -z relro --hash-style=gnu --eh-frame-hdr -m elf_i386 -pie -dynamic-linker /system/bin/linker -o cmTC_48463 /usr/local/lib/android/sdk/ndk/27.3.13750724/toolchains/llvm/prebuilt/linux-x86_64/sysroot/usr/lib/i686-linux-android/24/crtbegin_dynamic.o -L/usr/local/lib/android/sdk/ndk/27.3.13750724/toolchains/llvm/prebuilt/linux-x86_64/lib/clang/18/lib/linux/i386 -L/usr/local/lib/android/sdk/ndk/27.3.13750724/toolchains/llvm/prebuilt/linux-x86_64/sysroot/usr/lib/i686-linux-android/24 -L/usr/local/lib/android/sdk/ndk/27.3.13750724/toolchains/llvm/prebuilt/linux-x86_64/sysroot/usr/lib/i686-linux-android -L/usr/local/lib/android/sdk/ndk/27.3.13750724/toolchains/llvm/prebuilt/linux-x86_64/sysroot/usr/lib --build-id=sha1 --no-rosegment --no-undefined-version --fatal-warnings --no-undefined CMakeFiles/cmTC_48463.dir/CMakeCCompilerABI.c.o /usr/local/lib/android/sdk/ndk/27.3.13750724/toolchains/llvm/prebuilt/linux-x86_64/lib/clang/18/lib/linux/libclang_rt.builtins-i686-android.a -l:libunwind.a -ldl -lc /usr/local/lib/android/sdk/ndk/27.3.13750724/toolchains/llvm/prebuilt/linux-x86_64/lib/clang/18/lib/linux/libclang_rt.builtins-i686-android.a -l:libunwind.a -ldl /usr/local/lib/android/sdk/ndk/27.3.13750724/toolchains/llvm/prebuilt/linux-x86_64/sysroot/usr/lib/i686-linux-android/24/crtend_android.o]
    arg [/usr/local/lib/android/sdk/ndk/27.3.13750724/toolchains/llvm/prebuilt/linux-x86_64/bin/ld.lld] ==> ignore
    arg [--sysroot=/usr/local/lib/android/sdk/ndk/27.3.13750724/toolchains/llvm/prebuilt/linux-x86_64/sysroot] ==> ignore
    arg [-znow] ==> ignore
    arg [-zrelro] ==> ignore
    arg [--hash-style=gnu] ==> ignore
    arg [--eh-frame-hdr] ==> ignore
    arg [-m] ==> ignore
    arg [elf_i386] ==> ignore
    arg [-pie] ==> ignore
    arg [-dynamic-linker] ==> ignore
    arg [/system/bin/linker] ==> ignore
    arg [-o] ==> ignore
    arg [cmTC_48463] ==> ignore
    arg [/usr/local/lib/android/sdk/ndk/27.3.13750724/toolchains/llvm/prebuilt/linux-x86_64/sysroot/usr/lib/i686-linux-android/24/crtbegin_dynamic.o] ==> obj [/usr/local/lib/android/sdk/ndk/27.3.13750724/toolchains/llvm/prebuilt/linux-x86_64/sysroot/usr/lib/i686-linux-android/24/crtbegin_dynamic.o]
    arg [-L/usr/local/lib/android/sdk/ndk/27.3.13750724/toolchains/llvm/prebuilt/linux-x86_64/lib/clang/18/lib/linux/i386] ==> dir [/usr/local/lib/android/sdk/ndk/27.3.13750724/toolchains/llvm/prebuilt/linux-x86_64/lib/clang/18/lib/linux/i386]
    arg [-L/usr/local/lib/android/sdk/ndk/27.3.13750724/toolchains/llvm/prebuilt/linux-x86_64/sysroot/usr/lib/i686-linux-android/24] ==> dir [/usr/local/lib/android/sdk/ndk/27.3.13750724/toolchains/llvm/prebuilt/linux-x86_64/sysroot/usr/lib/i686-linux-android/24]
    arg [-L/usr/local/lib/android/sdk/ndk/27.3.13750724/toolchains/llvm/prebuilt/linux-x86_64/sysroot/usr/lib/i686-linux-android] ==> dir [/usr/local/lib/android/sdk/ndk/27.3.13750724/toolchains/llvm/prebuilt/linux-x86_64/sysroot/usr/lib/i686-linux-android]
    arg [-L/usr/local/lib/android/sdk/ndk/27.3.13750724/toolchains/llvm/prebuilt/linux-x86_64/sysroot/usr/lib] ==> dir [/usr/local/lib/android/sdk/ndk/27.3.13750724/toolchains/llvm/prebuilt/linux-x86_64/sysroot/usr/lib]
    arg [--build-id=sha1] ==> ignore
    arg [--no-rosegment] ==> ignore
    arg [--no-undefined-version] ==> ignore
    arg [--fatal-warnings] ==> ignore
    arg [--no-undefined] ==> ignore
    arg [CMakeFiles/cmTC_48463.dir/CMakeCCompilerABI.c.o] ==> ignore
    arg [/usr/local/lib/android/sdk/ndk/27.3.13750724/toolchains/llvm/prebuilt/linux-x86_64/lib/clang/18/lib/linux/libclang_rt.builtins-i686-android.a] ==> lib [/usr/local/lib/android/sdk/ndk/27.3.13750724/toolchains/llvm/prebuilt/linux-x86_64/lib/clang/18/lib/linux/libclang_rt.builtins-i686-android.a]
    arg [-l:libunwind.a] ==> lib [-l:libunwind.a]
    arg [-ldl] ==> lib [dl]
    arg [-lc] ==> lib [c]
    arg [/usr/local/lib/android/sdk/ndk/27.3.13750724/toolchains/llvm/prebuilt/linux-x86_64/lib/clang/18/lib/linux/libclang_rt.builtins-i686-android.a] ==> lib [/usr/local/lib/android/sdk/ndk/27.3.13750724/toolchains/llvm/prebuilt/linux-x86_64/lib/clang/18/lib/linux/libclang_rt.builtins-i686-android.a]
    arg [-l:libunwind.a] ==> lib [-l:libunwind.a]
    arg [-ldl] ==> lib [dl]
    arg [/usr/local/lib/android/sdk/ndk/27.3.13750724/toolchains/llvm/prebuilt/linux-x86_64/sysroot/usr/lib/i686-linux-android/24/crtend_android.o] ==> obj [/usr/local/lib/android/sdk/ndk/27.3.13750724/toolchains/llvm/prebuilt/linux-x86_64/sysroot/usr/lib/i686-linux-android/24/crtend_android.o]
  remove lib [/usr/local/lib/android/sdk/ndk/27.3.13750724/toolchains/llvm/prebuilt/linux-x86_64/lib/clang/18/lib/linux/libclang_rt.builtins-i686-android.a]
  remove lib [/usr/local/lib/android/sdk/ndk/27.3.13750724/toolchains/llvm/prebuilt/linux-x86_64/lib/clang/18/lib/linux/libclang_rt.builtins-i686-android.a]
  collapse library dir [/usr/local/lib/android/sdk/ndk/27.3.13750724/toolchains/llvm/prebuilt/linux-x86_64/lib/clang/18/lib/linux/i386] ==> [/usr/local/lib/android/sdk/ndk/27.3.13750724/toolchains/llvm/prebuilt/linux-x86_64/lib/clang/18/lib/linux/i386]
  collapse library dir [/usr/local/lib/android/sdk/ndk/27.3.13750724/toolchains/llvm/prebuilt/linux-x86_64/sysroot/usr/lib/i686-linux-android/24] ==> [/usr/local/lib/android/sdk/ndk/27.3.13750724/toolchains/llvm/prebuilt/linux-x86_64/sysroot/usr/lib/i686-linux-android/24]
  collapse library dir [/usr/local/lib/android/sdk/ndk/27.3.13750724/toolchains/llvm/prebuilt/linux-x86_64/sysroot/usr/lib/i686-linux-android] ==> [/usr/local/lib/android/sdk/ndk/27.3.13750724/toolchains/llvm/prebuilt/linux-x86_64/sysroot/usr/lib/i686-linux-android]
  collapse library dir [/usr/local/lib/android/sdk/ndk/27.3.13750724/toolchains/llvm/prebuilt/linux-x86_64/sysroot/usr/lib] ==> [/usr/local/lib/android/sdk/ndk/27.3.13750724/toolchains/llvm/prebuilt/linux-x86_64/sysroot/usr/lib]
  implicit libs: [-l:libunwind.a;dl;c;-l:libunwind.a;dl]
  implicit objs: [/usr/local/lib/android/sdk/ndk/27.3.13750724/toolchains/llvm/prebuilt/linux-x86_64/sysroot/usr/lib/i686-linux-android/24/crtbegin_dynamic.o;/usr/local/lib/android/sdk/ndk/27.3.13750724/toolchains/llvm/prebuilt/linux-x86_64/sysroot/usr/lib/i686-linux-android/24/crtend_android.o]
  implicit dirs: [/usr/local/lib/android/sdk/ndk/27.3.13750724/toolchains/llvm/prebuilt/linux-x86_64/lib/clang/18/lib/linux/i386;/usr/local/lib/android/sdk/ndk/27.3.13750724/toolchains/llvm/prebuilt/linux-x86_64/sysroot/usr/lib/i686-linux-android/24;/usr/local/lib/android/sdk/ndk/27.3.13750724/toolchains/llvm/prebuilt/linux-x86_64/sysroot/usr/lib/i686-linux-android;/usr/local/lib/android/sdk/ndk/27.3.13750724/toolchains/llvm/prebuilt/linux-x86_64/sysroot/usr/lib]
  implicit fwks: []


Detecting CXX compiler ABI info compiled with the following output:
Change Dir: /home/runner/work/CroMagRally-Android/CroMagRally-Android/android/app/.cxx/Debug/h3k1i6w1/x86/CMakeFiles/CMakeTmp

Run Build Command(s):/usr/local/lib/android/sdk/cmake/3.22.1/bin/ninja cmTC_22b0f && [1/2] Building CXX object CMakeFiles/cmTC_22b0f.dir/CMakeCXXCompilerABI.cpp.o
Android (13691557, +pgo, +bolt, +lto, +mlgo, based on r522817d) clang version 18.0.4 (https://android.googlesource.com/toolchain/llvm-project d8003a456d14a3deb8054cdaa529ffbf02d9b262)
Target: i686-none-linux-android24
Thread model: posix
InstalledDir: /usr/local/lib/android/sdk/ndk/27.3.13750724/toolchains/llvm/prebuilt/linux-x86_64/bin
 (in-process)
 "/usr/local/lib/android/sdk/ndk/27.3.13750724/toolchains/llvm/prebuilt/linux-x86_64/bin/clang++" -cc1 -triple i686-none-linux-android24 -emit-obj -mrelax-all -disable-free -clear-ast-before-backend -disable-llvm-verifier -discard-value-names -main-file-name CMakeCXXCompilerABI.cpp -mrelocation-model pic -pic-level 2 -pic-is-pie -mframe-pointer=all -ffp-contract=on -fno-rounding-math -mconstructor-aliases -funwind-tables=2 -target-cpu i686 -target-feature +ssse3 -tune-cpu generic -debug-info-kind=constructor -dwarf-version=4 -debugger-tuning=gdb -fdebug-compilation-dir=/home/runner/work/CroMagRally-Android/CroMagRally-Android/android/app/.cxx/Debug/h3k1i6w1/x86/CMakeFiles/CMakeTmp -v -ffunction-sections -fdata-sections -fcoverage-compilation-dir=/home/runner/work/CroMagRally-Android/CroMagRally-Android/android/app/.cxx/Debug/h3k1i6w1/x86/CMakeFiles/CMakeTmp -resource-dir /usr/local/lib/android/sdk/ndk/27.3.13750724/toolchains/llvm/prebuilt/linux-x86_64/lib/clang/18 -dependency-file CMakeFiles/cmTC_22b0f.dir/CMakeCXXCompilerABI.cpp.o.d -MT CMakeFiles/cmTC_22b0f.dir/CMakeCXXCompilerABI.cpp.o -sys-header-deps -D ANDROID -D _FORTIFY_SOURCE=2 -isysroot /usr/local/lib/android/sdk/ndk/27.3.13750724/toolchains/llvm/prebuilt/linux-x86_64/sysroot -internal-isystem /usr/local/lib/android/sdk/ndk/27.3.13750724/toolchains/llvm/prebuilt/linux-x86_64/sysroot/usr/include/c++/v1 -internal-isystem /usr/local/lib/android/sdk/ndk/27.3.13750724/toolchains/llvm/prebuilt/linux-x86_64/lib/clang/18/include -internal-isystem /usr/local/lib/android/sdk/ndk/27.3.13750724/toolchains/llvm/prebuilt/linux-x86_64/sysroot/usr/local/include -internal-externc-isystem /usr/local/lib/android/sdk/ndk/27.3.13750724/toolchains/llvm/prebuilt/linux-x86_64/sysroot/usr/include/i686-linux-android -internal-externc-isystem /usr/local/lib/android/sdk/ndk/27.3.13750724/toolchains/llvm/prebuilt/linux-x86_64/sysroot/include -internal-externc-isystem /usr/local/lib/android/sdk/ndk/27.3.13750724/toolchains/llvm/prebuilt/linux-x86_64/sysroot/usr/include -Wformat -std=gnu++20 -fdeprecated-macro -ferror-limit 19 -femulated-tls -stack-protector 2 -fgnuc-version=4.2.1 -fno-implicit-modules -fcxx-exceptions -fexceptions -D__GCC_HAVE_DWARF2_CFI_ASM=1 -o CMakeFiles/cmTC_22b0f.dir/CMakeCXXCompilerABI.cpp.o -x c++ /usr/local/lib/android/sdk/cmake/3.22.1/share/cmake-3.22/Modules/CMakeCXXCompilerABI.cpp
clang -cc1 version 18.0.4 based upon LLVM 18.0.4 default target x86_64-unknown-linux-gnu
ignoring nonexistent directory "/usr/local/lib/android/sdk/ndk/27.3.13750724/toolchains/llvm/prebuilt/linux-x86_64/sysroot/usr/local/include"
ignoring nonexistent directory "/usr/local/lib/android/sdk/ndk/27.3.13750724/toolchains/llvm/prebuilt/linux-x86_64/sysroot/include"
#include "..." search starts here:
#include <...> search starts here:
 /usr/local/lib/android/sdk/ndk/27.3.13750724/toolchains/llvm/prebuilt/linux-x86_64/sysroot/usr/include/c++/v1
 /usr/local/lib/android/sdk/ndk/27.3.13750724/toolchains/llvm/prebuilt/linux-x86_64/lib/clang/18/include
 /usr/local/lib/android/sdk/ndk/27.3.13750724/toolchains/llvm/prebuilt/linux-x86_64/sysroot/usr/include/i686-linux-android
 /usr/local/lib/android/sdk/ndk/27.3.13750724/toolchains/llvm/prebuilt/linux-x86_64/sysroot/usr/include
End of search list.
[2/2] Linking CXX executable cmTC_22b0f
Android (13691557, +pgo, +bolt, +lto, +mlgo, based on r522817d) clang version 18.0.4 (https://android.googlesource.com/toolchain/llvm-project d8003a456d14a3deb8054cdaa529ffbf02d9b262)
Target: i686-none-linux-android24
Thread model: posix
InstalledDir: /usr/local/lib/android/sdk/ndk/27.3.13750724/toolchains/llvm/prebuilt/linux-x86_64/bin
 "/usr/local/lib/android/sdk/ndk/27.3.13750724/toolchains/llvm/prebuilt/linux-x86_64/bin/ld.lld" --sysroot=/usr/local/lib/android/sdk/ndk/27.3.13750724/toolchains/llvm/prebuilt/linux-x86_64/sysroot -z now -z relro --hash-style=gnu --eh-frame-hdr -m elf_i386 -pie -dynamic-linker /system/bin/linker -o cmTC_22b0f /usr/local/lib/android/sdk/ndk/27.3.13750724/toolchains/llvm/prebuilt/linux-x86_64/sysroot/usr/lib/i686-linux-android/24/crtbegin_dynamic.o -L/usr/local/lib/android/sdk/ndk/27.3.13750724/toolchains/llvm/prebuilt/linux-x86_64/lib/clang/18/lib/linux/i386 -L/usr/local/lib/android/sdk/ndk/27.3.13750724/toolchains/llvm/prebuilt/linux-x86_64/sysroot/usr/lib/i686-linux-android/24 -L/usr/local/lib/android/sdk/ndk/27.3.13750724/toolchains/llvm/prebuilt/linux-x86_64/sysroot/usr/lib/i686-linux-android -L/usr/local/lib/android/sdk/ndk/27.3.13750724/toolchains/llvm/prebuilt/linux-x86_64/sysroot/usr/lib --build-id=sha1 --no-rosegment --no-undefined-version --fatal-warnings --no-undefined CMakeFiles/cmTC_22b0f.dir/CMakeCXXCompilerABI.cpp.o -lc++ -lm /usr/local/lib/android/sdk/ndk/27.3.13750724/toolchains/llvm/prebuilt/linux-x86_64/lib/clang/18/lib/linux/libclang_rt.builtins-i686-android.a -l:libunwind.a -ldl -lc /usr/local/lib/android/sdk/ndk/27.3.13750724/toolchains/llvm/prebuilt/linux-x86_64/lib/clang/18/lib/linux/libclang_rt.builtins-i686-android.a -l:libunwind.a -ldl /usr/local/lib/android/sdk/ndk/27.3.13750724/toolchains/llvm/prebuilt/linux-x86_64/sysroot/usr/lib/i686-linux-android/24/crtend_android.o



Parsed CXX implicit include dir info from above output: rv=done
  found start of include info
  found start of implicit include info
    add: [/usr/local/lib/android/sdk/ndk/27.3.13750724/toolchains/llvm/prebuilt/linux-x86_64/sysroot/usr/include/c++/v1]
    add: [/usr/local/lib/android/sdk/ndk/27.3.13750724/toolchains/llvm/prebuilt/linux-x86_64/lib/clang/18/include]
    add: [/usr/local/lib/android/sdk/ndk/27.3.13750724/toolchains/llvm/prebuilt/linux-x86_64/sysroot/usr/include/i686-linux-android]
    add: [/usr/local/lib/android/sdk/ndk/27.3.13750724/toolchains/llvm/prebuilt/linux-x86_64/sysroot/usr/include]
  end of search list found
  collapse include dir [/usr/local/lib/android/sdk/ndk/27.3.13750724/toolchains/llvm/prebuilt/linux-x86_64/sysroot/usr/include/c++/v1] ==> [/usr/local/lib/android/sdk/ndk/27.3.13750724/toolchains/llvm/prebuilt/linux-x86_64/sysroot/usr/include/c++/v1]
  collapse include dir [/usr/local/lib/android/sdk/ndk/27.3.13750724/toolchains/llvm/prebuilt/linux-x86_64/lib/clang/18/include] ==> [/usr/local/lib/android/sdk/ndk/27.3.13750724/toolchains/llvm/prebuilt/linux-x86_64/lib/clang/18/include]
  collapse include dir [/usr/local/lib/android/sdk/ndk/27.3.13750724/toolchains/llvm/prebuilt/linux-x86_64/sysroot/usr/include/i686-linux-android] ==> [/usr/local/lib/android/sdk/ndk/27.3.13750724/toolchains/llvm/prebuilt/linux-x86_64/sysroot/usr/include/i686-linux-android]
  collapse include dir [/usr/local/lib/android/sdk/ndk/27.3.13750724/toolchains/llvm/prebuilt/linux-x86_64/sysroot/usr/include] ==> [/usr/local/lib/android/sdk/ndk/27.3.13750724/toolchains/llvm/prebuilt/linux-x86_64/sysroot/usr/include]
  implicit include dirs: [/usr/local/lib/android/sdk/ndk/27.3.13750724/toolchains/llvm/prebuilt/linux-x86_64/sysroot/usr/include/c++/v1;/usr/local/lib/android/sdk/ndk/27.3.13750724/toolchains/llvm/prebuilt/linux-x86_64/lib/clang/18/include;/usr/local/lib/android/sdk/ndk/27.3.13750724/toolchains/llvm/prebuilt/linux-x86_64/sysroot/usr/include/i686-linux-android;/usr/local/lib/android/sdk/ndk/27.3.13750724/toolchains/llvm/prebuilt/linux-x86_64/sysroot/usr/include]


Parsed CXX implicit link information from above output:
  link line regex: [^( *|.*[/\])(ld\.lld|CMAKE_LINK_STARTFILE-NOTFOUND|([^/\]+-)?ld|collect2)[^/\]*( |$)]
  ignore line: [Change Dir: /home/runner/work/CroMagRally-Android/CroMagRally-Android/android/app/.cxx/Debug/h3k1i6w1/x86/CMakeFiles/CMakeTmp]
  ignore line: []
  ignore line: [Run Build Command(s):/usr/local/lib/android/sdk/cmake/3.22.1/bin/ninja cmTC_22b0f && [1/2] Building CXX object CMakeFiles/cmTC_22b0f.dir/CMakeCXXCompilerABI.cpp.o]
  ignore line: [Android (13691557  +pgo  +bolt  +lto  +mlgo  based on r522817d) clang version 18.0.4 (https://android.googlesource.com/toolchain/llvm-project d8003a456d14a3deb8054cdaa529ffbf02d9b262)]
  ignore line: [Target: i686-none-linux-android24]
  ignore line: [Thread model: posix]
  ignore line: [InstalledDir: /usr/local/lib/android/sdk/ndk/27.3.13750724/toolchains/llvm/prebuilt/linux-x86_64/bin]
  ignore line: [ (in-process)]
  ignore line: [ "/usr/local/lib/android/sdk/ndk/27.3.13750724/toolchains/llvm/prebuilt/linux-x86_64/bin/clang++" -cc1 -triple i686-none-linux-android24 -emit-obj -mrelax-all -disable-free -clear-ast-before-backend -disable-llvm-verifier -discard-value-names -main-file-name CMakeCXXCompilerABI.cpp -mrelocation-model pic -pic-level 2 -pic-is-pie -mframe-pointer=all -ffp-contract=on -fno-rounding-math -mconstructor-aliases -funwind-tables=2 -target-cpu i686 -target-feature +ssse3 -tune-cpu generic -debug-info-kind=constructor -dwarf-version=4 -debugger-tuning=gdb -fdebug-compilation-dir=/home/runner/work/CroMagRally-Android/CroMagRally-Android/android/app/.cxx/Debug/h3k1i6w1/x86/CMakeFiles/CMakeTmp -v -ffunction-sections -fdata-sections -fcoverage-compilation-dir=/home/runner/work/CroMagRally-Android/CroMagRally-Android/android/app/.cxx/Debug/h3k1i6w1/x86/CMakeFiles/CMakeTmp -resource-dir /usr/local/lib/android/sdk/ndk/27.3.13750724/toolchains/llvm/prebuilt/linux-x86_64/lib/clang/18 -dependency-file CMakeFiles/cmTC_22b0f.dir/CMakeCXXCompilerABI.cpp.o.d -MT CMakeFiles/cmTC_22b0f.dir/CMakeCXXCompilerABI.cpp.o -sys-header-deps -D ANDROID -D _FORTIFY_SOURCE=2 -isysroot /usr/local/lib/android/sdk/ndk/27.3.13750724/toolchains/llvm/prebuilt/linux-x86_64/sysroot -internal-isystem /usr/local/lib/android/sdk/ndk/27.3.13750724/toolchains/llvm/prebuilt/linux-x86_64/sysroot/usr/include/c++/v1 -internal-isystem /usr/local/lib/android/sdk/ndk/27.3.13750724/toolchains/llvm/prebuilt/linux-x86_64/lib/clang/18/include -internal-isystem /usr/local/lib/android/sdk/ndk/27.3.13750724/toolchains/llvm/prebuilt/linux-x86_64/sysroot/usr/local/include -internal-externc-isystem /usr/local/lib/android/sdk/ndk/27.3.13750724/toolchains/llvm/prebuilt/linux-x86_64/sysroot/usr/include/i686-linux-android -internal-externc-isystem /usr/local/lib/android/sdk/ndk/27.3.13750724/toolchains/llvm/prebuilt/linux-x86_64/sysroot/include -internal-externc-isystem /usr/local/lib/android/sdk/ndk/27.3.13750724/toolchains/llvm/prebuilt/linux-x86_64/sysroot/usr/include -Wformat -std=gnu++20 -fdeprecated-macro -ferror-limit 19 -femulated-tls -stack-protector 2 -fgnuc-version=4.2.1 -fno-implicit-modules -fcxx-exceptions -fexceptions -D__GCC_HAVE_DWARF2_CFI_ASM=1 -o CMakeFiles/cmTC_22b0f.dir/CMakeCXXCompilerABI.cpp.o -x c++ /usr/local/lib/android/sdk/cmake/3.22.1/share/cmake-3.22/Modules/CMakeCXXCompilerABI.cpp]
  ignore line: [clang -cc1 version 18.0.4 based upon LLVM 18.0.4 default target x86_64-unknown-linux-gnu]
  ignore line: [ignoring nonexistent directory "/usr/local/lib/android/sdk/ndk/27.3.13750724/toolchains/llvm/prebuilt/linux-x86_64/sysroot/usr/local/include"]
  ignore line: [ignoring nonexistent directory "/usr/local/lib/android/sdk/ndk/27.3.13750724/toolchains/llvm/prebuilt/linux-x86_64/sysroot/include"]
  ignore line: [#include "..." search starts here:]
  ignore line: [#include <...> search starts here:]
  ignore line: [ /usr/local/lib/android/sdk/ndk/27.3.13750724/toolchains/llvm/prebuilt/linux-x86_64/sysroot/usr/include/c++/v1]
  ignore line: [ /usr/local/lib/android/sdk/ndk/27.3.13750724/toolchains/llvm/prebuilt/linux-x86_64/lib/clang/18/include]
  ignore line: [ /usr/local/lib/android/sdk/ndk/27.3.13750724/toolchains/llvm/prebuilt/linux-x86_64/sysroot/usr/include/i686-linux-android]
  ignore line: [ /usr/local/lib/android/sdk/ndk/27.3.13750724/toolchains/llvm/prebuilt/linux-x86_64/sysroot/usr/include]
  ignore line: [End of search list.]
  ignore line: [[2/2] Linking CXX executable cmTC_22b0f]
  ignore line: [Android (13691557  +pgo  +bolt  +lto  +mlgo  based on r522817d) clang version 18.0.4 (https://android.googlesource.com/toolchain/llvm-project d8003a456d14a3deb8054cdaa529ffbf02d9b262)]
  ignore line: [Target: i686-none-linux-android24]
  ignore line: [Thread model: posix]
  ignore line: [InstalledDir: /usr/local/lib/android/sdk/ndk/27.3.13750724/toolchains/llvm/prebuilt/linux-x86_64/bin]
  link line: [ "/usr/local/lib/android/sdk/ndk/27.3.13750724/toolchains/llvm/prebuilt/linux-x86_64/bin/ld.lld" --sysroot=/usr/local/lib/android/sdk/ndk/27.3.13750724/toolchains/llvm/prebuilt/linux-x86_64/sysroot -z now -z relro --hash-style=gnu --eh-frame-hdr -m elf_i386 -pie -dynamic-linker /system/bin/linker -o cmTC_22b0f /usr/local/lib/android/sdk/ndk/27.3.13750724/toolchains/llvm/prebuilt/linux-x86_64/sysroot/usr/lib/i686-linux-android/24/crtbegin_dynamic.o -L/usr/local/lib/android/sdk/ndk/27.3.13750724/toolchains/llvm/prebuilt/linux-x86_64/lib/clang/18/lib/linux/i386 -L/usr/local/lib/android/sdk/ndk/27.3.13750724/toolchains/llvm/prebuilt/linux-x86_64/sysroot/usr/lib/i686-linux-android/24 -L/usr/local/lib/android/sdk/ndk/27.3.13750724/toolchains/llvm/prebuilt/linux-x86_64/sysroot/usr/lib/i686-linux-android -L/usr/local/lib/android/sdk/ndk/27.3.13750724/toolchains/llvm/prebuilt/linux-x86_64/sysroot/usr/lib --build-id=sha1 --no-rosegment --no-undefined-version --fatal-warnings --no-undefined CMakeFiles/cmTC_22b0f.dir/CMakeCXXCompilerABI.cpp.o -lc++ -lm /usr/local/lib/android/sdk/ndk/27.3.13750724/toolchains/llvm/prebuilt/linux-x86_64/lib/clang/18/lib/linux/libclang_rt.builtins-i686-android.a -l:libunwind.a -ldl -lc /usr/local/lib/android/sdk/ndk/27.3.13750724/toolchains/llvm/prebuilt/linux-x86_64/lib/clang/18/lib/linux/libclang_rt.builtins-i686-android.a -l:libunwind.a -ldl /usr/local/lib/android/sdk/ndk/27.3.13750724/toolchains/llvm/prebuilt/linux-x86_64/sysroot/usr/lib/i686-linux-android/24/crtend_android.o]
    arg [/usr/local/lib/android/sdk/ndk/27.3.13750724/toolchains/llvm/prebuilt/linux-x86_64/bin/ld.lld] ==> ignore
    arg [--sysroot=/usr/local/lib/android/sdk/ndk/27.3.13750724/toolchains/llvm/prebuilt/linux-x86_64/sysroot] ==> ignore
    arg [-znow] ==> ignore
    arg [-zrelro] ==> ignore
    arg [--hash-style=gnu] ==> ignore
    arg [--eh-frame-hdr] ==> ignore
    arg [-m] ==> ignore
    arg [elf_i386] ==> ignore
    arg [-pie] ==> ignore
    arg [-dynamic-linker] ==> ignore
    arg [/system/bin/linker] ==> ignore
    arg [-o] ==> ignore
    arg [cmTC_22b0f] ==> ignore
    arg [/usr/local/lib/android/sdk/ndk/27.3.13750724/toolchains/llvm/prebuilt/linux-x86_64/sysroot/usr/lib/i686-linux-android/24/crtbegin_dynamic.o] ==> obj [/usr/local/lib/android/sdk/ndk/27.3.13750724/toolchains/llvm/prebuilt/linux-x86_64/sysroot/usr/lib/i686-linux-android/24/crtbegin_dynamic.o]
    arg [-L/usr/local/lib/android/sdk/ndk/27.3.13750724/toolchains/llvm/prebuilt/linux-x86_64/lib/clang/18/lib/linux/i386] ==> dir [/usr/local/lib/android/sdk/ndk/27.3.13750724/toolchains/llvm/prebuilt/linux-x86_64/lib/clang/18/lib/linux/i386]
    arg [-L/usr/local/lib/android/sdk/ndk/27.3.13750724/toolchains/llvm/prebuilt/linux-x86_64/sysroot/usr/lib/i686-linux-android/24] ==> dir [/usr/local/lib/android/sdk/ndk/27.3.13750724/toolchains/llvm/prebuilt/linux-x86_64/sysroot/usr/lib/i686-linux-android/24]
    arg [-L/usr/local/lib/android/sdk/ndk/27.3.13750724/toolchains/llvm/prebuilt/linux-x86_64/sysroot/usr/lib/i686-linux-android] ==> dir [/usr/local/lib/android/sdk/ndk/27.3.13750724/toolchains/llvm/prebuilt/linux-x86_64/sysroot/usr/lib/i686-linux-android]
    arg [-L/usr/local/lib/android/sdk/ndk/27.3.13750724/toolchains/llvm/prebuilt/linux-x86_64/sysroot/usr/lib] ==> dir [/usr/local/lib/android/sdk/ndk/27.3.13750724/toolchains/llvm/prebuilt/linux-x86_64/sysroot/usr/lib]
    arg [--build-id=sha1] ==> ignore
    arg [--no-rosegment] ==> ignore
    arg [--no-undefined-version] ==> ignore
    arg [--fatal-warnings] ==> ignore
    arg [--no-undefined] ==> ignore
    arg [CMakeFiles/cmTC_22b0f.dir/CMakeCXXCompilerABI.cpp.o] ==> ignore
    arg [-lc++] ==> lib [c++]
    arg [-lm] ==> lib [m]
    arg [/usr/local/lib/android/sdk/ndk/27.3.13750724/toolchains/llvm/prebuilt/linux-x86_64/lib/clang/18/lib/linux/libclang_rt.builtins-i686-android.a] ==> lib [/usr/local/lib/android/sdk/ndk/27.3.13750724/toolchains/llvm/prebuilt/linux-x86_64/lib/clang/18/lib/linux/libclang_rt.builtins-i686-android.a]
    arg [-l:libunwind.a] ==> lib [-l:libunwind.a]
    arg [-ldl] ==> lib [dl]
    arg [-lc] ==> lib [c]
    arg [/usr/local/lib/android/sdk/ndk/27.3.13750724/toolchains/llvm/prebuilt/linux-x86_64/lib/clang/18/lib/linux/libclang_rt.builtins-i686-android.a] ==> lib [/usr/local/lib/android/sdk/ndk/27.3.13750724/toolchains/llvm/prebuilt/linux-x86_64/lib/clang/18/lib/linux/libclang_rt.builtins-i686-android.a]
    arg [-l:libunwind.a] ==> lib [-l:libunwind.a]
    arg [-ldl] ==> lib [dl]
    arg [/usr/local/lib/android/sdk/ndk/27.3.13750724/toolchains/llvm/prebuilt/linux-x86_64/sysroot/usr/lib/i686-linux-android/24/crtend_android.o] ==> obj [/usr/local/lib/android/sdk/ndk/27.3.13750724/toolchains/llvm/prebuilt/linux-x86_64/sysroot/usr/lib/i686-linux-android/24/crtend_android.o]
  remove lib [/usr/local/lib/android/sdk/ndk/27.3.13750724/toolchains/llvm/prebuilt/linux-x86_64/lib/clang/18/lib/linux/libclang_rt.builtins-i686-android.a]
  remove lib [/usr/local/lib/android/sdk/ndk/27.3.13750724/toolchains/llvm/prebuilt/linux-x86_64/lib/clang/18/lib/linux/libclang_rt.builtins-i686-android.a]
  collapse library dir [/usr/local/lib/android/sdk/ndk/27.3.13750724/toolchains/llvm/prebuilt/linux-x86_64/lib/clang/18/lib/linux/i386] ==> [/usr/local/lib/android/sdk/ndk/27.3.13750724/toolchains/llvm/prebuilt/linux-x86_64/lib/clang/18/lib/linux/i386]
  collapse library dir [/usr/local/lib/android/sdk/ndk/27.3.13750724/toolchains/llvm/prebuilt/linux-x86_64/sysroot/usr/lib/i686-linux-android/24] ==> [/usr/local/lib/android/sdk/ndk/27.3.13750724/toolchains/llvm/prebuilt/linux-x86_64/sysroot/usr/lib/i686-linux-android/24]
  collapse library dir [/usr/local/lib/android/sdk/ndk/27.3.13750724/toolchains/llvm/prebuilt/linux-x86_64/sysroot/usr/lib/i686-linux-android] ==> [/usr/local/lib/android/sdk/ndk/27.3.13750724/toolchains/llvm/prebuilt/linux-x86_64/sysroot/usr/lib/i686-linux-android]
  collapse library dir [/usr/local/lib/android/sdk/ndk/27.3.13750724/toolchains/llvm/prebuilt/linux-x86_64/sysroot/usr/lib] ==> [/usr/local/lib/android/sdk/ndk/27.3.13750724/toolchains/llvm/prebuilt/linux-x86_64/sysroot/usr/lib]
  implicit libs: [c++;m;-l:libunwind.a;dl;c;-l:libunwind.a;dl]
  implicit objs: [/usr/local/lib/android/sdk/ndk/27.3.13750724/toolchains/llvm/prebuilt/linux-x86_64/sysroot/usr/lib/i686-linux-android/24/crtbegin_dynamic.o;/usr/local/lib/android/sdk/ndk/27.3.13750724/toolchains/llvm/prebuilt/linux-x86_64/sysroot/usr/lib/i686-linux-android/24/crtend_android.o]
  implicit dirs: [/usr/local/lib/android/sdk/ndk/27.3.13750724/toolchains/llvm/prebuilt/linux-x86_64/lib/clang/18/lib/linux/i386;/usr/local/lib/android/sdk/ndk/27.3.13750724/toolchains/llvm/prebuilt/linux-x86_64/sysroot/usr/lib/i686-linux-android/24;/usr/local/lib/android/sdk/ndk/27.3.13750724/toolchains/llvm/prebuilt/linux-x86_64/sysroot/usr/lib/i686-linux-android;/usr/local/lib/android/sdk/ndk/27.3.13750724/toolchains/llvm/prebuilt/linux-x86_64/sysroot/usr/lib]
  implicit fwks: []


Performing C SOURCE FILE Test HAVE_GCC_WALL succeeded with the following output:
Change Dir: /home/runner/work/CroMagRally-Android/CroMagRally-Android/android/app/.cxx/Debug/h3k1i6w1/x86/CMakeFiles/CMakeTmp

Run Build Command(s):/usr/local/lib/android/sdk/cmake/3.22.1/bin/ninja cmTC_b88e3 && [1/2] Building C object CMakeFiles/cmTC_b88e3.dir/src.c.o
[2/2] Linking C executable cmTC_b88e3


Source file was:
int main(void) { return 0; }
Performing C SOURCE FILE Test HAVE_GCC_WUNDEF succeeded with the following output:
Change Dir: /home/runner/work/CroMagRally-Android/CroMagRally-Android/android/app/.cxx/Debug/h3k1i6w1/x86/CMakeFiles/CMakeTmp

Run Build Command(s):/usr/local/lib/android/sdk/cmake/3.22.1/bin/ninja cmTC_20c52 && [1/2] Building C object CMakeFiles/cmTC_20c52.dir/src.c.o
[2/2] Linking C executable cmTC_20c52


Source file was:
int main(void) { return 0; }
Performing C SOURCE FILE Test HAVE_GCC_WFLOAT_CONVERSION succeeded with the following output:
Change Dir: /home/runner/work/CroMagRally-Android/CroMagRally-Android/android/app/.cxx/Debug/h3k1i6w1/x86/CMakeFiles/CMakeTmp

Run Build Command(s):/usr/local/lib/android/sdk/cmake/3.22.1/bin/ninja cmTC_589eb && [1/2] Building C object CMakeFiles/cmTC_589eb.dir/src.c.o
[2/2] Linking C executable cmTC_589eb


Source file was:
int main(void) { return 0; }
Performing C SOURCE FILE Test HAVE_GCC_NO_STRICT_ALIASING succeeded with the following output:
Change Dir: /home/runner/work/CroMagRally-Android/CroMagRally-Android/android/app/.cxx/Debug/h3k1i6w1/x86/CMakeFiles/CMakeTmp

Run Build Command(s):/usr/local/lib/android/sdk/cmake/3.22.1/bin/ninja cmTC_1ed28 && [1/2] Building C object CMakeFiles/cmTC_1ed28.dir/src.c.o
[2/2] Linking C executable cmTC_1ed28


Source file was:
int main(void) { return 0; }
Performing C SOURCE FILE Test HAVE_GCC_WDOCUMENTATION succeeded with the following output:
Change Dir: /home/runner/work/CroMagRally-Android/CroMagRally-Android/android/app/.cxx/Debug/h3k1i6w1/x86/CMakeFiles/CMakeTmp

Run Build Command(s):/usr/local/lib/android/sdk/cmake/3.22.1/bin/ninja cmTC_ad5d5 && [1/2] Building C object CMakeFiles/cmTC_ad5d5.dir/src.c.o
[2/2] Linking C executable cmTC_ad5d5


Source file was:
int main(void) { return 0; }
Performing C SOURCE FILE Test HAVE_GCC_WDOCUMENTATION_UNKNOWN_COMMAND succeeded with the following output:
Change Dir: /home/runner/work/CroMagRally-Android/CroMagRally-Android/android/app/.cxx/Debug/h3k1i6w1/x86/CMakeFiles/CMakeTmp

Run Build Command(s):/usr/local/lib/android/sdk/cmake/3.22.1/bin/ninja cmTC_c0e2f && [1/2] Building C object CMakeFiles/cmTC_c0e2f.dir/src.c.o
[2/2] Linking C executable cmTC_c0e2f


Source file was:
int main(void) { return 0; }
Performing C SOURCE FILE Test HAVE_GCC_COMMENT_BLOCK_COMMANDS succeeded with the following output:
Change Dir: /home/runner/work/CroMagRally-Android/CroMagRally-Android/android/app/.cxx/Debug/h3k1i6w1/x86/CMakeFiles/CMakeTmp

Run Build Command(s):/usr/local/lib/android/sdk/cmake/3.22.1/bin/ninja cmTC_f19ef && [1/2] Building C object CMakeFiles/cmTC_f19ef.dir/src.c.o
[2/2] Linking C executable cmTC_f19ef


Source file was:
int main(void) { return 0; }
Performing C SOURCE FILE Test HAVE_GCC_WSHADOW succeeded with the following output:
Change Dir: /home/runner/work/CroMagRally-Android/CroMagRally-Android/android/app/.cxx/Debug/h3k1i6w1/x86/CMakeFiles/CMakeTmp

Run Build Command(s):/usr/local/lib/android/sdk/cmake/3.22.1/bin/ninja cmTC_15c2f && [1/2] Building C object CMakeFiles/cmTC_15c2f.dir/src.c.o
[2/2] Linking C executable cmTC_15c2f


Source file was:
int main(void) { return 0; }
Performing C SOURCE FILE Test HAVE_GCC_WUNUSED_LOCAL_TYPEDEFS succeeded with the following output:
Change Dir: /home/runner/work/CroMagRally-Android/CroMagRally-Android/android/app/.cxx/Debug/h3k1i6w1/x86/CMakeFiles/CMakeTmp

Run Build Command(s):/usr/local/lib/android/sdk/cmake/3.22.1/bin/ninja cmTC_de366 && [1/2] Building C object CMakeFiles/cmTC_de366.dir/src.c.o
[2/2] Linking C executable cmTC_de366


Source file was:
int main(void) { return 0; }
Performing C SOURCE FILE Test HAVE_GCC_WIMPLICIT_FALLTHROUGH succeeded with the following output:
Change Dir: /home/runner/work/CroMagRally-Android/CroMagRally-Android/android/app/.cxx/Debug/h3k1i6w1/x86/CMakeFiles/CMakeTmp

Run Build Command(s):/usr/local/lib/android/sdk/cmake/3.22.1/bin/ninja cmTC_59fdc && [1/2] Building C object CMakeFiles/cmTC_59fdc.dir/src.c.o
[2/2] Linking C executable cmTC_59fdc


Source file was:
int main(void) { return 0; }
Performing C SOURCE FILE Test COMPILER_SUPPORTS_FCOLOR_DIAGNOSTICS succeeded with the following output:
Change Dir: /home/runner/work/CroMagRally-Android/CroMagRally-Android/android/app/.cxx/Debug/h3k1i6w1/x86/CMakeFiles/CMakeTmp

Run Build Command(s):/usr/local/lib/android/sdk/cmake/3.22.1/bin/ninja cmTC_964d3 && [1/2] Building C object CMakeFiles/cmTC_964d3.dir/src.c.o
[2/2] Linking C executable cmTC_964d3


Source file was:
int main(void) { return 0; }
Performing C SOURCE FILE Test HAVE_WL_VERSION_SCRIPT succeeded with the following output:
Change Dir: /home/runner/work/CroMagRally-Android/CroMagRally-Android/android/app/.cxx/Debug/h3k1i6w1/x86/CMakeFiles/CMakeTmp

Run Build Command(s):/usr/local/lib/android/sdk/cmake/3.22.1/bin/ninja cmTC_82ee8 && [1/2] Building C object CMakeFiles/cmTC_82ee8.dir/src.c.o
[2/2] Linking C executable cmTC_82ee8


Source file was:
int func(void) {return 0;} int main(int argc,char*argv[]){(void)argc;(void)argv;return func();}
Performing C SOURCE FILE Test COMPILER_SUPPORTS_GCC_ATOMICS succeeded with the following output:
Change Dir: /home/runner/work/CroMagRally-Android/CroMagRally-Android/android/app/.cxx/Debug/h3k1i6w1/x86/CMakeFiles/CMakeTmp

Run Build Command(s):/usr/local/lib/android/sdk/cmake/3.22.1/bin/ninja cmTC_8962b && [1/2] Building C object CMakeFiles/cmTC_8962b.dir/src.c.o
[2/2] Linking C executable cmTC_8962b


Source file was:
int main(int argc, char **argv) {
        int a;
        void *x, *y, *z;
        __sync_lock_test_and_set(&a, 4);
        __sync_lock_test_and_set(&x, y);
        __sync_fetch_and_add(&a, 1);
        __sync_bool_compare_and_swap(&a, 5, 10);
        __sync_bool_compare_and_swap(&x, y, z);
        return 0; }
Performing C SOURCE FILE Test HAVE_GCC_FVISIBILITY succeeded with the following output:
Change Dir: /home/runner/work/CroMagRally-Android/CroMagRally-Android/android/app/.cxx/Debug/h3k1i6w1/x86/CMakeFiles/CMakeTmp

Run Build Command(s):/usr/local/lib/android/sdk/cmake/3.22.1/bin/ninja cmTC_ac09e && [1/2] Building C object CMakeFiles/cmTC_ac09e.dir/src.c.o
[2/2] Linking C executable cmTC_ac09e


Source file was:

      #if !defined(__GNUC__) || __GNUC__ < 4
      #error SDL only uses visibility attributes in GCC 4 or newer
      #endif
      __attribute__((visibility("default"))) int foo(void);
      __attribute__((visibility("hidden")))  int bar(void);
      int foo(void) { return 0; }
      int bar(void) { return 1; }
      int main(void) { return 0; }
Performing C SOURCE FILE Test LINKER_SUPPORTS_WL_NO_UNDEFINED succeeded with the following output:
Change Dir: /home/runner/work/CroMagRally-Android/CroMagRally-Android/android/app/.cxx/Debug/h3k1i6w1/x86/CMakeFiles/CMakeTmp

Run Build Command(s):/usr/local/lib/android/sdk/cmake/3.22.1/bin/ninja cmTC_83159 && [1/2] Building C object CMakeFiles/cmTC_83159.dir/src.c.o
[2/2] Linking C executable cmTC_83159


Source file was:
int main() { return 0; }
Performing C SOURCE FILE Test COMPILER_SUPPORTS_MMX succeeded with the following output:
Change Dir: /home/runner/work/CroMagRally-Android/CroMagRally-Android/android/app/.cxx/Debug/h3k1i6w1/x86/CMakeFiles/CMakeTmp

Run Build Command(s):/usr/local/lib/android/sdk/cmake/3.22.1/bin/ninja cmTC_f2061 && [1/2] Building C object CMakeFiles/cmTC_f2061.dir/src.c.o
[2/2] Linking C executable cmTC_f2061


Source file was:

    #if 0
    # if defined(__i386__) || defined(__x86_64__)
    #  define test_enabled 1
    # else
    #  define test_enabled 0 /* feign success in Apple multi-arch configs */
    # endif
    #else                    /* test normally */
    # define test_enabled 1
    #endif
    #if test_enabled
          #include <mmintrin.h>
      void ints_add(int *dest, int *a, int *b, unsigned size) {
        for (; size >= 2; size -= 2, dest += 2, a += 2, b += 2) {
          *(__m64*)dest = _mm_add_pi32(*(__m64*)a, *(__m64*)b);
        }
      }
      int main(int argc, char *argv[]) {
        ints_add((int*)0, (int*)0, (int*)0, 0);
        return 0;
      }
    #else
    int main(int argc, char *argv[]) {
      (void)argc;
      (void)argv;
      return 0;
    }
    #endif
Performing C SOURCE FILE Test COMPILER_SUPPORTS_SSE succeeded with the following output:
Change Dir: /home/runner/work/CroMagRally-Android/CroMagRally-Android/android/app/.cxx/Debug/h3k1i6w1/x86/CMakeFiles/CMakeTmp

Run Build Command(s):/usr/local/lib/android/sdk/cmake/3.22.1/bin/ninja cmTC_6cfaa && [1/2] Building C object CMakeFiles/cmTC_6cfaa.dir/src.c.o
[2/2] Linking C executable cmTC_6cfaa


Source file was:

    #if 0
    # if defined(__i386__) || defined(__x86_64__)
    #  define test_enabled 1
    # else
    #  define test_enabled 0 /* feign success in Apple multi-arch configs */
    # endif
    #else                    /* test normally */
    # define test_enabled 1
    #endif
    #if test_enabled
          #include <xmmintrin.h>
      void floats_add(float *dest, float *a, float *b, unsigned size) {
        for (; size >= 4; size -= 4, dest += 4, a += 4, b += 4) {
          _mm_storeu_ps(dest, _mm_add_ps(_mm_loadu_ps(a), _mm_loadu_ps (b)));
        }
      }
      int main(int argc, char **argv) {
        floats_add((float*)0, (float*)0, (float*)0, 0);
        return 0;
      }
    #else
    int main(int argc, char *argv[]) {
      (void)argc;
      (void)argv;
      return 0;
    }
    #endif
Performing C SOURCE FILE Test COMPILER_SUPPORTS_SSE2 succeeded with the following output:
Change Dir: /home/runner/work/CroMagRally-Android/CroMagRally-Android/android/app/.cxx/Debug/h3k1i6w1/x86/CMakeFiles/CMakeTmp

Run Build Command(s):/usr/local/lib/android/sdk/cmake/3.22.1/bin/ninja cmTC_d2964 && [1/2] Building C object CMakeFiles/cmTC_d2964.dir/src.c.o
[2/2] Linking C executable cmTC_d2964


Source file was:

    #if 0
    # if defined(__i386__) || defined(__x86_64__)
    #  define test_enabled 1
    # else
    #  define test_enabled 0 /* feign success in Apple multi-arch configs */
    # endif
    #else                    /* test normally */
    # define test_enabled 1
    #endif
    #if test_enabled
          #include <emmintrin.h>
      void doubles_add(double *dest, double *a, double *b, unsigned size) {
        for (; size >= 4; size -= 4, dest += 4, a += 4, b += 4) {
          _mm_store_pd(dest, _mm_add_pd(_mm_loadu_pd(a), _mm_loadu_pd(b)));
        }
      }
      int main(int argc, char **argv) {
        doubles_add((double*)0, (double*)0, (double*)0, 0);
        return 0;
      }
    #else
    int main(int argc, char *argv[]) {
      (void)argc;
      (void)argv;
      return 0;
    }
    #endif
Performing C SOURCE FILE Test COMPILER_SUPPORTS_SSE3 succeeded with the following output:
Change Dir: /home/runner/work/CroMagRally-Android/CroMagRally-Android/android/app/.cxx/Debug/h3k1i6w1/x86/CMakeFiles/CMakeTmp

Run Build Command(s):/usr/local/lib/android/sdk/cmake/3.22.1/bin/ninja cmTC_ce2a6 && [1/2] Building C object CMakeFiles/cmTC_ce2a6.dir/src.c.o
[2/2] Linking C executable cmTC_ce2a6


Source file was:

    #if 0
    # if defined(__i386__) || defined(__x86_64__)
    #  define test_enabled 1
    # else
    #  define test_enabled 0 /* feign success in Apple multi-arch configs */
    # endif
    #else                    /* test normally */
    # define test_enabled 1
    #endif
    #if test_enabled
          #include <pmmintrin.h>
      void ints_add(int *dest, int *a, int *b, unsigned size) {
        for (; size >= 4; size -= 4, dest += 4, a += 4, b += 4) {
          _mm_storeu_si128((__m128i*)dest, _mm_add_epi32(_mm_lddqu_si128((__m128i*)a), _mm_lddqu_si128((__m128i*)b)));
        }
      }
      int main(int argc, char **argv) {
        ints_add((int*)0, (int*)0, (int*)0, 0);
        return 0;
      }
    #else
    int main(int argc, char *argv[]) {
      (void)argc;
      (void)argv;
      return 0;
    }
    #endif
Performing C SOURCE FILE Test COMPILER_SUPPORTS_SSE4_1 succeeded with the following output:
Change Dir: /home/runner/work/CroMagRally-Android/CroMagRally-Android/android/app/.cxx/Debug/h3k1i6w1/x86/CMakeFiles/CMakeTmp

Run Build Command(s):/usr/local/lib/android/sdk/cmake/3.22.1/bin/ninja cmTC_13179 && [1/2] Building C object CMakeFiles/cmTC_13179.dir/src.c.o
[2/2] Linking C executable cmTC_13179


Source file was:

    #if 0
    # if defined(__i386__) || defined(__x86_64__)
    #  define test_enabled 1
    # else
    #  define test_enabled 0 /* feign success in Apple multi-arch configs */
    # endif
    #else                    /* test normally */
    # define test_enabled 1
    #endif
    #if test_enabled
          #include <smmintrin.h>
      void ints_mul(int *dest, int *a, int *b, unsigned size) {
        for (; size >= 4; size -= 4, dest += 4, a += 4, b += 4) {
          _mm_storeu_si128((__m128i*)dest, _mm_mullo_epi32(_mm_lddqu_si128((__m128i*)a), _mm_lddqu_si128((__m128i*)b)));
        }
      }
      int main(int argc, char **argv) {
        ints_mul((int*)0, (int*)0, (int*)0, 0);
        return 0;
      }
    #else
    int main(int argc, char *argv[]) {
      (void)argc;
      (void)argv;
      return 0;
    }
    #endif
Performing C SOURCE FILE Test COMPILER_SUPPORTS_SSE4_2 succeeded with the following output:
Change Dir: /home/runner/work/CroMagRally-Android/CroMagRally-Android/android/app/.cxx/Debug/h3k1i6w1/x86/CMakeFiles/CMakeTmp

Run Build Command(s):/usr/local/lib/android/sdk/cmake/3.22.1/bin/ninja cmTC_0e9f7 && [1/2] Building C object CMakeFiles/cmTC_0e9f7.dir/src.c.o
[2/2] Linking C executable cmTC_0e9f7


Source file was:

    #if 0
    # if defined(__i386__) || defined(__x86_64__)
    #  define test_enabled 1
    # else
    #  define test_enabled 0 /* feign success in Apple multi-arch configs */
    # endif
    #else                    /* test normally */
    # define test_enabled 1
    #endif
    #if test_enabled
          #include <nmmintrin.h>
      __m128i bitmask;
      char data[16];
      int main(int argc, char **argv) {
        bitmask = _mm_cmpgt_epi64(_mm_set1_epi64x(0), _mm_loadu_si128((void*)data));
        return 0;
      }
    #else
    int main(int argc, char *argv[]) {
      (void)argc;
      (void)argv;
      return 0;
    }
    #endif
Performing C SOURCE FILE Test COMPILER_SUPPORTS_AVX succeeded with the following output:
Change Dir: /home/runner/work/CroMagRally-Android/CroMagRally-Android/android/app/.cxx/Debug/h3k1i6w1/x86/CMakeFiles/CMakeTmp

Run Build Command(s):/usr/local/lib/android/sdk/cmake/3.22.1/bin/ninja cmTC_49e99 && [1/2] Building C object CMakeFiles/cmTC_49e99.dir/src.c.o
[2/2] Linking C executable cmTC_49e99


Source file was:

    #if 0
    # if defined(__i386__) || defined(__x86_64__)
    #  define test_enabled 1
    # else
    #  define test_enabled 0 /* feign success in Apple multi-arch configs */
    # endif
    #else                    /* test normally */
    # define test_enabled 1
    #endif
    #if test_enabled
          #include <immintrin.h>
      void floats_add(float *dest, float *a, float *b, unsigned size) {
        for (; size >= 8; size -= 8, dest += 8, a += 8, b += 8) {
          _mm256_storeu_ps(dest, _mm256_add_ps(_mm256_loadu_ps(a), _mm256_loadu_ps(b)));
        }
      }
      int main(int argc, char **argv) {
        floats_add((float*)0, (float*)0, (float*)0, 0);
        return 0;
      }
    #else
    int main(int argc, char *argv[]) {
      (void)argc;
      (void)argv;
      return 0;
    }
    #endif
Performing C SOURCE FILE Test COMPILER_SUPPORTS_AVX2 succeeded with the following output:
Change Dir: /home/runner/work/CroMagRally-Android/CroMagRally-Android/android/app/.cxx/Debug/h3k1i6w1/x86/CMakeFiles/CMakeTmp

Run Build Command(s):/usr/local/lib/android/sdk/cmake/3.22.1/bin/ninja cmTC_6d400 && [1/2] Building C object CMakeFiles/cmTC_6d400.dir/src.c.o
[2/2] Linking C executable cmTC_6d400


Source file was:

    #if 0
    # if defined(__i386__) || defined(__x86_64__)
    #  define test_enabled 1
    # else
    #  define test_enabled 0 /* feign success in Apple multi-arch configs */
    # endif
    #else                    /* test normally */
    # define test_enabled 1
    #endif
    #if test_enabled
          #include <immintrin.h>
      void ints_add(int *dest, int *a, int *b, unsigned size) {
        for (; size >= 8; size -= 8, dest += 8, a += 8, b += 8) {
          _mm256_storeu_si256((__m256i*)dest, _mm256_add_epi32(_mm256_loadu_si256((__m256i*)a), _mm256_loadu_si256((__m256i*)b)));
        }
      }
      int main(int argc, char **argv) {
        ints_add((int*)0, (int*)0, (int*)0, 0);
        return 0;
      }
    #else
    int main(int argc, char *argv[]) {
      (void)argc;
      (void)argv;
      return 0;
    }
    #endif
Performing C SOURCE FILE Test COMPILER_SUPPORTS_AVX512F succeeded with the following output:
Change Dir: /home/runner/work/CroMagRally-Android/CroMagRally-Android/android/app/.cxx/Debug/h3k1i6w1/x86/CMakeFiles/CMakeTmp

Run Build Command(s):/usr/local/lib/android/sdk/cmake/3.22.1/bin/ninja cmTC_a0e4a && [1/2] Building C object CMakeFiles/cmTC_a0e4a.dir/src.c.o
[2/2] Linking C executable cmTC_a0e4a


Source file was:

    #if 0
    # if defined(__i386__) || defined(__x86_64__)
    #  define test_enabled 1
    # else
    #  define test_enabled 0 /* feign success in Apple multi-arch configs */
    # endif
    #else                    /* test normally */
    # define test_enabled 1
    #endif
    #if test_enabled
          #include <immintrin.h>
      void floats_add(float *dest, float *a, float *b, unsigned size) {
        for (; size >= 16; size -= 16, dest += 16, a += 16, b += 16) {
          _mm512_storeu_ps(dest, _mm512_add_ps(_mm512_loadu_ps(a), _mm512_loadu_ps(b)));
        }
      }
      int main(int argc, char **argv) {
        floats_add((float*)0, (float*)0, (float*)0, 0);
        return 0;
      }
    #else
    int main(int argc, char *argv[]) {
      (void)argc;
      (void)argv;
      return 0;
    }
    #endif
Determining if the include file alloca.h exists passed with the following output:
Change Dir: /home/runner/work/CroMagRally-Android/CroMagRally-Android/android/app/.cxx/Debug/h3k1i6w1/x86/CMakeFiles/CMakeTmp

Run Build Command(s):/usr/local/lib/android/sdk/cmake/3.22.1/bin/ninja cmTC_515b4 && [1/2] Building C object CMakeFiles/cmTC_515b4.dir/CheckIncludeFile.c.o
[2/2] Linking C executable cmTC_515b4



Determining if the include file float.h exists passed with the following output:
Change Dir: /home/runner/work/CroMagRally-Android/CroMagRally-Android/android/app/.cxx/Debug/h3k1i6w1/x86/CMakeFiles/CMakeTmp

Run Build Command(s):/usr/local/lib/android/sdk/cmake/3.22.1/bin/ninja cmTC_89421 && [1/2] Building C object CMakeFiles/cmTC_89421.dir/CheckIncludeFile.c.o
[2/2] Linking C executable cmTC_89421



Determining if the include file iconv.h exists passed with the following output:
Change Dir: /home/runner/work/CroMagRally-Android/CroMagRally-Android/android/app/.cxx/Debug/h3k1i6w1/x86/CMakeFiles/CMakeTmp

Run Build Command(s):/usr/local/lib/android/sdk/cmake/3.22.1/bin/ninja cmTC_7fca3 && [1/2] Building C object CMakeFiles/cmTC_7fca3.dir/CheckIncludeFile.c.o
[2/2] Linking C executable cmTC_7fca3



Determining if the include file inttypes.h exists passed with the following output:
Change Dir: /home/runner/work/CroMagRally-Android/CroMagRally-Android/android/app/.cxx/Debug/h3k1i6w1/x86/CMakeFiles/CMakeTmp

Run Build Command(s):/usr/local/lib/android/sdk/cmake/3.22.1/bin/ninja cmTC_f2c13 && [1/2] Building C object CMakeFiles/cmTC_f2c13.dir/CheckIncludeFile.c.o
[2/2] Linking C executable cmTC_f2c13



Determining if the include file limits.h exists passed with the following output:
Change Dir: /home/runner/work/CroMagRally-Android/CroMagRally-Android/android/app/.cxx/Debug/h3k1i6w1/x86/CMakeFiles/CMakeTmp

Run Build Command(s):/usr/local/lib/android/sdk/cmake/3.22.1/bin/ninja cmTC_d5806 && [1/2] Building C object CMakeFiles/cmTC_d5806.dir/CheckIncludeFile.c.o
[2/2] Linking C executable cmTC_d5806



Determining if the include file malloc.h exists passed with the following output:
Change Dir: /home/runner/work/CroMagRally-Android/CroMagRally-Android/android/app/.cxx/Debug/h3k1i6w1/x86/CMakeFiles/CMakeTmp

Run Build Command(s):/usr/local/lib/android/sdk/cmake/3.22.1/bin/ninja cmTC_34fc2 && [1/2] Building C object CMakeFiles/cmTC_34fc2.dir/CheckIncludeFile.c.o
[2/2] Linking C executable cmTC_34fc2



Determining if the include file math.h exists passed with the following output:
Change Dir: /home/runner/work/CroMagRally-Android/CroMagRally-Android/android/app/.cxx/Debug/h3k1i6w1/x86/CMakeFiles/CMakeTmp

Run Build Command(s):/usr/local/lib/android/sdk/cmake/3.22.1/bin/ninja cmTC_9fa83 && [1/2] Building C object CMakeFiles/cmTC_9fa83.dir/CheckIncludeFile.c.o
[2/2] Linking C executable cmTC_9fa83



Determining if the include file memory.h exists passed with the following output:
Change Dir: /home/runner/work/CroMagRally-Android/CroMagRally-Android/android/app/.cxx/Debug/h3k1i6w1/x86/CMakeFiles/CMakeTmp

Run Build Command(s):/usr/local/lib/android/sdk/cmake/3.22.1/bin/ninja cmTC_bc81f && [1/2] Building C object CMakeFiles/cmTC_bc81f.dir/CheckIncludeFile.c.o
[2/2] Linking C executable cmTC_bc81f



Determining if the include file signal.h exists passed with the following output:
Change Dir: /home/runner/work/CroMagRally-Android/CroMagRally-Android/android/app/.cxx/Debug/h3k1i6w1/x86/CMakeFiles/CMakeTmp

Run Build Command(s):/usr/local/lib/android/sdk/cmake/3.22.1/bin/ninja cmTC_2d720 && [1/2] Building C object CMakeFiles/cmTC_2d720.dir/CheckIncludeFile.c.o
[2/2] Linking C executable cmTC_2d720



Determining if the include file stdarg.h exists passed with the following output:
Change Dir: /home/runner/work/CroMagRally-Android/CroMagRally-Android/android/app/.cxx/Debug/h3k1i6w1/x86/CMakeFiles/CMakeTmp

Run Build Command(s):/usr/local/lib/android/sdk/cmake/3.22.1/bin/ninja cmTC_dbb8e && [1/2] Building C object CMakeFiles/cmTC_dbb8e.dir/CheckIncludeFile.c.o
[2/2] Linking C executable cmTC_dbb8e



Determining if the include file stdbool.h exists passed with the following output:
Change Dir: /home/runner/work/CroMagRally-Android/CroMagRally-Android/android/app/.cxx/Debug/h3k1i6w1/x86/CMakeFiles/CMakeTmp

Run Build Command(s):/usr/local/lib/android/sdk/cmake/3.22.1/bin/ninja cmTC_7ca27 && [1/2] Building C object CMakeFiles/cmTC_7ca27.dir/CheckIncludeFile.c.o
[2/2] Linking C executable cmTC_7ca27



Determining if the include file stddef.h exists passed with the following output:
Change Dir: /home/runner/work/CroMagRally-Android/CroMagRally-Android/android/app/.cxx/Debug/h3k1i6w1/x86/CMakeFiles/CMakeTmp

Run Build Command(s):/usr/local/lib/android/sdk/cmake/3.22.1/bin/ninja cmTC_41c7d && [1/2] Building C object CMakeFiles/cmTC_41c7d.dir/CheckIncludeFile.c.o
[2/2] Linking C executable cmTC_41c7d



Determining if the include file stdint.h exists passed with the following output:
Change Dir: /home/runner/work/CroMagRally-Android/CroMagRally-Android/android/app/.cxx/Debug/h3k1i6w1/x86/CMakeFiles/CMakeTmp

Run Build Command(s):/usr/local/lib/android/sdk/cmake/3.22.1/bin/ninja cmTC_2e919 && [1/2] Building C object CMakeFiles/cmTC_2e919.dir/CheckIncludeFile.c.o
[2/2] Linking C executable cmTC_2e919



Determining if the include file stdio.h exists passed with the following output:
Change Dir: /home/runner/work/CroMagRally-Android/CroMagRally-Android/android/app/.cxx/Debug/h3k1i6w1/x86/CMakeFiles/CMakeTmp

Run Build Command(s):/usr/local/lib/android/sdk/cmake/3.22.1/bin/ninja cmTC_2a1c4 && [1/2] Building C object CMakeFiles/cmTC_2a1c4.dir/CheckIncludeFile.c.o
[2/2] Linking C executable cmTC_2a1c4



Determining if the include file stdlib.h exists passed with the following output:
Change Dir: /home/runner/work/CroMagRally-Android/CroMagRally-Android/android/app/.cxx/Debug/h3k1i6w1/x86/CMakeFiles/CMakeTmp

Run Build Command(s):/usr/local/lib/android/sdk/cmake/3.22.1/bin/ninja cmTC_02f28 && [1/2] Building C object CMakeFiles/cmTC_02f28.dir/CheckIncludeFile.c.o
[2/2] Linking C executable cmTC_02f28



Determining if the include file string.h exists passed with the following output:
Change Dir: /home/runner/work/CroMagRally-Android/CroMagRally-Android/android/app/.cxx/Debug/h3k1i6w1/x86/CMakeFiles/CMakeTmp

Run Build Command(s):/usr/local/lib/android/sdk/cmake/3.22.1/bin/ninja cmTC_98bd9 && [1/2] Building C object CMakeFiles/cmTC_98bd9.dir/CheckIncludeFile.c.o
[2/2] Linking C executable cmTC_98bd9



Determining if the include file strings.h exists passed with the following output:
Change Dir: /home/runner/work/CroMagRally-Android/CroMagRally-Android/android/app/.cxx/Debug/h3k1i6w1/x86/CMakeFiles/CMakeTmp

Run Build Command(s):/usr/local/lib/android/sdk/cmake/3.22.1/bin/ninja cmTC_d327d && [1/2] Building C object CMakeFiles/cmTC_d327d.dir/CheckIncludeFile.c.o
[2/2] Linking C executable cmTC_d327d



Determining if the include file sys/types.h exists passed with the following output:
Change Dir: /home/runner/work/CroMagRally-Android/CroMagRally-Android/android/app/.cxx/Debug/h3k1i6w1/x86/CMakeFiles/CMakeTmp

Run Build Command(s):/usr/local/lib/android/sdk/cmake/3.22.1/bin/ninja cmTC_ff6e6 && [1/2] Building C object CMakeFiles/cmTC_ff6e6.dir/CheckIncludeFile.c.o
[2/2] Linking C executable cmTC_ff6e6



Determining if the include file time.h exists passed with the following output:
Change Dir: /home/runner/work/CroMagRally-Android/CroMagRally-Android/android/app/.cxx/Debug/h3k1i6w1/x86/CMakeFiles/CMakeTmp

Run Build Command(s):/usr/local/lib/android/sdk/cmake/3.22.1/bin/ninja cmTC_45449 && [1/2] Building C object CMakeFiles/cmTC_45449.dir/CheckIncludeFile.c.o
[2/2] Linking C executable cmTC_45449



Determining if the include file wchar.h exists passed with the following output:
Change Dir: /home/runner/work/CroMagRally-Android/CroMagRally-Android/android/app/.cxx/Debug/h3k1i6w1/x86/CMakeFiles/CMakeTmp

Run Build Command(s):/usr/local/lib/android/sdk/cmake/3.22.1/bin/ninja cmTC_ed5be && [1/2] Building C object CMakeFiles/cmTC_ed5be.dir/CheckIncludeFile.c.o
[2/2] Linking C executable cmTC_ed5be



Determining if the function pow exists in the m passed with the following output:
Change Dir: /home/runner/work/CroMagRally-Android/CroMagRally-Android/android/app/.cxx/Debug/h3k1i6w1/x86/CMakeFiles/CMakeTmp

Run Build Command(s):/usr/local/lib/android/sdk/cmake/3.22.1/bin/ninja cmTC_7b7a8 && [1/2] Building C object CMakeFiles/cmTC_7b7a8.dir/CheckFunctionExists.c.o
/usr/local/lib/android/sdk/cmake/3.22.1/share/cmake-3.22/Modules/CheckFunctionExists.c:7:3: warning: incompatible redeclaration of library function 'pow' [-Wincompatible-library-redeclaration]
    7 |   CHECK_FUNCTION_EXISTS(void);
      |   ^
<command line>:3:31: note: expanded from macro 'CHECK_FUNCTION_EXISTS'
    3 | #define CHECK_FUNCTION_EXISTS pow
      |                               ^
/usr/local/lib/android/sdk/cmake/3.22.1/share/cmake-3.22/Modules/CheckFunctionExists.c:7:3: note: 'pow' is a builtin with type 'double (double, double)'
<command line>:3:31: note: expanded from macro 'CHECK_FUNCTION_EXISTS'
    3 | #define CHECK_FUNCTION_EXISTS pow
      |                               ^
1 warning generated.
[2/2] Linking C executable cmTC_7b7a8



Determining if the abs exist passed with the following output:
Change Dir: /home/runner/work/CroMagRally-Android/CroMagRally-Android/android/app/.cxx/Debug/h3k1i6w1/x86/CMakeFiles/CMakeTmp

Run Build Command(s):/usr/local/lib/android/sdk/cmake/3.22.1/bin/ninja cmTC_e950b && [1/2] Building C object CMakeFiles/cmTC_e950b.dir/CheckSymbolExists.c.o
[2/2] Linking C executable cmTC_e950b


File /home/runner/work/CroMagRally-Android/CroMagRally-Android/android/app/.cxx/Debug/h3k1i6w1/x86/CMakeFiles/CMakeTmp/CheckSymbolExists.c:
/* */
#include <float.h>
#include <iconv.h>
#include <inttypes.h>
#include <limits.h>
#include <malloc.h>
#include <math.h>
#include <memory.h>
#include <signal.h>
#include <stdarg.h>
#include <stdbool.h>
#include <stddef.h>
#include <stdint.h>
#include <stdio.h>
#include <stdlib.h>
#include <string.h>
#include <strings.h>
#include <sys/types.h>
#include <time.h>
#include <wchar.h>

int main(int argc, char** argv)
{
  (void)argv;
#ifndef abs
  return ((int*)(&abs))[argc];
#else
  (void)argc;
  return 0;
#endif
}
Determining if the acos exist passed with the following output:
Change Dir: /home/runner/work/CroMagRally-Android/CroMagRally-Android/android/app/.cxx/Debug/h3k1i6w1/x86/CMakeFiles/CMakeTmp

Run Build Command(s):/usr/local/lib/android/sdk/cmake/3.22.1/bin/ninja cmTC_3a436 && [1/2] Building C object CMakeFiles/cmTC_3a436.dir/CheckSymbolExists.c.o
[2/2] Linking C executable cmTC_3a436


File /home/runner/work/CroMagRally-Android/CroMagRally-Android/android/app/.cxx/Debug/h3k1i6w1/x86/CMakeFiles/CMakeTmp/CheckSymbolExists.c:
/* */
#include <float.h>
#include <iconv.h>
#include <inttypes.h>
#include <limits.h>
#include <malloc.h>
#include <math.h>
#include <memory.h>
#include <signal.h>
#include <stdarg.h>
#include <stdbool.h>
#include <stddef.h>
#include <stdint.h>
#include <stdio.h>
#include <stdlib.h>
#include <string.h>
#include <strings.h>
#include <sys/types.h>
#include <time.h>
#include <wchar.h>

int main(int argc, char** argv)
{
  (void)argv;
#ifndef acos
  return ((int*)(&acos))[argc];
#else
  (void)argc;
  return 0;
#endif
}
Determining if the acosf exist passed with the following output:
Change Dir: /home/runner/work/CroMagRally-Android/CroMagRally-Android/android/app/.cxx/Debug/h3k1i6w1/x86/CMakeFiles/CMakeTmp

Run Build Command(s):/usr/local/lib/android/sdk/cmake/3.22.1/bin/ninja cmTC_8ff21 && [1/2] Building C object CMakeFiles/cmTC_8ff21.dir/CheckSymbolExists.c.o
[2/2] Linking C executable cmTC_8ff21


File /home/runner/work/CroMagRally-Android/CroMagRally-Android/android/app/.cxx/Debug/h3k1i6w1/x86/CMakeFiles/CMakeTmp/CheckSymbolExists.c:
/* */
#include <float.h>
#include <iconv.h>
#include <inttypes.h>
#include <limits.h>
#include <malloc.h>
#include <math.h>
#include <memory.h>
#include <signal.h>
#include <stdarg.h>
#include <stdbool.h>
#include <stddef.h>
#include <stdint.h>
#include <stdio.h>
#include <stdlib.h>
#include <string.h>
#include <strings.h>
#include <sys/types.h>
#include <time.h>
#include <wchar.h>

int main(int argc, char** argv)
{
  (void)argv;
#ifndef acosf
  return ((int*)(&acosf))[argc];
#else
  (void)argc;
  return 0;
#endif
}
Determining if the asin exist passed with the following output:
Change Dir: /home/runner/work/CroMagRally-Android/CroMagRally-Android/android/app/.cxx/Debug/h3k1i6w1/x86/CMakeFiles/CMakeTmp

Run Build Command(s):/usr/local/lib/android/sdk/cmake/3.22.1/bin/ninja cmTC_9a5a4 && [1/2] Building C object CMakeFiles/cmTC_9a5a4.dir/CheckSymbolExists.c.o
[2/2] Linking C executable cmTC_9a5a4


File /home/runner/work/CroMagRally-Android/CroMagRally-Android/android/app/.cxx/Debug/h3k1i6w1/x86/CMakeFiles/CMakeTmp/CheckSymbolExists.c:
/* */
#include <float.h>
#include <iconv.h>
#include <inttypes.h>
#include <limits.h>
#include <malloc.h>
#include <math.h>
#include <memory.h>
#include <signal.h>
#include <stdarg.h>
#include <stdbool.h>
#include <stddef.h>
#include <stdint.h>
#include <stdio.h>
#include <stdlib.h>
#include <string.h>
#include <strings.h>
#include <sys/types.h>
#include <time.h>
#include <wchar.h>

int main(int argc, char** argv)
{
  (void)argv;
#ifndef asin
  return ((int*)(&asin))[argc];
#else
  (void)argc;
  return 0;
#endif
}
Determining if the asinf exist passed with the following output:
Change Dir: /home/runner/work/CroMagRally-Android/CroMagRally-Android/android/app/.cxx/Debug/h3k1i6w1/x86/CMakeFiles/CMakeTmp

Run Build Command(s):/usr/local/lib/android/sdk/cmake/3.22.1/bin/ninja cmTC_ac247 && [1/2] Building C object CMakeFiles/cmTC_ac247.dir/CheckSymbolExists.c.o
[2/2] Linking C executable cmTC_ac247


File /home/runner/work/CroMagRally-Android/CroMagRally-Android/android/app/.cxx/Debug/h3k1i6w1/x86/CMakeFiles/CMakeTmp/CheckSymbolExists.c:
/* */
#include <float.h>
#include <iconv.h>
#include <inttypes.h>
#include <limits.h>
#include <malloc.h>
#include <math.h>
#include <memory.h>
#include <signal.h>
#include <stdarg.h>
#include <stdbool.h>
#include <stddef.h>
#include <stdint.h>
#include <stdio.h>
#include <stdlib.h>
#include <string.h>
#include <strings.h>
#include <sys/types.h>
#include <time.h>
#include <wchar.h>

int main(int argc, char** argv)
{
  (void)argv;
#ifndef asinf
  return ((int*)(&asinf))[argc];
#else
  (void)argc;
  return 0;
#endif
}
Determining if the atan exist passed with the following output:
Change Dir: /home/runner/work/CroMagRally-Android/CroMagRally-Android/android/app/.cxx/Debug/h3k1i6w1/x86/CMakeFiles/CMakeTmp

Run Build Command(s):/usr/local/lib/android/sdk/cmake/3.22.1/bin/ninja cmTC_7515a && [1/2] Building C object CMakeFiles/cmTC_7515a.dir/CheckSymbolExists.c.o
[2/2] Linking C executable cmTC_7515a


File /home/runner/work/CroMagRally-Android/CroMagRally-Android/android/app/.cxx/Debug/h3k1i6w1/x86/CMakeFiles/CMakeTmp/CheckSymbolExists.c:
/* */
#include <float.h>
#include <iconv.h>
#include <inttypes.h>
#include <limits.h>
#include <malloc.h>
#include <math.h>
#include <memory.h>
#include <signal.h>
#include <stdarg.h>
#include <stdbool.h>
#include <stddef.h>
#include <stdint.h>
#include <stdio.h>
#include <stdlib.h>
#include <string.h>
#include <strings.h>
#include <sys/types.h>
#include <time.h>
#include <wchar.h>

int main(int argc, char** argv)
{
  (void)argv;
#ifndef atan
  return ((int*)(&atan))[argc];
#else
  (void)argc;
  return 0;
#endif
}
Determining if the atan2 exist passed with the following output:
Change Dir: /home/runner/work/CroMagRally-Android/CroMagRally-Android/android/app/.cxx/Debug/h3k1i6w1/x86/CMakeFiles/CMakeTmp

Run Build Command(s):/usr/local/lib/android/sdk/cmake/3.22.1/bin/ninja cmTC_70bc2 && [1/2] Building C object CMakeFiles/cmTC_70bc2.dir/CheckSymbolExists.c.o
[2/2] Linking C executable cmTC_70bc2


File /home/runner/work/CroMagRally-Android/CroMagRally-Android/android/app/.cxx/Debug/h3k1i6w1/x86/CMakeFiles/CMakeTmp/CheckSymbolExists.c:
/* */
#include <float.h>
#include <iconv.h>
#include <inttypes.h>
#include <limits.h>
#include <malloc.h>
#include <math.h>
#include <memory.h>
#include <signal.h>
#include <stdarg.h>
#include <stdbool.h>
#include <stddef.h>
#include <stdint.h>
#include <stdio.h>
#include <stdlib.h>
#include <string.h>
#include <strings.h>
#include <sys/types.h>
#include <time.h>
#include <wchar.h>

int main(int argc, char** argv)
{
  (void)argv;
#ifndef atan2
  return ((int*)(&atan2))[argc];
#else
  (void)argc;
  return 0;
#endif
}
Determining if the atan2f exist passed with the following output:
Change Dir: /home/runner/work/CroMagRally-Android/CroMagRally-Android/android/app/.cxx/Debug/h3k1i6w1/x86/CMakeFiles/CMakeTmp

Run Build Command(s):/usr/local/lib/android/sdk/cmake/3.22.1/bin/ninja cmTC_67f98 && [1/2] Building C object CMakeFiles/cmTC_67f98.dir/CheckSymbolExists.c.o
[2/2] Linking C executable cmTC_67f98


File /home/runner/work/CroMagRally-Android/CroMagRally-Android/android/app/.cxx/Debug/h3k1i6w1/x86/CMakeFiles/CMakeTmp/CheckSymbolExists.c:
/* */
#include <float.h>
#include <iconv.h>
#include <inttypes.h>
#include <limits.h>
#include <malloc.h>
#include <math.h>
#include <memory.h>
#include <signal.h>
#include <stdarg.h>
#include <stdbool.h>
#include <stddef.h>
#include <stdint.h>
#include <stdio.h>
#include <stdlib.h>
#include <string.h>
#include <strings.h>
#include <sys/types.h>
#include <time.h>
#include <wchar.h>

int main(int argc, char** argv)
{
  (void)argv;
#ifndef atan2f
  return ((int*)(&atan2f))[argc];
#else
  (void)argc;
  return 0;
#endif
}
Determining if the atanf exist passed with the following output:
Change Dir: /home/runner/work/CroMagRally-Android/CroMagRally-Android/android/app/.cxx/Debug/h3k1i6w1/x86/CMakeFiles/CMakeTmp

Run Build Command(s):/usr/local/lib/android/sdk/cmake/3.22.1/bin/ninja cmTC_5d54f && [1/2] Building C object CMakeFiles/cmTC_5d54f.dir/CheckSymbolExists.c.o
[2/2] Linking C executable cmTC_5d54f


File /home/runner/work/CroMagRally-Android/CroMagRally-Android/android/app/.cxx/Debug/h3k1i6w1/x86/CMakeFiles/CMakeTmp/CheckSymbolExists.c:
/* */
#include <float.h>
#include <iconv.h>
#include <inttypes.h>
#include <limits.h>
#include <malloc.h>
#include <math.h>
#include <memory.h>
#include <signal.h>
#include <stdarg.h>
#include <stdbool.h>
#include <stddef.h>
#include <stdint.h>
#include <stdio.h>
#include <stdlib.h>
#include <string.h>
#include <strings.h>
#include <sys/types.h>
#include <time.h>
#include <wchar.h>

int main(int argc, char** argv)
{
  (void)argv;
#ifndef atanf
  return ((int*)(&atanf))[argc];
#else
  (void)argc;
  return 0;
#endif
}
Determining if the atof exist passed with the following output:
Change Dir: /home/runner/work/CroMagRally-Android/CroMagRally-Android/android/app/.cxx/Debug/h3k1i6w1/x86/CMakeFiles/CMakeTmp

Run Build Command(s):/usr/local/lib/android/sdk/cmake/3.22.1/bin/ninja cmTC_9a143 && [1/2] Building C object CMakeFiles/cmTC_9a143.dir/CheckSymbolExists.c.o
[2/2] Linking C executable cmTC_9a143


File /home/runner/work/CroMagRally-Android/CroMagRally-Android/android/app/.cxx/Debug/h3k1i6w1/x86/CMakeFiles/CMakeTmp/CheckSymbolExists.c:
/* */
#include <float.h>
#include <iconv.h>
#include <inttypes.h>
#include <limits.h>
#include <malloc.h>
#include <math.h>
#include <memory.h>
#include <signal.h>
#include <stdarg.h>
#include <stdbool.h>
#include <stddef.h>
#include <stdint.h>
#include <stdio.h>
#include <stdlib.h>
#include <string.h>
#include <strings.h>
#include <sys/types.h>
#include <time.h>
#include <wchar.h>

int main(int argc, char** argv)
{
  (void)argv;
#ifndef atof
  return ((int*)(&atof))[argc];
#else
  (void)argc;
  return 0;
#endif
}
Determining if the atoi exist passed with the following output:
Change Dir: /home/runner/work/CroMagRally-Android/CroMagRally-Android/android/app/.cxx/Debug/h3k1i6w1/x86/CMakeFiles/CMakeTmp

Run Build Command(s):/usr/local/lib/android/sdk/cmake/3.22.1/bin/ninja cmTC_dfee7 && [1/2] Building C object CMakeFiles/cmTC_dfee7.dir/CheckSymbolExists.c.o
[2/2] Linking C executable cmTC_dfee7


File /home/runner/work/CroMagRally-Android/CroMagRally-Android/android/app/.cxx/Debug/h3k1i6w1/x86/CMakeFiles/CMakeTmp/CheckSymbolExists.c:
/* */
#include <float.h>
#include <iconv.h>
#include <inttypes.h>
#include <limits.h>
#include <malloc.h>
#include <math.h>
#include <memory.h>
#include <signal.h>
#include <stdarg.h>
#include <stdbool.h>
#include <stddef.h>
#include <stdint.h>
#include <stdio.h>
#include <stdlib.h>
#include <string.h>
#include <strings.h>
#include <sys/types.h>
#include <time.h>
#include <wchar.h>

int main(int argc, char** argv)
{
  (void)argv;
#ifndef atoi
  return ((int*)(&atoi))[argc];
#else
  (void)argc;
  return 0;
#endif
}
Determining if the bcopy exist passed with the following output:
Change Dir: /home/runner/work/CroMagRally-Android/CroMagRally-Android/android/app/.cxx/Debug/h3k1i6w1/x86/CMakeFiles/CMakeTmp

Run Build Command(s):/usr/local/lib/android/sdk/cmake/3.22.1/bin/ninja cmTC_dad91 && [1/2] Building C object CMakeFiles/cmTC_dad91.dir/CheckSymbolExists.c.o
[2/2] Linking C executable cmTC_dad91


File /home/runner/work/CroMagRally-Android/CroMagRally-Android/android/app/.cxx/Debug/h3k1i6w1/x86/CMakeFiles/CMakeTmp/CheckSymbolExists.c:
/* */
#include <float.h>
#include <iconv.h>
#include <inttypes.h>
#include <limits.h>
#include <malloc.h>
#include <math.h>
#include <memory.h>
#include <signal.h>
#include <stdarg.h>
#include <stdbool.h>
#include <stddef.h>
#include <stdint.h>
#include <stdio.h>
#include <stdlib.h>
#include <string.h>
#include <strings.h>
#include <sys/types.h>
#include <time.h>
#include <wchar.h>

int main(int argc, char** argv)
{
  (void)argv;
#ifndef bcopy
  return ((int*)(&bcopy))[argc];
#else
  (void)argc;
  return 0;
#endif
}
Determining if the ceil exist passed with the following output:
Change Dir: /home/runner/work/CroMagRally-Android/CroMagRally-Android/android/app/.cxx/Debug/h3k1i6w1/x86/CMakeFiles/CMakeTmp

Run Build Command(s):/usr/local/lib/android/sdk/cmake/3.22.1/bin/ninja cmTC_26c63 && [1/2] Building C object CMakeFiles/cmTC_26c63.dir/CheckSymbolExists.c.o
[2/2] Linking C executable cmTC_26c63


File /home/runner/work/CroMagRally-Android/CroMagRally-Android/android/app/.cxx/Debug/h3k1i6w1/x86/CMakeFiles/CMakeTmp/CheckSymbolExists.c:
/* */
#include <float.h>
#include <iconv.h>
#include <inttypes.h>
#include <limits.h>
#include <malloc.h>
#include <math.h>
#include <memory.h>
#include <signal.h>
#include <stdarg.h>
#include <stdbool.h>
#include <stddef.h>
#include <stdint.h>
#include <stdio.h>
#include <stdlib.h>
#include <string.h>
#include <strings.h>
#include <sys/types.h>
#include <time.h>
#include <wchar.h>

int main(int argc, char** argv)
{
  (void)argv;
#ifndef ceil
  return ((int*)(&ceil))[argc];
#else
  (void)argc;
  return 0;
#endif
}
Determining if the ceilf exist passed with the following output:
Change Dir: /home/runner/work/CroMagRally-Android/CroMagRally-Android/android/app/.cxx/Debug/h3k1i6w1/x86/CMakeFiles/CMakeTmp

Run Build Command(s):/usr/local/lib/android/sdk/cmake/3.22.1/bin/ninja cmTC_a1871 && [1/2] Building C object CMakeFiles/cmTC_a1871.dir/CheckSymbolExists.c.o
[2/2] Linking C executable cmTC_a1871


File /home/runner/work/CroMagRally-Android/CroMagRally-Android/android/app/.cxx/Debug/h3k1i6w1/x86/CMakeFiles/CMakeTmp/CheckSymbolExists.c:
/* */
#include <float.h>
#include <iconv.h>
#include <inttypes.h>
#include <limits.h>
#include <malloc.h>
#include <math.h>
#include <memory.h>
#include <signal.h>
#include <stdarg.h>
#include <stdbool.h>
#include <stddef.h>
#include <stdint.h>
#include <stdio.h>
#include <stdlib.h>
#include <string.h>
#include <strings.h>
#include <sys/types.h>
#include <time.h>
#include <wchar.h>

int main(int argc, char** argv)
{
  (void)argv;
#ifndef ceilf
  return ((int*)(&ceilf))[argc];
#else
  (void)argc;
  return 0;
#endif
}
Determining if the copysign exist passed with the following output:
Change Dir: /home/runner/work/CroMagRally-Android/CroMagRally-Android/android/app/.cxx/Debug/h3k1i6w1/x86/CMakeFiles/CMakeTmp

Run Build Command(s):/usr/local/lib/android/sdk/cmake/3.22.1/bin/ninja cmTC_3c5ca && [1/2] Building C object CMakeFiles/cmTC_3c5ca.dir/CheckSymbolExists.c.o
[2/2] Linking C executable cmTC_3c5ca


File /home/runner/work/CroMagRally-Android/CroMagRally-Android/android/app/.cxx/Debug/h3k1i6w1/x86/CMakeFiles/CMakeTmp/CheckSymbolExists.c:
/* */
#include <float.h>
#include <iconv.h>
#include <inttypes.h>
#include <limits.h>
#include <malloc.h>
#include <math.h>
#include <memory.h>
#include <signal.h>
#include <stdarg.h>
#include <stdbool.h>
#include <stddef.h>
#include <stdint.h>
#include <stdio.h>
#include <stdlib.h>
#include <string.h>
#include <strings.h>
#include <sys/types.h>
#include <time.h>
#include <wchar.h>

int main(int argc, char** argv)
{
  (void)argv;
#ifndef copysign
  return ((int*)(&copysign))[argc];
#else
  (void)argc;
  return 0;
#endif
}
Determining if the copysignf exist passed with the following output:
Change Dir: /home/runner/work/CroMagRally-Android/CroMagRally-Android/android/app/.cxx/Debug/h3k1i6w1/x86/CMakeFiles/CMakeTmp

Run Build Command(s):/usr/local/lib/android/sdk/cmake/3.22.1/bin/ninja cmTC_9e421 && [1/2] Building C object CMakeFiles/cmTC_9e421.dir/CheckSymbolExists.c.o
[2/2] Linking C executable cmTC_9e421


File /home/runner/work/CroMagRally-Android/CroMagRally-Android/android/app/.cxx/Debug/h3k1i6w1/x86/CMakeFiles/CMakeTmp/CheckSymbolExists.c:
/* */
#include <float.h>
#include <iconv.h>
#include <inttypes.h>
#include <limits.h>
#include <malloc.h>
#include <math.h>
#include <memory.h>
#include <signal.h>
#include <stdarg.h>
#include <stdbool.h>
#include <stddef.h>
#include <stdint.h>
#include <stdio.h>
#include <stdlib.h>
#include <string.h>
#include <strings.h>
#include <sys/types.h>
#include <time.h>
#include <wchar.h>

int main(int argc, char** argv)
{
  (void)argv;
#ifndef copysignf
  return ((int*)(&copysignf))[argc];
#else
  (void)argc;
  return 0;
#endif
}
Determining if the cos exist passed with the following output:
Change Dir: /home/runner/work/CroMagRally-Android/CroMagRally-Android/android/app/.cxx/Debug/h3k1i6w1/x86/CMakeFiles/CMakeTmp

Run Build Command(s):/usr/local/lib/android/sdk/cmake/3.22.1/bin/ninja cmTC_f93e2 && [1/2] Building C object CMakeFiles/cmTC_f93e2.dir/CheckSymbolExists.c.o
[2/2] Linking C executable cmTC_f93e2


File /home/runner/work/CroMagRally-Android/CroMagRally-Android/android/app/.cxx/Debug/h3k1i6w1/x86/CMakeFiles/CMakeTmp/CheckSymbolExists.c:
/* */
#include <float.h>
#include <iconv.h>
#include <inttypes.h>
#include <limits.h>
#include <malloc.h>
#include <math.h>
#include <memory.h>
#include <signal.h>
#include <stdarg.h>
#include <stdbool.h>
#include <stddef.h>
#include <stdint.h>
#include <stdio.h>
#include <stdlib.h>
#include <string.h>
#include <strings.h>
#include <sys/types.h>
#include <time.h>
#include <wchar.h>

int main(int argc, char** argv)
{
  (void)argv;
#ifndef cos
  return ((int*)(&cos))[argc];
#else
  (void)argc;
  return 0;
#endif
}
Determining if the cosf exist passed with the following output:
Change Dir: /home/runner/work/CroMagRally-Android/CroMagRally-Android/android/app/.cxx/Debug/h3k1i6w1/x86/CMakeFiles/CMakeTmp

Run Build Command(s):/usr/local/lib/android/sdk/cmake/3.22.1/bin/ninja cmTC_e39e5 && [1/2] Building C object CMakeFiles/cmTC_e39e5.dir/CheckSymbolExists.c.o
[2/2] Linking C executable cmTC_e39e5


File /home/runner/work/CroMagRally-Android/CroMagRally-Android/android/app/.cxx/Debug/h3k1i6w1/x86/CMakeFiles/CMakeTmp/CheckSymbolExists.c:
/* */
#include <float.h>
#include <iconv.h>
#include <inttypes.h>
#include <limits.h>
#include <malloc.h>
#include <math.h>
#include <memory.h>
#include <signal.h>
#include <stdarg.h>
#include <stdbool.h>
#include <stddef.h>
#include <stdint.h>
#include <stdio.h>
#include <stdlib.h>
#include <string.h>
#include <strings.h>
#include <sys/types.h>
#include <time.h>
#include <wchar.h>

int main(int argc, char** argv)
{
  (void)argv;
#ifndef cosf
  return ((int*)(&cosf))[argc];
#else
  (void)argc;
  return 0;
#endif
}
Determining if the _Exit exist passed with the following output:
Change Dir: /home/runner/work/CroMagRally-Android/CroMagRally-Android/android/app/.cxx/Debug/h3k1i6w1/x86/CMakeFiles/CMakeTmp

Run Build Command(s):/usr/local/lib/android/sdk/cmake/3.22.1/bin/ninja cmTC_a0ce9 && [1/2] Building C object CMakeFiles/cmTC_a0ce9.dir/CheckSymbolExists.c.o
[2/2] Linking C executable cmTC_a0ce9


File /home/runner/work/CroMagRally-Android/CroMagRally-Android/android/app/.cxx/Debug/h3k1i6w1/x86/CMakeFiles/CMakeTmp/CheckSymbolExists.c:
/* */
#include <float.h>
#include <iconv.h>
#include <inttypes.h>
#include <limits.h>
#include <malloc.h>
#include <math.h>
#include <memory.h>
#include <signal.h>
#include <stdarg.h>
#include <stdbool.h>
#include <stddef.h>
#include <stdint.h>
#include <stdio.h>
#include <stdlib.h>
#include <string.h>
#include <strings.h>
#include <sys/types.h>
#include <time.h>
#include <wchar.h>

int main(int argc, char** argv)
{
  (void)argv;
#ifndef _Exit
  return ((int*)(&_Exit))[argc];
#else
  (void)argc;
  return 0;
#endif
}
Determining if the exp exist passed with the following output:
Change Dir: /home/runner/work/CroMagRally-Android/CroMagRally-Android/android/app/.cxx/Debug/h3k1i6w1/x86/CMakeFiles/CMakeTmp

Run Build Command(s):/usr/local/lib/android/sdk/cmake/3.22.1/bin/ninja cmTC_789a8 && [1/2] Building C object CMakeFiles/cmTC_789a8.dir/CheckSymbolExists.c.o
[2/2] Linking C executable cmTC_789a8


File /home/runner/work/CroMagRally-Android/CroMagRally-Android/android/app/.cxx/Debug/h3k1i6w1/x86/CMakeFiles/CMakeTmp/CheckSymbolExists.c:
/* */
#include <float.h>
#include <iconv.h>
#include <inttypes.h>
#include <limits.h>
#include <malloc.h>
#include <math.h>
#include <memory.h>
#include <signal.h>
#include <stdarg.h>
#include <stdbool.h>
#include <stddef.h>
#include <stdint.h>
#include <stdio.h>
#include <stdlib.h>
#include <string.h>
#include <strings.h>
#include <sys/types.h>
#include <time.h>
#include <wchar.h>

int main(int argc, char** argv)
{
  (void)argv;
#ifndef exp
  return ((int*)(&exp))[argc];
#else
  (void)argc;
  return 0;
#endif
}
Determining if the expf exist passed with the following output:
Change Dir: /home/runner/work/CroMagRally-Android/CroMagRally-Android/android/app/.cxx/Debug/h3k1i6w1/x86/CMakeFiles/CMakeTmp

Run Build Command(s):/usr/local/lib/android/sdk/cmake/3.22.1/bin/ninja cmTC_5b125 && [1/2] Building C object CMakeFiles/cmTC_5b125.dir/CheckSymbolExists.c.o
[2/2] Linking C executable cmTC_5b125


File /home/runner/work/CroMagRally-Android/CroMagRally-Android/android/app/.cxx/Debug/h3k1i6w1/x86/CMakeFiles/CMakeTmp/CheckSymbolExists.c:
/* */
#include <float.h>
#include <iconv.h>
#include <inttypes.h>
#include <limits.h>
#include <malloc.h>
#include <math.h>
#include <memory.h>
#include <signal.h>
#include <stdarg.h>
#include <stdbool.h>
#include <stddef.h>
#include <stdint.h>
#include <stdio.h>
#include <stdlib.h>
#include <string.h>
#include <strings.h>
#include <sys/types.h>
#include <time.h>
#include <wchar.h>

int main(int argc, char** argv)
{
  (void)argv;
#ifndef expf
  return ((int*)(&expf))[argc];
#else
  (void)argc;
  return 0;
#endif
}
Determining if the fabs exist passed with the following output:
Change Dir: /home/runner/work/CroMagRally-Android/CroMagRally-Android/android/app/.cxx/Debug/h3k1i6w1/x86/CMakeFiles/CMakeTmp

Run Build Command(s):/usr/local/lib/android/sdk/cmake/3.22.1/bin/ninja cmTC_5fb17 && [1/2] Building C object CMakeFiles/cmTC_5fb17.dir/CheckSymbolExists.c.o
[2/2] Linking C executable cmTC_5fb17


File /home/runner/work/CroMagRally-Android/CroMagRally-Android/android/app/.cxx/Debug/h3k1i6w1/x86/CMakeFiles/CMakeTmp/CheckSymbolExists.c:
/* */
#include <float.h>
#include <iconv.h>
#include <inttypes.h>
#include <limits.h>
#include <malloc.h>
#include <math.h>
#include <memory.h>
#include <signal.h>
#include <stdarg.h>
#include <stdbool.h>
#include <stddef.h>
#include <stdint.h>
#include <stdio.h>
#include <stdlib.h>
#include <string.h>
#include <strings.h>
#include <sys/types.h>
#include <time.h>
#include <wchar.h>

int main(int argc, char** argv)
{
  (void)argv;
#ifndef fabs
  return ((int*)(&fabs))[argc];
#else
  (void)argc;
  return 0;
#endif
}
Determining if the fabsf exist passed with the following output:
Change Dir: /home/runner/work/CroMagRally-Android/CroMagRally-Android/android/app/.cxx/Debug/h3k1i6w1/x86/CMakeFiles/CMakeTmp

Run Build Command(s):/usr/local/lib/android/sdk/cmake/3.22.1/bin/ninja cmTC_b6959 && [1/2] Building C object CMakeFiles/cmTC_b6959.dir/CheckSymbolExists.c.o
[2/2] Linking C executable cmTC_b6959


File /home/runner/work/CroMagRally-Android/CroMagRally-Android/android/app/.cxx/Debug/h3k1i6w1/x86/CMakeFiles/CMakeTmp/CheckSymbolExists.c:
/* */
#include <float.h>
#include <iconv.h>
#include <inttypes.h>
#include <limits.h>
#include <malloc.h>
#include <math.h>
#include <memory.h>
#include <signal.h>
#include <stdarg.h>
#include <stdbool.h>
#include <stddef.h>
#include <stdint.h>
#include <stdio.h>
#include <stdlib.h>
#include <string.h>
#include <strings.h>
#include <sys/types.h>
#include <time.h>
#include <wchar.h>

int main(int argc, char** argv)
{
  (void)argv;
#ifndef fabsf
  return ((int*)(&fabsf))[argc];
#else
  (void)argc;
  return 0;
#endif
}
Determining if the floor exist passed with the following output:
Change Dir: /home/runner/work/CroMagRally-Android/CroMagRally-Android/android/app/.cxx/Debug/h3k1i6w1/x86/CMakeFiles/CMakeTmp

Run Build Command(s):/usr/local/lib/android/sdk/cmake/3.22.1/bin/ninja cmTC_1bc1f && [1/2] Building C object CMakeFiles/cmTC_1bc1f.dir/CheckSymbolExists.c.o
[2/2] Linking C executable cmTC_1bc1f


File /home/runner/work/CroMagRally-Android/CroMagRally-Android/android/app/.cxx/Debug/h3k1i6w1/x86/CMakeFiles/CMakeTmp/CheckSymbolExists.c:
/* */
#include <float.h>
#include <iconv.h>
#include <inttypes.h>
#include <limits.h>
#include <malloc.h>
#include <math.h>
#include <memory.h>
#include <signal.h>
#include <stdarg.h>
#include <stdbool.h>
#include <stddef.h>
#include <stdint.h>
#include <stdio.h>
#include <stdlib.h>
#include <string.h>
#include <strings.h>
#include <sys/types.h>
#include <time.h>
#include <wchar.h>

int main(int argc, char** argv)
{
  (void)argv;
#ifndef floor
  return ((int*)(&floor))[argc];
#else
  (void)argc;
  return 0;
#endif
}
Determining if the floorf exist passed with the following output:
Change Dir: /home/runner/work/CroMagRally-Android/CroMagRally-Android/android/app/.cxx/Debug/h3k1i6w1/x86/CMakeFiles/CMakeTmp

Run Build Command(s):/usr/local/lib/android/sdk/cmake/3.22.1/bin/ninja cmTC_7d3b2 && [1/2] Building C object CMakeFiles/cmTC_7d3b2.dir/CheckSymbolExists.c.o
[2/2] Linking C executable cmTC_7d3b2


File /home/runner/work/CroMagRally-Android/CroMagRally-Android/android/app/.cxx/Debug/h3k1i6w1/x86/CMakeFiles/CMakeTmp/CheckSymbolExists.c:
/* */
#include <float.h>
#include <iconv.h>
#include <inttypes.h>
#include <limits.h>
#include <malloc.h>
#include <math.h>
#include <memory.h>
#include <signal.h>
#include <stdarg.h>
#include <stdbool.h>
#include <stddef.h>
#include <stdint.h>
#include <stdio.h>
#include <stdlib.h>
#include <string.h>
#include <strings.h>
#include <sys/types.h>
#include <time.h>
#include <wchar.h>

int main(int argc, char** argv)
{
  (void)argv;
#ifndef floorf
  return ((int*)(&floorf))[argc];
#else
  (void)argc;
  return 0;
#endif
}
Determining if the fmod exist passed with the following output:
Change Dir: /home/runner/work/CroMagRally-Android/CroMagRally-Android/android/app/.cxx/Debug/h3k1i6w1/x86/CMakeFiles/CMakeTmp

Run Build Command(s):/usr/local/lib/android/sdk/cmake/3.22.1/bin/ninja cmTC_51f85 && [1/2] Building C object CMakeFiles/cmTC_51f85.dir/CheckSymbolExists.c.o
[2/2] Linking C executable cmTC_51f85


File /home/runner/work/CroMagRally-Android/CroMagRally-Android/android/app/.cxx/Debug/h3k1i6w1/x86/CMakeFiles/CMakeTmp/CheckSymbolExists.c:
/* */
#include <float.h>
#include <iconv.h>
#include <inttypes.h>
#include <limits.h>
#include <malloc.h>
#include <math.h>
#include <memory.h>
#include <signal.h>
#include <stdarg.h>
#include <stdbool.h>
#include <stddef.h>
#include <stdint.h>
#include <stdio.h>
#include <stdlib.h>
#include <string.h>
#include <strings.h>
#include <sys/types.h>
#include <time.h>
#include <wchar.h>

int main(int argc, char** argv)
{
  (void)argv;
#ifndef fmod
  return ((int*)(&fmod))[argc];
#else
  (void)argc;
  return 0;
#endif
}
Determining if the fmodf exist passed with the following output:
Change Dir: /home/runner/work/CroMagRally-Android/CroMagRally-Android/android/app/.cxx/Debug/h3k1i6w1/x86/CMakeFiles/CMakeTmp

Run Build Command(s):/usr/local/lib/android/sdk/cmake/3.22.1/bin/ninja cmTC_2174a && [1/2] Building C object CMakeFiles/cmTC_2174a.dir/CheckSymbolExists.c.o
[2/2] Linking C executable cmTC_2174a


File /home/runner/work/CroMagRally-Android/CroMagRally-Android/android/app/.cxx/Debug/h3k1i6w1/x86/CMakeFiles/CMakeTmp/CheckSymbolExists.c:
/* */
#include <float.h>
#include <iconv.h>
#include <inttypes.h>
#include <limits.h>
#include <malloc.h>
#include <math.h>
#include <memory.h>
#include <signal.h>
#include <stdarg.h>
#include <stdbool.h>
#include <stddef.h>
#include <stdint.h>
#include <stdio.h>
#include <stdlib.h>
#include <string.h>
#include <strings.h>
#include <sys/types.h>
#include <time.h>
#include <wchar.h>

int main(int argc, char** argv)
{
  (void)argv;
#ifndef fmodf
  return ((int*)(&fmodf))[argc];
#else
  (void)argc;
  return 0;
#endif
}
Determining if the fopen64 exist passed with the following output:
Change Dir: /home/runner/work/CroMagRally-Android/CroMagRally-Android/android/app/.cxx/Debug/h3k1i6w1/x86/CMakeFiles/CMakeTmp

Run Build Command(s):/usr/local/lib/android/sdk/cmake/3.22.1/bin/ninja cmTC_25b8d && [1/2] Building C object CMakeFiles/cmTC_25b8d.dir/CheckSymbolExists.c.o
[2/2] Linking C executable cmTC_25b8d


File /home/runner/work/CroMagRally-Android/CroMagRally-Android/android/app/.cxx/Debug/h3k1i6w1/x86/CMakeFiles/CMakeTmp/CheckSymbolExists.c:
/* */
#include <float.h>
#include <iconv.h>
#include <inttypes.h>
#include <limits.h>
#include <malloc.h>
#include <math.h>
#include <memory.h>
#include <signal.h>
#include <stdarg.h>
#include <stdbool.h>
#include <stddef.h>
#include <stdint.h>
#include <stdio.h>
#include <stdlib.h>
#include <string.h>
#include <strings.h>
#include <sys/types.h>
#include <time.h>
#include <wchar.h>

int main(int argc, char** argv)
{
  (void)argv;
#ifndef fopen64
  return ((int*)(&fopen64))[argc];
#else
  (void)argc;
  return 0;
#endif
}
Determining if the fseeko exist passed with the following output:
Change Dir: /home/runner/work/CroMagRally-Android/CroMagRally-Android/android/app/.cxx/Debug/h3k1i6w1/x86/CMakeFiles/CMakeTmp

Run Build Command(s):/usr/local/lib/android/sdk/cmake/3.22.1/bin/ninja cmTC_50699 && [1/2] Building C object CMakeFiles/cmTC_50699.dir/CheckSymbolExists.c.o
[2/2] Linking C executable cmTC_50699


File /home/runner/work/CroMagRally-Android/CroMagRally-Android/android/app/.cxx/Debug/h3k1i6w1/x86/CMakeFiles/CMakeTmp/CheckSymbolExists.c:
/* */
#include <float.h>
#include <iconv.h>
#include <inttypes.h>
#include <limits.h>
#include <malloc.h>
#include <math.h>
#include <memory.h>
#include <signal.h>
#include <stdarg.h>
#include <stdbool.h>
#include <stddef.h>
#include <stdint.h>
#include <stdio.h>
#include <stdlib.h>
#include <string.h>
#include <strings.h>
#include <sys/types.h>
#include <time.h>
#include <wchar.h>

int main(int argc, char** argv)
{
  (void)argv;
#ifndef fseeko
  return ((int*)(&fseeko))[argc];
#else
  (void)argc;
  return 0;
#endif
}
Determining if the fseeko64 exist passed with the following output:
Change Dir: /home/runner/work/CroMagRally-Android/CroMagRally-Android/android/app/.cxx/Debug/h3k1i6w1/x86/CMakeFiles/CMakeTmp

Run Build Command(s):/usr/local/lib/android/sdk/cmake/3.22.1/bin/ninja cmTC_67f23 && [1/2] Building C object CMakeFiles/cmTC_67f23.dir/CheckSymbolExists.c.o
[2/2] Linking C executable cmTC_67f23


File /home/runner/work/CroMagRally-Android/CroMagRally-Android/android/app/.cxx/Debug/h3k1i6w1/x86/CMakeFiles/CMakeTmp/CheckSymbolExists.c:
/* */
#include <float.h>
#include <iconv.h>
#include <inttypes.h>
#include <limits.h>
#include <malloc.h>
#include <math.h>
#include <memory.h>
#include <signal.h>
#include <stdarg.h>
#include <stdbool.h>
#include <stddef.h>
#include <stdint.h>
#include <stdio.h>
#include <stdlib.h>
#include <string.h>
#include <strings.h>
#include <sys/types.h>
#include <time.h>
#include <wchar.h>

int main(int argc, char** argv)
{
  (void)argv;
#ifndef fseeko64
  return ((int*)(&fseeko64))[argc];
#else
  (void)argc;
  return 0;
#endif
}
Determining if the getenv exist passed with the following output:
Change Dir: /home/runner/work/CroMagRally-Android/CroMagRally-Android/android/app/.cxx/Debug/h3k1i6w1/x86/CMakeFiles/CMakeTmp

Run Build Command(s):/usr/local/lib/android/sdk/cmake/3.22.1/bin/ninja cmTC_3cb9b && [1/2] Building C object CMakeFiles/cmTC_3cb9b.dir/CheckSymbolExists.c.o
[2/2] Linking C executable cmTC_3cb9b


File /home/runner/work/CroMagRally-Android/CroMagRally-Android/android/app/.cxx/Debug/h3k1i6w1/x86/CMakeFiles/CMakeTmp/CheckSymbolExists.c:
/* */
#include <float.h>
#include <iconv.h>
#include <inttypes.h>
#include <limits.h>
#include <malloc.h>
#include <math.h>
#include <memory.h>
#include <signal.h>
#include <stdarg.h>
#include <stdbool.h>
#include <stddef.h>
#include <stdint.h>
#include <stdio.h>
#include <stdlib.h>
#include <string.h>
#include <strings.h>
#include <sys/types.h>
#include <time.h>
#include <wchar.h>

int main(int argc, char** argv)
{
  (void)argv;
#ifndef getenv
  return ((int*)(&getenv))[argc];
#else
  (void)argc;
  return 0;
#endif
}
Determining if the log exist passed with the following output:
Change Dir: /home/runner/work/CroMagRally-Android/CroMagRally-Android/android/app/.cxx/Debug/h3k1i6w1/x86/CMakeFiles/CMakeTmp

Run Build Command(s):/usr/local/lib/android/sdk/cmake/3.22.1/bin/ninja cmTC_fdc08 && [1/2] Building C object CMakeFiles/cmTC_fdc08.dir/CheckSymbolExists.c.o
[2/2] Linking C executable cmTC_fdc08


File /home/runner/work/CroMagRally-Android/CroMagRally-Android/android/app/.cxx/Debug/h3k1i6w1/x86/CMakeFiles/CMakeTmp/CheckSymbolExists.c:
/* */
#include <float.h>
#include <iconv.h>
#include <inttypes.h>
#include <limits.h>
#include <malloc.h>
#include <math.h>
#include <memory.h>
#include <signal.h>
#include <stdarg.h>
#include <stdbool.h>
#include <stddef.h>
#include <stdint.h>
#include <stdio.h>
#include <stdlib.h>
#include <string.h>
#include <strings.h>
#include <sys/types.h>
#include <time.h>
#include <wchar.h>

int main(int argc, char** argv)
{
  (void)argv;
#ifndef log
  return ((int*)(&log))[argc];
#else
  (void)argc;
  return 0;
#endif
}
Determining if the log10 exist passed with the following output:
Change Dir: /home/runner/work/CroMagRally-Android/CroMagRally-Android/android/app/.cxx/Debug/h3k1i6w1/x86/CMakeFiles/CMakeTmp

Run Build Command(s):/usr/local/lib/android/sdk/cmake/3.22.1/bin/ninja cmTC_363a7 && [1/2] Building C object CMakeFiles/cmTC_363a7.dir/CheckSymbolExists.c.o
[2/2] Linking C executable cmTC_363a7


File /home/runner/work/CroMagRally-Android/CroMagRally-Android/android/app/.cxx/Debug/h3k1i6w1/x86/CMakeFiles/CMakeTmp/CheckSymbolExists.c:
/* */
#include <float.h>
#include <iconv.h>
#include <inttypes.h>
#include <limits.h>
#include <malloc.h>
#include <math.h>
#include <memory.h>
#include <signal.h>
#include <stdarg.h>
#include <stdbool.h>
#include <stddef.h>
#include <stdint.h>
#include <stdio.h>
#include <stdlib.h>
#include <string.h>
#include <strings.h>
#include <sys/types.h>
#include <time.h>
#include <wchar.h>

int main(int argc, char** argv)
{
  (void)argv;
#ifndef log10
  return ((int*)(&log10))[argc];
#else
  (void)argc;
  return 0;
#endif
}
Determining if the log10f exist passed with the following output:
Change Dir: /home/runner/work/CroMagRally-Android/CroMagRally-Android/android/app/.cxx/Debug/h3k1i6w1/x86/CMakeFiles/CMakeTmp

Run Build Command(s):/usr/local/lib/android/sdk/cmake/3.22.1/bin/ninja cmTC_5b36b && [1/2] Building C object CMakeFiles/cmTC_5b36b.dir/CheckSymbolExists.c.o
[2/2] Linking C executable cmTC_5b36b


File /home/runner/work/CroMagRally-Android/CroMagRally-Android/android/app/.cxx/Debug/h3k1i6w1/x86/CMakeFiles/CMakeTmp/CheckSymbolExists.c:
/* */
#include <float.h>
#include <iconv.h>
#include <inttypes.h>
#include <limits.h>
#include <malloc.h>
#include <math.h>
#include <memory.h>
#include <signal.h>
#include <stdarg.h>
#include <stdbool.h>
#include <stddef.h>
#include <stdint.h>
#include <stdio.h>
#include <stdlib.h>
#include <string.h>
#include <strings.h>
#include <sys/types.h>
#include <time.h>
#include <wchar.h>

int main(int argc, char** argv)
{
  (void)argv;
#ifndef log10f
  return ((int*)(&log10f))[argc];
#else
  (void)argc;
  return 0;
#endif
}
Determining if the logf exist passed with the following output:
Change Dir: /home/runner/work/CroMagRally-Android/CroMagRally-Android/android/app/.cxx/Debug/h3k1i6w1/x86/CMakeFiles/CMakeTmp

Run Build Command(s):/usr/local/lib/android/sdk/cmake/3.22.1/bin/ninja cmTC_167c5 && [1/2] Building C object CMakeFiles/cmTC_167c5.dir/CheckSymbolExists.c.o
[2/2] Linking C executable cmTC_167c5


File /home/runner/work/CroMagRally-Android/CroMagRally-Android/android/app/.cxx/Debug/h3k1i6w1/x86/CMakeFiles/CMakeTmp/CheckSymbolExists.c:
/* */
#include <float.h>
#include <iconv.h>
#include <inttypes.h>
#include <limits.h>
#include <malloc.h>
#include <math.h>
#include <memory.h>
#include <signal.h>
#include <stdarg.h>
#include <stdbool.h>
#include <stddef.h>
#include <stdint.h>
#include <stdio.h>
#include <stdlib.h>
#include <string.h>
#include <strings.h>
#include <sys/types.h>
#include <time.h>
#include <wchar.h>

int main(int argc, char** argv)
{
  (void)argv;
#ifndef logf
  return ((int*)(&logf))[argc];
#else
  (void)argc;
  return 0;
#endif
}
Determining if the lround exist passed with the following output:
Change Dir: /home/runner/work/CroMagRally-Android/CroMagRally-Android/android/app/.cxx/Debug/h3k1i6w1/x86/CMakeFiles/CMakeTmp

Run Build Command(s):/usr/local/lib/android/sdk/cmake/3.22.1/bin/ninja cmTC_36fd7 && [1/2] Building C object CMakeFiles/cmTC_36fd7.dir/CheckSymbolExists.c.o
[2/2] Linking C executable cmTC_36fd7


File /home/runner/work/CroMagRally-Android/CroMagRally-Android/android/app/.cxx/Debug/h3k1i6w1/x86/CMakeFiles/CMakeTmp/CheckSymbolExists.c:
/* */
#include <float.h>
#include <iconv.h>
#include <inttypes.h>
#include <limits.h>
#include <malloc.h>
#include <math.h>
#include <memory.h>
#include <signal.h>
#include <stdarg.h>
#include <stdbool.h>
#include <stddef.h>
#include <stdint.h>
#include <stdio.h>
#include <stdlib.h>
#include <string.h>
#include <strings.h>
#include <sys/types.h>
#include <time.h>
#include <wchar.h>

int main(int argc, char** argv)
{
  (void)argv;
#ifndef lround
  return ((int*)(&lround))[argc];
#else
  (void)argc;
  return 0;
#endif
}
Determining if the lroundf exist passed with the following output:
Change Dir: /home/runner/work/CroMagRally-Android/CroMagRally-Android/android/app/.cxx/Debug/h3k1i6w1/x86/CMakeFiles/CMakeTmp

Run Build Command(s):/usr/local/lib/android/sdk/cmake/3.22.1/bin/ninja cmTC_ec4d3 && [1/2] Building C object CMakeFiles/cmTC_ec4d3.dir/CheckSymbolExists.c.o
[2/2] Linking C executable cmTC_ec4d3


File /home/runner/work/CroMagRally-Android/CroMagRally-Android/android/app/.cxx/Debug/h3k1i6w1/x86/CMakeFiles/CMakeTmp/CheckSymbolExists.c:
/* */
#include <float.h>
#include <iconv.h>
#include <inttypes.h>
#include <limits.h>
#include <malloc.h>
#include <math.h>
#include <memory.h>
#include <signal.h>
#include <stdarg.h>
#include <stdbool.h>
#include <stddef.h>
#include <stdint.h>
#include <stdio.h>
#include <stdlib.h>
#include <string.h>
#include <strings.h>
#include <sys/types.h>
#include <time.h>
#include <wchar.h>

int main(int argc, char** argv)
{
  (void)argv;
#ifndef lroundf
  return ((int*)(&lroundf))[argc];
#else
  (void)argc;
  return 0;
#endif
}
Determining if the malloc exist passed with the following output:
Change Dir: /home/runner/work/CroMagRally-Android/CroMagRally-Android/android/app/.cxx/Debug/h3k1i6w1/x86/CMakeFiles/CMakeTmp

Run Build Command(s):/usr/local/lib/android/sdk/cmake/3.22.1/bin/ninja cmTC_1398a && [1/2] Building C object CMakeFiles/cmTC_1398a.dir/CheckSymbolExists.c.o
[2/2] Linking C executable cmTC_1398a


File /home/runner/work/CroMagRally-Android/CroMagRally-Android/android/app/.cxx/Debug/h3k1i6w1/x86/CMakeFiles/CMakeTmp/CheckSymbolExists.c:
/* */
#include <float.h>
#include <iconv.h>
#include <inttypes.h>
#include <limits.h>
#include <malloc.h>
#include <math.h>
#include <memory.h>
#include <signal.h>
#include <stdarg.h>
#include <stdbool.h>
#include <stddef.h>
#include <stdint.h>
#include <stdio.h>
#include <stdlib.h>
#include <string.h>
#include <strings.h>
#include <sys/types.h>
#include <time.h>
#include <wchar.h>

int main(int argc, char** argv)
{
  (void)argv;
#ifndef malloc
  return ((int*)(&malloc))[argc];
#else
  (void)argc;
  return 0;
#endif
}
Determining if the memcmp exist passed with the following output:
Change Dir: /home/runner/work/CroMagRally-Android/CroMagRally-Android/android/app/.cxx/Debug/h3k1i6w1/x86/CMakeFiles/CMakeTmp

Run Build Command(s):/usr/local/lib/android/sdk/cmake/3.22.1/bin/ninja cmTC_b8fd7 && [1/2] Building C object CMakeFiles/cmTC_b8fd7.dir/CheckSymbolExists.c.o
[2/2] Linking C executable cmTC_b8fd7


File /home/runner/work/CroMagRally-Android/CroMagRally-Android/android/app/.cxx/Debug/h3k1i6w1/x86/CMakeFiles/CMakeTmp/CheckSymbolExists.c:
/* */
#include <float.h>
#include <iconv.h>
#include <inttypes.h>
#include <limits.h>
#include <malloc.h>
#include <math.h>
#include <memory.h>
#include <signal.h>
#include <stdarg.h>
#include <stdbool.h>
#include <stddef.h>
#include <stdint.h>
#include <stdio.h>
#include <stdlib.h>
#include <string.h>
#include <strings.h>
#include <sys/types.h>
#include <time.h>
#include <wchar.h>

int main(int argc, char** argv)
{
  (void)argv;
#ifndef memcmp
  return ((int*)(&memcmp))[argc];
#else
  (void)argc;
  return 0;
#endif
}
Determining if the memcpy exist passed with the following output:
Change Dir: /home/runner/work/CroMagRally-Android/CroMagRally-Android/android/app/.cxx/Debug/h3k1i6w1/x86/CMakeFiles/CMakeTmp

Run Build Command(s):/usr/local/lib/android/sdk/cmake/3.22.1/bin/ninja cmTC_0f42f && [1/2] Building C object CMakeFiles/cmTC_0f42f.dir/CheckSymbolExists.c.o
[2/2] Linking C executable cmTC_0f42f


File /home/runner/work/CroMagRally-Android/CroMagRally-Android/android/app/.cxx/Debug/h3k1i6w1/x86/CMakeFiles/CMakeTmp/CheckSymbolExists.c:
/* */
#include <float.h>
#include <iconv.h>
#include <inttypes.h>
#include <limits.h>
#include <malloc.h>
#include <math.h>
#include <memory.h>
#include <signal.h>
#include <stdarg.h>
#include <stdbool.h>
#include <stddef.h>
#include <stdint.h>
#include <stdio.h>
#include <stdlib.h>
#include <string.h>
#include <strings.h>
#include <sys/types.h>
#include <time.h>
#include <wchar.h>

int main(int argc, char** argv)
{
  (void)argv;
#ifndef memcpy
  return ((int*)(&memcpy))[argc];
#else
  (void)argc;
  return 0;
#endif
}
Determining if the memmove exist passed with the following output:
Change Dir: /home/runner/work/CroMagRally-Android/CroMagRally-Android/android/app/.cxx/Debug/h3k1i6w1/x86/CMakeFiles/CMakeTmp

Run Build Command(s):/usr/local/lib/android/sdk/cmake/3.22.1/bin/ninja cmTC_f65f2 && [1/2] Building C object CMakeFiles/cmTC_f65f2.dir/CheckSymbolExists.c.o
[2/2] Linking C executable cmTC_f65f2


File /home/runner/work/CroMagRally-Android/CroMagRally-Android/android/app/.cxx/Debug/h3k1i6w1/x86/CMakeFiles/CMakeTmp/CheckSymbolExists.c:
/* */
#include <float.h>
#include <iconv.h>
#include <inttypes.h>
#include <limits.h>
#include <malloc.h>
#include <math.h>
#include <memory.h>
#include <signal.h>
#include <stdarg.h>
#include <stdbool.h>
#include <stddef.h>
#include <stdint.h>
#include <stdio.h>
#include <stdlib.h>
#include <string.h>
#include <strings.h>
#include <sys/types.h>
#include <time.h>
#include <wchar.h>

int main(int argc, char** argv)
{
  (void)argv;
#ifndef memmove
  return ((int*)(&memmove))[argc];
#else
  (void)argc;
  return 0;
#endif
}
Determining if the memset exist passed with the following output:
Change Dir: /home/runner/work/CroMagRally-Android/CroMagRally-Android/android/app/.cxx/Debug/h3k1i6w1/x86/CMakeFiles/CMakeTmp

Run Build Command(s):/usr/local/lib/android/sdk/cmake/3.22.1/bin/ninja cmTC_46b19 && [1/2] Building C object CMakeFiles/cmTC_46b19.dir/CheckSymbolExists.c.o
[2/2] Linking C executable cmTC_46b19


File /home/runner/work/CroMagRally-Android/CroMagRally-Android/android/app/.cxx/Debug/h3k1i6w1/x86/CMakeFiles/CMakeTmp/CheckSymbolExists.c:
/* */
#include <float.h>
#include <iconv.h>
#include <inttypes.h>
#include <limits.h>
#include <malloc.h>
#include <math.h>
#include <memory.h>
#include <signal.h>
#include <stdarg.h>
#include <stdbool.h>
#include <stddef.h>
#include <stdint.h>
#include <stdio.h>
#include <stdlib.h>
#include <string.h>
#include <strings.h>
#include <sys/types.h>
#include <time.h>
#include <wchar.h>

int main(int argc, char** argv)
{
  (void)argv;
#ifndef memset
  return ((int*)(&memset))[argc];
#else
  (void)argc;
  return 0;
#endif
}
Determining if the modf exist passed with the following output:
Change Dir: /home/runner/work/CroMagRally-Android/CroMagRally-Android/android/app/.cxx/Debug/h3k1i6w1/x86/CMakeFiles/CMakeTmp

Run Build Command(s):/usr/local/lib/android/sdk/cmake/3.22.1/bin/ninja cmTC_fdd3d && [1/2] Building C object CMakeFiles/cmTC_fdd3d.dir/CheckSymbolExists.c.o
[2/2] Linking C executable cmTC_fdd3d


File /home/runner/work/CroMagRally-Android/CroMagRally-Android/android/app/.cxx/Debug/h3k1i6w1/x86/CMakeFiles/CMakeTmp/CheckSymbolExists.c:
/* */
#include <float.h>
#include <iconv.h>
#include <inttypes.h>
#include <limits.h>
#include <malloc.h>
#include <math.h>
#include <memory.h>
#include <signal.h>
#include <stdarg.h>
#include <stdbool.h>
#include <stddef.h>
#include <stdint.h>
#include <stdio.h>
#include <stdlib.h>
#include <string.h>
#include <strings.h>
#include <sys/types.h>
#include <time.h>
#include <wchar.h>

int main(int argc, char** argv)
{
  (void)argv;
#ifndef modf
  return ((int*)(&modf))[argc];
#else
  (void)argc;
  return 0;
#endif
}
Determining if the modff exist passed with the following output:
Change Dir: /home/runner/work/CroMagRally-Android/CroMagRally-Android/android/app/.cxx/Debug/h3k1i6w1/x86/CMakeFiles/CMakeTmp

Run Build Command(s):/usr/local/lib/android/sdk/cmake/3.22.1/bin/ninja cmTC_fff57 && [1/2] Building C object CMakeFiles/cmTC_fff57.dir/CheckSymbolExists.c.o
[2/2] Linking C executable cmTC_fff57


File /home/runner/work/CroMagRally-Android/CroMagRally-Android/android/app/.cxx/Debug/h3k1i6w1/x86/CMakeFiles/CMakeTmp/CheckSymbolExists.c:
/* */
#include <float.h>
#include <iconv.h>
#include <inttypes.h>
#include <limits.h>
#include <malloc.h>
#include <math.h>
#include <memory.h>
#include <signal.h>
#include <stdarg.h>
#include <stdbool.h>
#include <stddef.h>
#include <stdint.h>
#include <stdio.h>
#include <stdlib.h>
#include <string.h>
#include <strings.h>
#include <sys/types.h>
#include <time.h>
#include <wchar.h>

int main(int argc, char** argv)
{
  (void)argv;
#ifndef modff
  return ((int*)(&modff))[argc];
#else
  (void)argc;
  return 0;
#endif
}
Determining if the pow exist passed with the following output:
Change Dir: /home/runner/work/CroMagRally-Android/CroMagRally-Android/android/app/.cxx/Debug/h3k1i6w1/x86/CMakeFiles/CMakeTmp

Run Build Command(s):/usr/local/lib/android/sdk/cmake/3.22.1/bin/ninja cmTC_f0c0a && [1/2] Building C object CMakeFiles/cmTC_f0c0a.dir/CheckSymbolExists.c.o
[2/2] Linking C executable cmTC_f0c0a


File /home/runner/work/CroMagRally-Android/CroMagRally-Android/android/app/.cxx/Debug/h3k1i6w1/x86/CMakeFiles/CMakeTmp/CheckSymbolExists.c:
/* */
#include <float.h>
#include <iconv.h>
#include <inttypes.h>
#include <limits.h>
#include <malloc.h>
#include <math.h>
#include <memory.h>
#include <signal.h>
#include <stdarg.h>
#include <stdbool.h>
#include <stddef.h>
#include <stdint.h>
#include <stdio.h>
#include <stdlib.h>
#include <string.h>
#include <strings.h>
#include <sys/types.h>
#include <time.h>
#include <wchar.h>

int main(int argc, char** argv)
{
  (void)argv;
#ifndef pow
  return ((int*)(&pow))[argc];
#else
  (void)argc;
  return 0;
#endif
}
Determining if the powf exist passed with the following output:
Change Dir: /home/runner/work/CroMagRally-Android/CroMagRally-Android/android/app/.cxx/Debug/h3k1i6w1/x86/CMakeFiles/CMakeTmp

Run Build Command(s):/usr/local/lib/android/sdk/cmake/3.22.1/bin/ninja cmTC_00eec && [1/2] Building C object CMakeFiles/cmTC_00eec.dir/CheckSymbolExists.c.o
[2/2] Linking C executable cmTC_00eec


File /home/runner/work/CroMagRally-Android/CroMagRally-Android/android/app/.cxx/Debug/h3k1i6w1/x86/CMakeFiles/CMakeTmp/CheckSymbolExists.c:
/* */
#include <float.h>
#include <iconv.h>
#include <inttypes.h>
#include <limits.h>
#include <malloc.h>
#include <math.h>
#include <memory.h>
#include <signal.h>
#include <stdarg.h>
#include <stdbool.h>
#include <stddef.h>
#include <stdint.h>
#include <stdio.h>
#include <stdlib.h>
#include <string.h>
#include <strings.h>
#include <sys/types.h>
#include <time.h>
#include <wchar.h>

int main(int argc, char** argv)
{
  (void)argv;
#ifndef powf
  return ((int*)(&powf))[argc];
#else
  (void)argc;
  return 0;
#endif
}
Determining if the putenv exist passed with the following output:
Change Dir: /home/runner/work/CroMagRally-Android/CroMagRally-Android/android/app/.cxx/Debug/h3k1i6w1/x86/CMakeFiles/CMakeTmp

Run Build Command(s):/usr/local/lib/android/sdk/cmake/3.22.1/bin/ninja cmTC_71dc4 && [1/2] Building C object CMakeFiles/cmTC_71dc4.dir/CheckSymbolExists.c.o
[2/2] Linking C executable cmTC_71dc4


File /home/runner/work/CroMagRally-Android/CroMagRally-Android/android/app/.cxx/Debug/h3k1i6w1/x86/CMakeFiles/CMakeTmp/CheckSymbolExists.c:
/* */
#include <float.h>
#include <iconv.h>
#include <inttypes.h>
#include <limits.h>
#include <malloc.h>
#include <math.h>
#include <memory.h>
#include <signal.h>
#include <stdarg.h>
#include <stdbool.h>
#include <stddef.h>
#include <stdint.h>
#include <stdio.h>
#include <stdlib.h>
#include <string.h>
#include <strings.h>
#include <sys/types.h>
#include <time.h>
#include <wchar.h>

int main(int argc, char** argv)
{
  (void)argv;
#ifndef putenv
  return ((int*)(&putenv))[argc];
#else
  (void)argc;
  return 0;
#endif
}
Determining if the round exist passed with the following output:
Change Dir: /home/runner/work/CroMagRally-Android/CroMagRally-Android/android/app/.cxx/Debug/h3k1i6w1/x86/CMakeFiles/CMakeTmp

Run Build Command(s):/usr/local/lib/android/sdk/cmake/3.22.1/bin/ninja cmTC_f2aee && [1/2] Building C object CMakeFiles/cmTC_f2aee.dir/CheckSymbolExists.c.o
[2/2] Linking C executable cmTC_f2aee


File /home/runner/work/CroMagRally-Android/CroMagRally-Android/android/app/.cxx/Debug/h3k1i6w1/x86/CMakeFiles/CMakeTmp/CheckSymbolExists.c:
/* */
#include <float.h>
#include <iconv.h>
#include <inttypes.h>
#include <limits.h>
#include <malloc.h>
#include <math.h>
#include <memory.h>
#include <signal.h>
#include <stdarg.h>
#include <stdbool.h>
#include <stddef.h>
#include <stdint.h>
#include <stdio.h>
#include <stdlib.h>
#include <string.h>
#include <strings.h>
#include <sys/types.h>
#include <time.h>
#include <wchar.h>

int main(int argc, char** argv)
{
  (void)argv;
#ifndef round
  return ((int*)(&round))[argc];
#else
  (void)argc;
  return 0;
#endif
}
Determining if the roundf exist passed with the following output:
Change Dir: /home/runner/work/CroMagRally-Android/CroMagRally-Android/android/app/.cxx/Debug/h3k1i6w1/x86/CMakeFiles/CMakeTmp

Run Build Command(s):/usr/local/lib/android/sdk/cmake/3.22.1/bin/ninja cmTC_9898d && [1/2] Building C object CMakeFiles/cmTC_9898d.dir/CheckSymbolExists.c.o
[2/2] Linking C executable cmTC_9898d


File /home/runner/work/CroMagRally-Android/CroMagRally-Android/android/app/.cxx/Debug/h3k1i6w1/x86/CMakeFiles/CMakeTmp/CheckSymbolExists.c:
/* */
#include <float.h>
#include <iconv.h>
#include <inttypes.h>
#include <limits.h>
#include <malloc.h>
#include <math.h>
#include <memory.h>
#include <signal.h>
#include <stdarg.h>
#include <stdbool.h>
#include <stddef.h>
#include <stdint.h>
#include <stdio.h>
#include <stdlib.h>
#include <string.h>
#include <strings.h>
#include <sys/types.h>
#include <time.h>
#include <wchar.h>

int main(int argc, char** argv)
{
  (void)argv;
#ifndef roundf
  return ((int*)(&roundf))[argc];
#else
  (void)argc;
  return 0;
#endif
}
Determining if the scalbn exist passed with the following output:
Change Dir: /home/runner/work/CroMagRally-Android/CroMagRally-Android/android/app/.cxx/Debug/h3k1i6w1/x86/CMakeFiles/CMakeTmp

Run Build Command(s):/usr/local/lib/android/sdk/cmake/3.22.1/bin/ninja cmTC_cec31 && [1/2] Building C object CMakeFiles/cmTC_cec31.dir/CheckSymbolExists.c.o
[2/2] Linking C executable cmTC_cec31


File /home/runner/work/CroMagRally-Android/CroMagRally-Android/android/app/.cxx/Debug/h3k1i6w1/x86/CMakeFiles/CMakeTmp/CheckSymbolExists.c:
/* */
#include <float.h>
#include <iconv.h>
#include <inttypes.h>
#include <limits.h>
#include <malloc.h>
#include <math.h>
#include <memory.h>
#include <signal.h>
#include <stdarg.h>
#include <stdbool.h>
#include <stddef.h>
#include <stdint.h>
#include <stdio.h>
#include <stdlib.h>
#include <string.h>
#include <strings.h>
#include <sys/types.h>
#include <time.h>
#include <wchar.h>

int main(int argc, char** argv)
{
  (void)argv;
#ifndef scalbn
  return ((int*)(&scalbn))[argc];
#else
  (void)argc;
  return 0;
#endif
}
Determining if the scalbnf exist passed with the following output:
Change Dir: /home/runner/work/CroMagRally-Android/CroMagRally-Android/android/app/.cxx/Debug/h3k1i6w1/x86/CMakeFiles/CMakeTmp

Run Build Command(s):/usr/local/lib/android/sdk/cmake/3.22.1/bin/ninja cmTC_3c1ef && [1/2] Building C object CMakeFiles/cmTC_3c1ef.dir/CheckSymbolExists.c.o
[2/2] Linking C executable cmTC_3c1ef


File /home/runner/work/CroMagRally-Android/CroMagRally-Android/android/app/.cxx/Debug/h3k1i6w1/x86/CMakeFiles/CMakeTmp/CheckSymbolExists.c:
/* */
#include <float.h>
#include <iconv.h>
#include <inttypes.h>
#include <limits.h>
#include <malloc.h>
#include <math.h>
#include <memory.h>
#include <signal.h>
#include <stdarg.h>
#include <stdbool.h>
#include <stddef.h>
#include <stdint.h>
#include <stdio.h>
#include <stdlib.h>
#include <string.h>
#include <strings.h>
#include <sys/types.h>
#include <time.h>
#include <wchar.h>

int main(int argc, char** argv)
{
  (void)argv;
#ifndef scalbnf
  return ((int*)(&scalbnf))[argc];
#else
  (void)argc;
  return 0;
#endif
}
Determining if the setenv exist passed with the following output:
Change Dir: /home/runner/work/CroMagRally-Android/CroMagRally-Android/android/app/.cxx/Debug/h3k1i6w1/x86/CMakeFiles/CMakeTmp

Run Build Command(s):/usr/local/lib/android/sdk/cmake/3.22.1/bin/ninja cmTC_0dcb2 && [1/2] Building C object CMakeFiles/cmTC_0dcb2.dir/CheckSymbolExists.c.o
[2/2] Linking C executable cmTC_0dcb2


File /home/runner/work/CroMagRally-Android/CroMagRally-Android/android/app/.cxx/Debug/h3k1i6w1/x86/CMakeFiles/CMakeTmp/CheckSymbolExists.c:
/* */
#include <float.h>
#include <iconv.h>
#include <inttypes.h>
#include <limits.h>
#include <malloc.h>
#include <math.h>
#include <memory.h>
#include <signal.h>
#include <stdarg.h>
#include <stdbool.h>
#include <stddef.h>
#include <stdint.h>
#include <stdio.h>
#include <stdlib.h>
#include <string.h>
#include <strings.h>
#include <sys/types.h>
#include <time.h>
#include <wchar.h>

int main(int argc, char** argv)
{
  (void)argv;
#ifndef setenv
  return ((int*)(&setenv))[argc];
#else
  (void)argc;
  return 0;
#endif
}
Determining if the sin exist passed with the following output:
Change Dir: /home/runner/work/CroMagRally-Android/CroMagRally-Android/android/app/.cxx/Debug/h3k1i6w1/x86/CMakeFiles/CMakeTmp

Run Build Command(s):/usr/local/lib/android/sdk/cmake/3.22.1/bin/ninja cmTC_6e099 && [1/2] Building C object CMakeFiles/cmTC_6e099.dir/CheckSymbolExists.c.o
[2/2] Linking C executable cmTC_6e099


File /home/runner/work/CroMagRally-Android/CroMagRally-Android/android/app/.cxx/Debug/h3k1i6w1/x86/CMakeFiles/CMakeTmp/CheckSymbolExists.c:
/* */
#include <float.h>
#include <iconv.h>
#include <inttypes.h>
#include <limits.h>
#include <malloc.h>
#include <math.h>
#include <memory.h>
#include <signal.h>
#include <stdarg.h>
#include <stdbool.h>
#include <stddef.h>
#include <stdint.h>
#include <stdio.h>
#include <stdlib.h>
#include <string.h>
#include <strings.h>
#include <sys/types.h>
#include <time.h>
#include <wchar.h>

int main(int argc, char** argv)
{
  (void)argv;
#ifndef sin
  return ((int*)(&sin))[argc];
#else
  (void)argc;
  return 0;
#endif
}
Determining if the sinf exist passed with the following output:
Change Dir: /home/runner/work/CroMagRally-Android/CroMagRally-Android/android/app/.cxx/Debug/h3k1i6w1/x86/CMakeFiles/CMakeTmp

Run Build Command(s):/usr/local/lib/android/sdk/cmake/3.22.1/bin/ninja cmTC_3667f && [1/2] Building C object CMakeFiles/cmTC_3667f.dir/CheckSymbolExists.c.o
[2/2] Linking C executable cmTC_3667f


File /home/runner/work/CroMagRally-Android/CroMagRally-Android/android/app/.cxx/Debug/h3k1i6w1/x86/CMakeFiles/CMakeTmp/CheckSymbolExists.c:
/* */
#include <float.h>
#include <iconv.h>
#include <inttypes.h>
#include <limits.h>
#include <malloc.h>
#include <math.h>
#include <memory.h>
#include <signal.h>
#include <stdarg.h>
#include <stdbool.h>
#include <stddef.h>
#include <stdint.h>
#include <stdio.h>
#include <stdlib.h>
#include <string.h>
#include <strings.h>
#include <sys/types.h>
#include <time.h>
#include <wchar.h>

int main(int argc, char** argv)
{
  (void)argv;
#ifndef sinf
  return ((int*)(&sinf))[argc];
#else
  (void)argc;
  return 0;
#endif
}
Determining if the sqrt exist passed with the following output:
Change Dir: /home/runner/work/CroMagRally-Android/CroMagRally-Android/android/app/.cxx/Debug/h3k1i6w1/x86/CMakeFiles/CMakeTmp

Run Build Command(s):/usr/local/lib/android/sdk/cmake/3.22.1/bin/ninja cmTC_46b78 && [1/2] Building C object CMakeFiles/cmTC_46b78.dir/CheckSymbolExists.c.o
[2/2] Linking C executable cmTC_46b78


File /home/runner/work/CroMagRally-Android/CroMagRally-Android/android/app/.cxx/Debug/h3k1i6w1/x86/CMakeFiles/CMakeTmp/CheckSymbolExists.c:
/* */
#include <float.h>
#include <iconv.h>
#include <inttypes.h>
#include <limits.h>
#include <malloc.h>
#include <math.h>
#include <memory.h>
#include <signal.h>
#include <stdarg.h>
#include <stdbool.h>
#include <stddef.h>
#include <stdint.h>
#include <stdio.h>
#include <stdlib.h>
#include <string.h>
#include <strings.h>
#include <sys/types.h>
#include <time.h>
#include <wchar.h>

int main(int argc, char** argv)
{
  (void)argv;
#ifndef sqrt
  return ((int*)(&sqrt))[argc];
#else
  (void)argc;
  return 0;
#endif
}
Determining if the sqrtf exist passed with the following output:
Change Dir: /home/runner/work/CroMagRally-Android/CroMagRally-Android/android/app/.cxx/Debug/h3k1i6w1/x86/CMakeFiles/CMakeTmp

Run Build Command(s):/usr/local/lib/android/sdk/cmake/3.22.1/bin/ninja cmTC_1cff2 && [1/2] Building C object CMakeFiles/cmTC_1cff2.dir/CheckSymbolExists.c.o
[2/2] Linking C executable cmTC_1cff2


File /home/runner/work/CroMagRally-Android/CroMagRally-Android/android/app/.cxx/Debug/h3k1i6w1/x86/CMakeFiles/CMakeTmp/CheckSymbolExists.c:
/* */
#include <float.h>
#include <iconv.h>
#include <inttypes.h>
#include <limits.h>
#include <malloc.h>
#include <math.h>
#include <memory.h>
#include <signal.h>
#include <stdarg.h>
#include <stdbool.h>
#include <stddef.h>
#include <stdint.h>
#include <stdio.h>
#include <stdlib.h>
#include <string.h>
#include <strings.h>
#include <sys/types.h>
#include <time.h>
#include <wchar.h>

int main(int argc, char** argv)
{
  (void)argv;
#ifndef sqrtf
  return ((int*)(&sqrtf))[argc];
#else
  (void)argc;
  return 0;
#endif
}
Determining if the sscanf exist passed with the following output:
Change Dir: /home/runner/work/CroMagRally-Android/CroMagRally-Android/android/app/.cxx/Debug/h3k1i6w1/x86/CMakeFiles/CMakeTmp

Run Build Command(s):/usr/local/lib/android/sdk/cmake/3.22.1/bin/ninja cmTC_e4730 && [1/2] Building C object CMakeFiles/cmTC_e4730.dir/CheckSymbolExists.c.o
[2/2] Linking C executable cmTC_e4730


File /home/runner/work/CroMagRally-Android/CroMagRally-Android/android/app/.cxx/Debug/h3k1i6w1/x86/CMakeFiles/CMakeTmp/CheckSymbolExists.c:
/* */
#include <float.h>
#include <iconv.h>
#include <inttypes.h>
#include <limits.h>
#include <malloc.h>
#include <math.h>
#include <memory.h>
#include <signal.h>
#include <stdarg.h>
#include <stdbool.h>
#include <stddef.h>
#include <stdint.h>
#include <stdio.h>
#include <stdlib.h>
#include <string.h>
#include <strings.h>
#include <sys/types.h>
#include <time.h>
#include <wchar.h>

int main(int argc, char** argv)
{
  (void)argv;
#ifndef sscanf
  return ((int*)(&sscanf))[argc];
#else
  (void)argc;
  return 0;
#endif
}
Determining if the strchr exist passed with the following output:
Change Dir: /home/runner/work/CroMagRally-Android/CroMagRally-Android/android/app/.cxx/Debug/h3k1i6w1/x86/CMakeFiles/CMakeTmp

Run Build Command(s):/usr/local/lib/android/sdk/cmake/3.22.1/bin/ninja cmTC_d4216 && [1/2] Building C object CMakeFiles/cmTC_d4216.dir/CheckSymbolExists.c.o
[2/2] Linking C executable cmTC_d4216


File /home/runner/work/CroMagRally-Android/CroMagRally-Android/android/app/.cxx/Debug/h3k1i6w1/x86/CMakeFiles/CMakeTmp/CheckSymbolExists.c:
/* */
#include <float.h>
#include <iconv.h>
#include <inttypes.h>
#include <limits.h>
#include <malloc.h>
#include <math.h>
#include <memory.h>
#include <signal.h>
#include <stdarg.h>
#include <stdbool.h>
#include <stddef.h>
#include <stdint.h>
#include <stdio.h>
#include <stdlib.h>
#include <string.h>
#include <strings.h>
#include <sys/types.h>
#include <time.h>
#include <wchar.h>

int main(int argc, char** argv)
{
  (void)argv;
#ifndef strchr
  return ((int*)(&strchr))[argc];
#else
  (void)argc;
  return 0;
#endif
}
Determining if the strcmp exist passed with the following output:
Change Dir: /home/runner/work/CroMagRally-Android/CroMagRally-Android/android/app/.cxx/Debug/h3k1i6w1/x86/CMakeFiles/CMakeTmp

Run Build Command(s):/usr/local/lib/android/sdk/cmake/3.22.1/bin/ninja cmTC_631e4 && [1/2] Building C object CMakeFiles/cmTC_631e4.dir/CheckSymbolExists.c.o
[2/2] Linking C executable cmTC_631e4


File /home/runner/work/CroMagRally-Android/CroMagRally-Android/android/app/.cxx/Debug/h3k1i6w1/x86/CMakeFiles/CMakeTmp/CheckSymbolExists.c:
/* */
#include <float.h>
#include <iconv.h>
#include <inttypes.h>
#include <limits.h>
#include <malloc.h>
#include <math.h>
#include <memory.h>
#include <signal.h>
#include <stdarg.h>
#include <stdbool.h>
#include <stddef.h>
#include <stdint.h>
#include <stdio.h>
#include <stdlib.h>
#include <string.h>
#include <strings.h>
#include <sys/types.h>
#include <time.h>
#include <wchar.h>

int main(int argc, char** argv)
{
  (void)argv;
#ifndef strcmp
  return ((int*)(&strcmp))[argc];
#else
  (void)argc;
  return 0;
#endif
}
Determining if the strlcat exist passed with the following output:
Change Dir: /home/runner/work/CroMagRally-Android/CroMagRally-Android/android/app/.cxx/Debug/h3k1i6w1/x86/CMakeFiles/CMakeTmp

Run Build Command(s):/usr/local/lib/android/sdk/cmake/3.22.1/bin/ninja cmTC_e07db && [1/2] Building C object CMakeFiles/cmTC_e07db.dir/CheckSymbolExists.c.o
[2/2] Linking C executable cmTC_e07db


File /home/runner/work/CroMagRally-Android/CroMagRally-Android/android/app/.cxx/Debug/h3k1i6w1/x86/CMakeFiles/CMakeTmp/CheckSymbolExists.c:
/* */
#include <float.h>
#include <iconv.h>
#include <inttypes.h>
#include <limits.h>
#include <malloc.h>
#include <math.h>
#include <memory.h>
#include <signal.h>
#include <stdarg.h>
#include <stdbool.h>
#include <stddef.h>
#include <stdint.h>
#include <stdio.h>
#include <stdlib.h>
#include <string.h>
#include <strings.h>
#include <sys/types.h>
#include <time.h>
#include <wchar.h>

int main(int argc, char** argv)
{
  (void)argv;
#ifndef strlcat
  return ((int*)(&strlcat))[argc];
#else
  (void)argc;
  return 0;
#endif
}
Determining if the strlcpy exist passed with the following output:
Change Dir: /home/runner/work/CroMagRally-Android/CroMagRally-Android/android/app/.cxx/Debug/h3k1i6w1/x86/CMakeFiles/CMakeTmp

Run Build Command(s):/usr/local/lib/android/sdk/cmake/3.22.1/bin/ninja cmTC_34ac6 && [1/2] Building C object CMakeFiles/cmTC_34ac6.dir/CheckSymbolExists.c.o
[2/2] Linking C executable cmTC_34ac6


File /home/runner/work/CroMagRally-Android/CroMagRally-Android/android/app/.cxx/Debug/h3k1i6w1/x86/CMakeFiles/CMakeTmp/CheckSymbolExists.c:
/* */
#include <float.h>
#include <iconv.h>
#include <inttypes.h>
#include <limits.h>
#include <malloc.h>
#include <math.h>
#include <memory.h>
#include <signal.h>
#include <stdarg.h>
#include <stdbool.h>
#include <stddef.h>
#include <stdint.h>
#include <stdio.h>
#include <stdlib.h>
#include <string.h>
#include <strings.h>
#include <sys/types.h>
#include <time.h>
#include <wchar.h>

int main(int argc, char** argv)
{
  (void)argv;
#ifndef strlcpy
  return ((int*)(&strlcpy))[argc];
#else
  (void)argc;
  return 0;
#endif
}
Determining if the strlen exist passed with the following output:
Change Dir: /home/runner/work/CroMagRally-Android/CroMagRally-Android/android/app/.cxx/Debug/h3k1i6w1/x86/CMakeFiles/CMakeTmp

Run Build Command(s):/usr/local/lib/android/sdk/cmake/3.22.1/bin/ninja cmTC_e64ad && [1/2] Building C object CMakeFiles/cmTC_e64ad.dir/CheckSymbolExists.c.o
[2/2] Linking C executable cmTC_e64ad


File /home/runner/work/CroMagRally-Android/CroMagRally-Android/android/app/.cxx/Debug/h3k1i6w1/x86/CMakeFiles/CMakeTmp/CheckSymbolExists.c:
/* */
#include <float.h>
#include <iconv.h>
#include <inttypes.h>
#include <limits.h>
#include <malloc.h>
#include <math.h>
#include <memory.h>
#include <signal.h>
#include <stdarg.h>
#include <stdbool.h>
#include <stddef.h>
#include <stdint.h>
#include <stdio.h>
#include <stdlib.h>
#include <string.h>
#include <strings.h>
#include <sys/types.h>
#include <time.h>
#include <wchar.h>

int main(int argc, char** argv)
{
  (void)argv;
#ifndef strlen
  return ((int*)(&strlen))[argc];
#else
  (void)argc;
  return 0;
#endif
}
Determining if the strncmp exist passed with the following output:
Change Dir: /home/runner/work/CroMagRally-Android/CroMagRally-Android/android/app/.cxx/Debug/h3k1i6w1/x86/CMakeFiles/CMakeTmp

Run Build Command(s):/usr/local/lib/android/sdk/cmake/3.22.1/bin/ninja cmTC_f56ba && [1/2] Building C object CMakeFiles/cmTC_f56ba.dir/CheckSymbolExists.c.o
[2/2] Linking C executable cmTC_f56ba


File /home/runner/work/CroMagRally-Android/CroMagRally-Android/android/app/.cxx/Debug/h3k1i6w1/x86/CMakeFiles/CMakeTmp/CheckSymbolExists.c:
/* */
#include <float.h>
#include <iconv.h>
#include <inttypes.h>
#include <limits.h>
#include <malloc.h>
#include <math.h>
#include <memory.h>
#include <signal.h>
#include <stdarg.h>
#include <stdbool.h>
#include <stddef.h>
#include <stdint.h>
#include <stdio.h>
#include <stdlib.h>
#include <string.h>
#include <strings.h>
#include <sys/types.h>
#include <time.h>
#include <wchar.h>

int main(int argc, char** argv)
{
  (void)argv;
#ifndef strncmp
  return ((int*)(&strncmp))[argc];
#else
  (void)argc;
  return 0;
#endif
}
Determining if the strnlen exist passed with the following output:
Change Dir: /home/runner/work/CroMagRally-Android/CroMagRally-Android/android/app/.cxx/Debug/h3k1i6w1/x86/CMakeFiles/CMakeTmp

Run Build Command(s):/usr/local/lib/android/sdk/cmake/3.22.1/bin/ninja cmTC_a4ae1 && [1/2] Building C object CMakeFiles/cmTC_a4ae1.dir/CheckSymbolExists.c.o
[2/2] Linking C executable cmTC_a4ae1


File /home/runner/work/CroMagRally-Android/CroMagRally-Android/android/app/.cxx/Debug/h3k1i6w1/x86/CMakeFiles/CMakeTmp/CheckSymbolExists.c:
/* */
#include <float.h>
#include <iconv.h>
#include <inttypes.h>
#include <limits.h>
#include <malloc.h>
#include <math.h>
#include <memory.h>
#include <signal.h>
#include <stdarg.h>
#include <stdbool.h>
#include <stddef.h>
#include <stdint.h>
#include <stdio.h>
#include <stdlib.h>
#include <string.h>
#include <strings.h>
#include <sys/types.h>
#include <time.h>
#include <wchar.h>

int main(int argc, char** argv)
{
  (void)argv;
#ifndef strnlen
  return ((int*)(&strnlen))[argc];
#else
  (void)argc;
  return 0;
#endif
}
Determining if the strpbrk exist passed with the following output:
Change Dir: /home/runner/work/CroMagRally-Android/CroMagRally-Android/android/app/.cxx/Debug/h3k1i6w1/x86/CMakeFiles/CMakeTmp

Run Build Command(s):/usr/local/lib/android/sdk/cmake/3.22.1/bin/ninja cmTC_44c24 && [1/2] Building C object CMakeFiles/cmTC_44c24.dir/CheckSymbolExists.c.o
[2/2] Linking C executable cmTC_44c24


File /home/runner/work/CroMagRally-Android/CroMagRally-Android/android/app/.cxx/Debug/h3k1i6w1/x86/CMakeFiles/CMakeTmp/CheckSymbolExists.c:
/* */
#include <float.h>
#include <iconv.h>
#include <inttypes.h>
#include <limits.h>
#include <malloc.h>
#include <math.h>
#include <memory.h>
#include <signal.h>
#include <stdarg.h>
#include <stdbool.h>
#include <stddef.h>
#include <stdint.h>
#include <stdio.h>
#include <stdlib.h>
#include <string.h>
#include <strings.h>
#include <sys/types.h>
#include <time.h>
#include <wchar.h>

int main(int argc, char** argv)
{
  (void)argv;
#ifndef strpbrk
  return ((int*)(&strpbrk))[argc];
#else
  (void)argc;
  return 0;
#endif
}
Determining if the strrchr exist passed with the following output:
Change Dir: /home/runner/work/CroMagRally-Android/CroMagRally-Android/android/app/.cxx/Debug/h3k1i6w1/x86/CMakeFiles/CMakeTmp

Run Build Command(s):/usr/local/lib/android/sdk/cmake/3.22.1/bin/ninja cmTC_4b138 && [1/2] Building C object CMakeFiles/cmTC_4b138.dir/CheckSymbolExists.c.o
[2/2] Linking C executable cmTC_4b138


File /home/runner/work/CroMagRally-Android/CroMagRally-Android/android/app/.cxx/Debug/h3k1i6w1/x86/CMakeFiles/CMakeTmp/CheckSymbolExists.c:
/* */
#include <float.h>
#include <iconv.h>
#include <inttypes.h>
#include <limits.h>
#include <malloc.h>
#include <math.h>
#include <memory.h>
#include <signal.h>
#include <stdarg.h>
#include <stdbool.h>
#include <stddef.h>
#include <stdint.h>
#include <stdio.h>
#include <stdlib.h>
#include <string.h>
#include <strings.h>
#include <sys/types.h>
#include <time.h>
#include <wchar.h>

int main(int argc, char** argv)
{
  (void)argv;
#ifndef strrchr
  return ((int*)(&strrchr))[argc];
#else
  (void)argc;
  return 0;
#endif
}
Determining if the strstr exist passed with the following output:
Change Dir: /home/runner/work/CroMagRally-Android/CroMagRally-Android/android/app/.cxx/Debug/h3k1i6w1/x86/CMakeFiles/CMakeTmp

Run Build Command(s):/usr/local/lib/android/sdk/cmake/3.22.1/bin/ninja cmTC_b1055 && [1/2] Building C object CMakeFiles/cmTC_b1055.dir/CheckSymbolExists.c.o
[2/2] Linking C executable cmTC_b1055


File /home/runner/work/CroMagRally-Android/CroMagRally-Android/android/app/.cxx/Debug/h3k1i6w1/x86/CMakeFiles/CMakeTmp/CheckSymbolExists.c:
/* */
#include <float.h>
#include <iconv.h>
#include <inttypes.h>
#include <limits.h>
#include <malloc.h>
#include <math.h>
#include <memory.h>
#include <signal.h>
#include <stdarg.h>
#include <stdbool.h>
#include <stddef.h>
#include <stdint.h>
#include <stdio.h>
#include <stdlib.h>
#include <string.h>
#include <strings.h>
#include <sys/types.h>
#include <time.h>
#include <wchar.h>

int main(int argc, char** argv)
{
  (void)argv;
#ifndef strstr
  return ((int*)(&strstr))[argc];
#else
  (void)argc;
  return 0;
#endif
}
Determining if the strtod exist passed with the following output:
Change Dir: /home/runner/work/CroMagRally-Android/CroMagRally-Android/android/app/.cxx/Debug/h3k1i6w1/x86/CMakeFiles/CMakeTmp

Run Build Command(s):/usr/local/lib/android/sdk/cmake/3.22.1/bin/ninja cmTC_dc522 && [1/2] Building C object CMakeFiles/cmTC_dc522.dir/CheckSymbolExists.c.o
[2/2] Linking C executable cmTC_dc522


File /home/runner/work/CroMagRally-Android/CroMagRally-Android/android/app/.cxx/Debug/h3k1i6w1/x86/CMakeFiles/CMakeTmp/CheckSymbolExists.c:
/* */
#include <float.h>
#include <iconv.h>
#include <inttypes.h>
#include <limits.h>
#include <malloc.h>
#include <math.h>
#include <memory.h>
#include <signal.h>
#include <stdarg.h>
#include <stdbool.h>
#include <stddef.h>
#include <stdint.h>
#include <stdio.h>
#include <stdlib.h>
#include <string.h>
#include <strings.h>
#include <sys/types.h>
#include <time.h>
#include <wchar.h>

int main(int argc, char** argv)
{
  (void)argv;
#ifndef strtod
  return ((int*)(&strtod))[argc];
#else
  (void)argc;
  return 0;
#endif
}
Determining if the strtok_r exist passed with the following output:
Change Dir: /home/runner/work/CroMagRally-Android/CroMagRally-Android/android/app/.cxx/Debug/h3k1i6w1/x86/CMakeFiles/CMakeTmp

Run Build Command(s):/usr/local/lib/android/sdk/cmake/3.22.1/bin/ninja cmTC_379fd && [1/2] Building C object CMakeFiles/cmTC_379fd.dir/CheckSymbolExists.c.o
[2/2] Linking C executable cmTC_379fd


File /home/runner/work/CroMagRally-Android/CroMagRally-Android/android/app/.cxx/Debug/h3k1i6w1/x86/CMakeFiles/CMakeTmp/CheckSymbolExists.c:
/* */
#include <float.h>
#include <iconv.h>
#include <inttypes.h>
#include <limits.h>
#include <malloc.h>
#include <math.h>
#include <memory.h>
#include <signal.h>
#include <stdarg.h>
#include <stdbool.h>
#include <stddef.h>
#include <stdint.h>
#include <stdio.h>
#include <stdlib.h>
#include <string.h>
#include <strings.h>
#include <sys/types.h>
#include <time.h>
#include <wchar.h>

int main(int argc, char** argv)
{
  (void)argv;
#ifndef strtok_r
  return ((int*)(&strtok_r))[argc];
#else
  (void)argc;
  return 0;
#endif
}
Determining if the strtol exist passed with the following output:
Change Dir: /home/runner/work/CroMagRally-Android/CroMagRally-Android/android/app/.cxx/Debug/h3k1i6w1/x86/CMakeFiles/CMakeTmp

Run Build Command(s):/usr/local/lib/android/sdk/cmake/3.22.1/bin/ninja cmTC_80580 && [1/2] Building C object CMakeFiles/cmTC_80580.dir/CheckSymbolExists.c.o
[2/2] Linking C executable cmTC_80580


File /home/runner/work/CroMagRally-Android/CroMagRally-Android/android/app/.cxx/Debug/h3k1i6w1/x86/CMakeFiles/CMakeTmp/CheckSymbolExists.c:
/* */
#include <float.h>
#include <iconv.h>
#include <inttypes.h>
#include <limits.h>
#include <malloc.h>
#include <math.h>
#include <memory.h>
#include <signal.h>
#include <stdarg.h>
#include <stdbool.h>
#include <stddef.h>
#include <stdint.h>
#include <stdio.h>
#include <stdlib.h>
#include <string.h>
#include <strings.h>
#include <sys/types.h>
#include <time.h>
#include <wchar.h>

int main(int argc, char** argv)
{
  (void)argv;
#ifndef strtol
  return ((int*)(&strtol))[argc];
#else
  (void)argc;
  return 0;
#endif
}
Determining if the strtoll exist passed with the following output:
Change Dir: /home/runner/work/CroMagRally-Android/CroMagRally-Android/android/app/.cxx/Debug/h3k1i6w1/x86/CMakeFiles/CMakeTmp

Run Build Command(s):/usr/local/lib/android/sdk/cmake/3.22.1/bin/ninja cmTC_6d0f3 && [1/2] Building C object CMakeFiles/cmTC_6d0f3.dir/CheckSymbolExists.c.o
[2/2] Linking C executable cmTC_6d0f3


File /home/runner/work/CroMagRally-Android/CroMagRally-Android/android/app/.cxx/Debug/h3k1i6w1/x86/CMakeFiles/CMakeTmp/CheckSymbolExists.c:
/* */
#include <float.h>
#include <iconv.h>
#include <inttypes.h>
#include <limits.h>
#include <malloc.h>
#include <math.h>
#include <memory.h>
#include <signal.h>
#include <stdarg.h>
#include <stdbool.h>
#include <stddef.h>
#include <stdint.h>
#include <stdio.h>
#include <stdlib.h>
#include <string.h>
#include <strings.h>
#include <sys/types.h>
#include <time.h>
#include <wchar.h>

int main(int argc, char** argv)
{
  (void)argv;
#ifndef strtoll
  return ((int*)(&strtoll))[argc];
#else
  (void)argc;
  return 0;
#endif
}
Determining if the strtoul exist passed with the following output:
Change Dir: /home/runner/work/CroMagRally-Android/CroMagRally-Android/android/app/.cxx/Debug/h3k1i6w1/x86/CMakeFiles/CMakeTmp

Run Build Command(s):/usr/local/lib/android/sdk/cmake/3.22.1/bin/ninja cmTC_5cc9f && [1/2] Building C object CMakeFiles/cmTC_5cc9f.dir/CheckSymbolExists.c.o
[2/2] Linking C executable cmTC_5cc9f


File /home/runner/work/CroMagRally-Android/CroMagRally-Android/android/app/.cxx/Debug/h3k1i6w1/x86/CMakeFiles/CMakeTmp/CheckSymbolExists.c:
/* */
#include <float.h>
#include <iconv.h>
#include <inttypes.h>
#include <limits.h>
#include <malloc.h>
#include <math.h>
#include <memory.h>
#include <signal.h>
#include <stdarg.h>
#include <stdbool.h>
#include <stddef.h>
#include <stdint.h>
#include <stdio.h>
#include <stdlib.h>
#include <string.h>
#include <strings.h>
#include <sys/types.h>
#include <time.h>
#include <wchar.h>

int main(int argc, char** argv)
{
  (void)argv;
#ifndef strtoul
  return ((int*)(&strtoul))[argc];
#else
  (void)argc;
  return 0;
#endif
}
Determining if the strtoull exist passed with the following output:
Change Dir: /home/runner/work/CroMagRally-Android/CroMagRally-Android/android/app/.cxx/Debug/h3k1i6w1/x86/CMakeFiles/CMakeTmp

Run Build Command(s):/usr/local/lib/android/sdk/cmake/3.22.1/bin/ninja cmTC_28596 && [1/2] Building C object CMakeFiles/cmTC_28596.dir/CheckSymbolExists.c.o
[2/2] Linking C executable cmTC_28596


File /home/runner/work/CroMagRally-Android/CroMagRally-Android/android/app/.cxx/Debug/h3k1i6w1/x86/CMakeFiles/CMakeTmp/CheckSymbolExists.c:
/* */
#include <float.h>
#include <iconv.h>
#include <inttypes.h>
#include <limits.h>
#include <malloc.h>
#include <math.h>
#include <memory.h>
#include <signal.h>
#include <stdarg.h>
#include <stdbool.h>
#include <stddef.h>
#include <stdint.h>
#include <stdio.h>
#include <stdlib.h>
#include <string.h>
#include <strings.h>
#include <sys/types.h>
#include <time.h>
#include <wchar.h>

int main(int argc, char** argv)
{
  (void)argv;
#ifndef strtoull
  return ((int*)(&strtoull))[argc];
#else
  (void)argc;
  return 0;
#endif
}
Determining if the tan exist passed with the following output:
Change Dir: /home/runner/work/CroMagRally-Android/CroMagRally-Android/android/app/.cxx/Debug/h3k1i6w1/x86/CMakeFiles/CMakeTmp

Run Build Command(s):/usr/local/lib/android/sdk/cmake/3.22.1/bin/ninja cmTC_7d253 && [1/2] Building C object CMakeFiles/cmTC_7d253.dir/CheckSymbolExists.c.o
[2/2] Linking C executable cmTC_7d253


File /home/runner/work/CroMagRally-Android/CroMagRally-Android/android/app/.cxx/Debug/h3k1i6w1/x86/CMakeFiles/CMakeTmp/CheckSymbolExists.c:
/* */
#include <float.h>
#include <iconv.h>
#include <inttypes.h>
#include <limits.h>
#include <malloc.h>
#include <math.h>
#include <memory.h>
#include <signal.h>
#include <stdarg.h>
#include <stdbool.h>
#include <stddef.h>
#include <stdint.h>
#include <stdio.h>
#include <stdlib.h>
#include <string.h>
#include <strings.h>
#include <sys/types.h>
#include <time.h>
#include <wchar.h>

int main(int argc, char** argv)
{
  (void)argv;
#ifndef tan
  return ((int*)(&tan))[argc];
#else
  (void)argc;
  return 0;
#endif
}
Determining if the tanf exist passed with the following output:
Change Dir: /home/runner/work/CroMagRally-Android/CroMagRally-Android/android/app/.cxx/Debug/h3k1i6w1/x86/CMakeFiles/CMakeTmp

Run Build Command(s):/usr/local/lib/android/sdk/cmake/3.22.1/bin/ninja cmTC_45805 && [1/2] Building C object CMakeFiles/cmTC_45805.dir/CheckSymbolExists.c.o
[2/2] Linking C executable cmTC_45805


File /home/runner/work/CroMagRally-Android/CroMagRally-Android/android/app/.cxx/Debug/h3k1i6w1/x86/CMakeFiles/CMakeTmp/CheckSymbolExists.c:
/* */
#include <float.h>
#include <iconv.h>
#include <inttypes.h>
#include <limits.h>
#include <malloc.h>
#include <math.h>
#include <memory.h>
#include <signal.h>
#include <stdarg.h>
#include <stdbool.h>
#include <stddef.h>
#include <stdint.h>
#include <stdio.h>
#include <stdlib.h>
#include <string.h>
#include <strings.h>
#include <sys/types.h>
#include <time.h>
#include <wchar.h>

int main(int argc, char** argv)
{
  (void)argv;
#ifndef tanf
  return ((int*)(&tanf))[argc];
#else
  (void)argc;
  return 0;
#endif
}
Determining if the trunc exist passed with the following output:
Change Dir: /home/runner/work/CroMagRally-Android/CroMagRally-Android/android/app/.cxx/Debug/h3k1i6w1/x86/CMakeFiles/CMakeTmp

Run Build Command(s):/usr/local/lib/android/sdk/cmake/3.22.1/bin/ninja cmTC_b53d6 && [1/2] Building C object CMakeFiles/cmTC_b53d6.dir/CheckSymbolExists.c.o
[2/2] Linking C executable cmTC_b53d6


File /home/runner/work/CroMagRally-Android/CroMagRally-Android/android/app/.cxx/Debug/h3k1i6w1/x86/CMakeFiles/CMakeTmp/CheckSymbolExists.c:
/* */
#include <float.h>
#include <iconv.h>
#include <inttypes.h>
#include <limits.h>
#include <malloc.h>
#include <math.h>
#include <memory.h>
#include <signal.h>
#include <stdarg.h>
#include <stdbool.h>
#include <stddef.h>
#include <stdint.h>
#include <stdio.h>
#include <stdlib.h>
#include <string.h>
#include <strings.h>
#include <sys/types.h>
#include <time.h>
#include <wchar.h>

int main(int argc, char** argv)
{
  (void)argv;
#ifndef trunc
  return ((int*)(&trunc))[argc];
#else
  (void)argc;
  return 0;
#endif
}
Determining if the truncf exist passed with the following output:
Change Dir: /home/runner/work/CroMagRally-Android/CroMagRally-Android/android/app/.cxx/Debug/h3k1i6w1/x86/CMakeFiles/CMakeTmp

Run Build Command(s):/usr/local/lib/android/sdk/cmake/3.22.1/bin/ninja cmTC_98e12 && [1/2] Building C object CMakeFiles/cmTC_98e12.dir/CheckSymbolExists.c.o
[2/2] Linking C executable cmTC_98e12


File /home/runner/work/CroMagRally-Android/CroMagRally-Android/android/app/.cxx/Debug/h3k1i6w1/x86/CMakeFiles/CMakeTmp/CheckSymbolExists.c:
/* */
#include <float.h>
#include <iconv.h>
#include <inttypes.h>
#include <limits.h>
#include <malloc.h>
#include <math.h>
#include <memory.h>
#include <signal.h>
#include <stdarg.h>
#include <stdbool.h>
#include <stddef.h>
#include <stdint.h>
#include <stdio.h>
#include <stdlib.h>
#include <string.h>
#include <strings.h>
#include <sys/types.h>
#include <time.h>
#include <wchar.h>

int main(int argc, char** argv)
{
  (void)argv;
#ifndef truncf
  return ((int*)(&truncf))[argc];
#else
  (void)argc;
  return 0;
#endif
}
Determining if the unsetenv exist passed with the following output:
Change Dir: /home/runner/work/CroMagRally-Android/CroMagRally-Android/android/app/.cxx/Debug/h3k1i6w1/x86/CMakeFiles/CMakeTmp

Run Build Command(s):/usr/local/lib/android/sdk/cmake/3.22.1/bin/ninja cmTC_2027d && [1/2] Building C object CMakeFiles/cmTC_2027d.dir/CheckSymbolExists.c.o
[2/2] Linking C executable cmTC_2027d


File /home/runner/work/CroMagRally-Android/CroMagRally-Android/android/app/.cxx/Debug/h3k1i6w1/x86/CMakeFiles/CMakeTmp/CheckSymbolExists.c:
/* */
#include <float.h>
#include <iconv.h>
#include <inttypes.h>
#include <limits.h>
#include <malloc.h>
#include <math.h>
#include <memory.h>
#include <signal.h>
#include <stdarg.h>
#include <stdbool.h>
#include <stddef.h>
#include <stdint.h>
#include <stdio.h>
#include <stdlib.h>
#include <string.h>
#include <strings.h>
#include <sys/types.h>
#include <time.h>
#include <wchar.h>

int main(int argc, char** argv)
{
  (void)argv;
#ifndef unsetenv
  return ((int*)(&unsetenv))[argc];
#else
  (void)argc;
  return 0;
#endif
}
Determining if the vsnprintf exist passed with the following output:
Change Dir: /home/runner/work/CroMagRally-Android/CroMagRally-Android/android/app/.cxx/Debug/h3k1i6w1/x86/CMakeFiles/CMakeTmp

Run Build Command(s):/usr/local/lib/android/sdk/cmake/3.22.1/bin/ninja cmTC_2f56f && [1/2] Building C object CMakeFiles/cmTC_2f56f.dir/CheckSymbolExists.c.o
[2/2] Linking C executable cmTC_2f56f


File /home/runner/work/CroMagRally-Android/CroMagRally-Android/android/app/.cxx/Debug/h3k1i6w1/x86/CMakeFiles/CMakeTmp/CheckSymbolExists.c:
/* */
#include <float.h>
#include <iconv.h>
#include <inttypes.h>
#include <limits.h>
#include <malloc.h>
#include <math.h>
#include <memory.h>
#include <signal.h>
#include <stdarg.h>
#include <stdbool.h>
#include <stddef.h>
#include <stdint.h>
#include <stdio.h>
#include <stdlib.h>
#include <string.h>
#include <strings.h>
#include <sys/types.h>
#include <time.h>
#include <wchar.h>

int main(int argc, char** argv)
{
  (void)argv;
#ifndef vsnprintf
  return ((int*)(&vsnprintf))[argc];
#else
  (void)argc;
  return 0;
#endif
}
Determining if the vsscanf exist passed with the following output:
Change Dir: /home/runner/work/CroMagRally-Android/CroMagRally-Android/android/app/.cxx/Debug/h3k1i6w1/x86/CMakeFiles/CMakeTmp

Run Build Command(s):/usr/local/lib/android/sdk/cmake/3.22.1/bin/ninja cmTC_68a4f && [1/2] Building C object CMakeFiles/cmTC_68a4f.dir/CheckSymbolExists.c.o
[2/2] Linking C executable cmTC_68a4f


File /home/runner/work/CroMagRally-Android/CroMagRally-Android/android/app/.cxx/Debug/h3k1i6w1/x86/CMakeFiles/CMakeTmp/CheckSymbolExists.c:
/* */
#include <float.h>
#include <iconv.h>
#include <inttypes.h>
#include <limits.h>
#include <malloc.h>
#include <math.h>
#include <memory.h>
#include <signal.h>
#include <stdarg.h>
#include <stdbool.h>
#include <stddef.h>
#include <stdint.h>
#include <stdio.h>
#include <stdlib.h>
#include <string.h>
#include <strings.h>
#include <sys/types.h>
#include <time.h>
#include <wchar.h>

int main(int argc, char** argv)
{
  (void)argv;
#ifndef vsscanf
  return ((int*)(&vsscanf))[argc];
#else
  (void)argc;
  return 0;
#endif
}
Determining if the wcsnlen exist passed with the following output:
Change Dir: /home/runner/work/CroMagRally-Android/CroMagRally-Android/android/app/.cxx/Debug/h3k1i6w1/x86/CMakeFiles/CMakeTmp

Run Build Command(s):/usr/local/lib/android/sdk/cmake/3.22.1/bin/ninja cmTC_d803e && [1/2] Building C object CMakeFiles/cmTC_d803e.dir/CheckSymbolExists.c.o
[2/2] Linking C executable cmTC_d803e


File /home/runner/work/CroMagRally-Android/CroMagRally-Android/android/app/.cxx/Debug/h3k1i6w1/x86/CMakeFiles/CMakeTmp/CheckSymbolExists.c:
/* */
#include <float.h>
#include <iconv.h>
#include <inttypes.h>
#include <limits.h>
#include <malloc.h>
#include <math.h>
#include <memory.h>
#include <signal.h>
#include <stdarg.h>
#include <stdbool.h>
#include <stddef.h>
#include <stdint.h>
#include <stdio.h>
#include <stdlib.h>
#include <string.h>
#include <strings.h>
#include <sys/types.h>
#include <time.h>
#include <wchar.h>

int main(int argc, char** argv)
{
  (void)argv;
#ifndef wcsnlen
  return ((int*)(&wcsnlen))[argc];
#else
  (void)argc;
  return 0;
#endif
}
Determining if the wcscmp exist passed with the following output:
Change Dir: /home/runner/work/CroMagRally-Android/CroMagRally-Android/android/app/.cxx/Debug/h3k1i6w1/x86/CMakeFiles/CMakeTmp

Run Build Command(s):/usr/local/lib/android/sdk/cmake/3.22.1/bin/ninja cmTC_ae49d && [1/2] Building C object CMakeFiles/cmTC_ae49d.dir/CheckSymbolExists.c.o
[2/2] Linking C executable cmTC_ae49d


File /home/runner/work/CroMagRally-Android/CroMagRally-Android/android/app/.cxx/Debug/h3k1i6w1/x86/CMakeFiles/CMakeTmp/CheckSymbolExists.c:
/* */
#include <float.h>
#include <iconv.h>
#include <inttypes.h>
#include <limits.h>
#include <malloc.h>
#include <math.h>
#include <memory.h>
#include <signal.h>
#include <stdarg.h>
#include <stdbool.h>
#include <stddef.h>
#include <stdint.h>
#include <stdio.h>
#include <stdlib.h>
#include <string.h>
#include <strings.h>
#include <sys/types.h>
#include <time.h>
#include <wchar.h>

int main(int argc, char** argv)
{
  (void)argv;
#ifndef wcscmp
  return ((int*)(&wcscmp))[argc];
#else
  (void)argc;
  return 0;
#endif
}
Determining if the wcsdup exist passed with the following output:
Change Dir: /home/runner/work/CroMagRally-Android/CroMagRally-Android/android/app/.cxx/Debug/h3k1i6w1/x86/CMakeFiles/CMakeTmp

Run Build Command(s):/usr/local/lib/android/sdk/cmake/3.22.1/bin/ninja cmTC_f1216 && [1/2] Building C object CMakeFiles/cmTC_f1216.dir/CheckSymbolExists.c.o
[2/2] Linking C executable cmTC_f1216


File /home/runner/work/CroMagRally-Android/CroMagRally-Android/android/app/.cxx/Debug/h3k1i6w1/x86/CMakeFiles/CMakeTmp/CheckSymbolExists.c:
/* */
#include <float.h>
#include <iconv.h>
#include <inttypes.h>
#include <limits.h>
#include <malloc.h>
#include <math.h>
#include <memory.h>
#include <signal.h>
#include <stdarg.h>
#include <stdbool.h>
#include <stddef.h>
#include <stdint.h>
#include <stdio.h>
#include <stdlib.h>
#include <string.h>
#include <strings.h>
#include <sys/types.h>
#include <time.h>
#include <wchar.h>

int main(int argc, char** argv)
{
  (void)argv;
#ifndef wcsdup
  return ((int*)(&wcsdup))[argc];
#else
  (void)argc;
  return 0;
#endif
}
Determining if the wcslcat exist passed with the following output:
Change Dir: /home/runner/work/CroMagRally-Android/CroMagRally-Android/android/app/.cxx/Debug/h3k1i6w1/x86/CMakeFiles/CMakeTmp

Run Build Command(s):/usr/local/lib/android/sdk/cmake/3.22.1/bin/ninja cmTC_c070b && [1/2] Building C object CMakeFiles/cmTC_c070b.dir/CheckSymbolExists.c.o
[2/2] Linking C executable cmTC_c070b


File /home/runner/work/CroMagRally-Android/CroMagRally-Android/android/app/.cxx/Debug/h3k1i6w1/x86/CMakeFiles/CMakeTmp/CheckSymbolExists.c:
/* */
#include <float.h>
#include <iconv.h>
#include <inttypes.h>
#include <limits.h>
#include <malloc.h>
#include <math.h>
#include <memory.h>
#include <signal.h>
#include <stdarg.h>
#include <stdbool.h>
#include <stddef.h>
#include <stdint.h>
#include <stdio.h>
#include <stdlib.h>
#include <string.h>
#include <strings.h>
#include <sys/types.h>
#include <time.h>
#include <wchar.h>

int main(int argc, char** argv)
{
  (void)argv;
#ifndef wcslcat
  return ((int*)(&wcslcat))[argc];
#else
  (void)argc;
  return 0;
#endif
}
Determining if the wcslcpy exist passed with the following output:
Change Dir: /home/runner/work/CroMagRally-Android/CroMagRally-Android/android/app/.cxx/Debug/h3k1i6w1/x86/CMakeFiles/CMakeTmp

Run Build Command(s):/usr/local/lib/android/sdk/cmake/3.22.1/bin/ninja cmTC_3cebd && [1/2] Building C object CMakeFiles/cmTC_3cebd.dir/CheckSymbolExists.c.o
[2/2] Linking C executable cmTC_3cebd


File /home/runner/work/CroMagRally-Android/CroMagRally-Android/android/app/.cxx/Debug/h3k1i6w1/x86/CMakeFiles/CMakeTmp/CheckSymbolExists.c:
/* */
#include <float.h>
#include <iconv.h>
#include <inttypes.h>
#include <limits.h>
#include <malloc.h>
#include <math.h>
#include <memory.h>
#include <signal.h>
#include <stdarg.h>
#include <stdbool.h>
#include <stddef.h>
#include <stdint.h>
#include <stdio.h>
#include <stdlib.h>
#include <string.h>
#include <strings.h>
#include <sys/types.h>
#include <time.h>
#include <wchar.h>

int main(int argc, char** argv)
{
  (void)argv;
#ifndef wcslcpy
  return ((int*)(&wcslcpy))[argc];
#else
  (void)argc;
  return 0;
#endif
}
Determining if the wcslen exist passed with the following output:
Change Dir: /home/runner/work/CroMagRally-Android/CroMagRally-Android/android/app/.cxx/Debug/h3k1i6w1/x86/CMakeFiles/CMakeTmp

Run Build Command(s):/usr/local/lib/android/sdk/cmake/3.22.1/bin/ninja cmTC_2dc3c && [1/2] Building C object CMakeFiles/cmTC_2dc3c.dir/CheckSymbolExists.c.o
[2/2] Linking C executable cmTC_2dc3c


File /home/runner/work/CroMagRally-Android/CroMagRally-Android/android/app/.cxx/Debug/h3k1i6w1/x86/CMakeFiles/CMakeTmp/CheckSymbolExists.c:
/* */
#include <float.h>
#include <iconv.h>
#include <inttypes.h>
#include <limits.h>
#include <malloc.h>
#include <math.h>
#include <memory.h>
#include <signal.h>
#include <stdarg.h>
#include <stdbool.h>
#include <stddef.h>
#include <stdint.h>
#include <stdio.h>
#include <stdlib.h>
#include <string.h>
#include <strings.h>
#include <sys/types.h>
#include <time.h>
#include <wchar.h>

int main(int argc, char** argv)
{
  (void)argv;
#ifndef wcslen
  return ((int*)(&wcslen))[argc];
#else
  (void)argc;
  return 0;
#endif
}
Determining if the wcsncmp exist passed with the following output:
Change Dir: /home/runner/work/CroMagRally-Android/CroMagRally-Android/android/app/.cxx/Debug/h3k1i6w1/x86/CMakeFiles/CMakeTmp

Run Build Command(s):/usr/local/lib/android/sdk/cmake/3.22.1/bin/ninja cmTC_87560 && [1/2] Building C object CMakeFiles/cmTC_87560.dir/CheckSymbolExists.c.o
[2/2] Linking C executable cmTC_87560


File /home/runner/work/CroMagRally-Android/CroMagRally-Android/android/app/.cxx/Debug/h3k1i6w1/x86/CMakeFiles/CMakeTmp/CheckSymbolExists.c:
/* */
#include <float.h>
#include <iconv.h>
#include <inttypes.h>
#include <limits.h>
#include <malloc.h>
#include <math.h>
#include <memory.h>
#include <signal.h>
#include <stdarg.h>
#include <stdbool.h>
#include <stddef.h>
#include <stdint.h>
#include <stdio.h>
#include <stdlib.h>
#include <string.h>
#include <strings.h>
#include <sys/types.h>
#include <time.h>
#include <wchar.h>

int main(int argc, char** argv)
{
  (void)argv;
#ifndef wcsncmp
  return ((int*)(&wcsncmp))[argc];
#else
  (void)argc;
  return 0;
#endif
}
Determining if the wcsstr exist passed with the following output:
Change Dir: /home/runner/work/CroMagRally-Android/CroMagRally-Android/android/app/.cxx/Debug/h3k1i6w1/x86/CMakeFiles/CMakeTmp

Run Build Command(s):/usr/local/lib/android/sdk/cmake/3.22.1/bin/ninja cmTC_12a5d && [1/2] Building C object CMakeFiles/cmTC_12a5d.dir/CheckSymbolExists.c.o
[2/2] Linking C executable cmTC_12a5d


File /home/runner/work/CroMagRally-Android/CroMagRally-Android/android/app/.cxx/Debug/h3k1i6w1/x86/CMakeFiles/CMakeTmp/CheckSymbolExists.c:
/* */
#include <float.h>
#include <iconv.h>
#include <inttypes.h>
#include <limits.h>
#include <malloc.h>
#include <math.h>
#include <memory.h>
#include <signal.h>
#include <stdarg.h>
#include <stdbool.h>
#include <stddef.h>
#include <stdint.h>
#include <stdio.h>
#include <stdlib.h>
#include <string.h>
#include <strings.h>
#include <sys/types.h>
#include <time.h>
#include <wchar.h>

int main(int argc, char** argv)
{
  (void)argv;
#ifndef wcsstr
  return ((int*)(&wcsstr))[argc];
#else
  (void)argc;
  return 0;
#endif
}
Determining if the wcstol exist passed with the following output:
Change Dir: /home/runner/work/CroMagRally-Android/CroMagRally-Android/android/app/.cxx/Debug/h3k1i6w1/x86/CMakeFiles/CMakeTmp

Run Build Command(s):/usr/local/lib/android/sdk/cmake/3.22.1/bin/ninja cmTC_7d823 && [1/2] Building C object CMakeFiles/cmTC_7d823.dir/CheckSymbolExists.c.o
[2/2] Linking C executable cmTC_7d823


File /home/runner/work/CroMagRally-Android/CroMagRally-Android/android/app/.cxx/Debug/h3k1i6w1/x86/CMakeFiles/CMakeTmp/CheckSymbolExists.c:
/* */
#include <float.h>
#include <iconv.h>
#include <inttypes.h>
#include <limits.h>
#include <malloc.h>
#include <math.h>
#include <memory.h>
#include <signal.h>
#include <stdarg.h>
#include <stdbool.h>
#include <stddef.h>
#include <stdint.h>
#include <stdio.h>
#include <stdlib.h>
#include <string.h>
#include <strings.h>
#include <sys/types.h>
#include <time.h>
#include <wchar.h>

int main(int argc, char** argv)
{
  (void)argv;
#ifndef wcstol
  return ((int*)(&wcstol))[argc];
#else
  (void)argc;
  return 0;
#endif
}
Determining if the strcasestr exist passed with the following output:
Change Dir: /home/runner/work/CroMagRally-Android/CroMagRally-Android/android/app/.cxx/Debug/h3k1i6w1/x86/CMakeFiles/CMakeTmp

Run Build Command(s):/usr/local/lib/android/sdk/cmake/3.22.1/bin/ninja cmTC_87e09 && [1/2] Building C object CMakeFiles/cmTC_87e09.dir/CheckSymbolExists.c.o
[2/2] Linking C executable cmTC_87e09


File /home/runner/work/CroMagRally-Android/CroMagRally-Android/android/app/.cxx/Debug/h3k1i6w1/x86/CMakeFiles/CMakeTmp/CheckSymbolExists.c:
/* */
#include <float.h>
#include <iconv.h>
#include <inttypes.h>
#include <limits.h>
#include <malloc.h>
#include <math.h>
#include <memory.h>
#include <signal.h>
#include <stdarg.h>
#include <stdbool.h>
#include <stddef.h>
#include <stdint.h>
#include <stdio.h>
#include <stdlib.h>
#include <string.h>
#include <strings.h>
#include <sys/types.h>
#include <time.h>
#include <wchar.h>

int main(int argc, char** argv)
{
  (void)argv;
#ifndef strcasestr
  return ((int*)(&strcasestr))[argc];
#else
  (void)argc;
  return 0;
#endif
}
Performing C SOURCE FILE Test LIBC_HAS_ISINF succeeded with the following output:
Change Dir: /home/runner/work/CroMagRally-Android/CroMagRally-Android/android/app/.cxx/Debug/h3k1i6w1/x86/CMakeFiles/CMakeTmp

Run Build Command(s):/usr/local/lib/android/sdk/cmake/3.22.1/bin/ninja cmTC_d5b29 && [1/2] Building C object CMakeFiles/cmTC_d5b29.dir/src.c.o
[2/2] Linking C executable cmTC_d5b29


Source file was:

        #include <math.h>
        int main() {
          double d = 3.14159;
          return isinf(d);
        }
      
Performing C SOURCE FILE Test LIBC_ISINF_HANDLES_FLOAT succeeded with the following output:
Change Dir: /home/runner/work/CroMagRally-Android/CroMagRally-Android/android/app/.cxx/Debug/h3k1i6w1/x86/CMakeFiles/CMakeTmp

Run Build Command(s):/usr/local/lib/android/sdk/cmake/3.22.1/bin/ninja cmTC_66e33 && [1/2] Building C object CMakeFiles/cmTC_66e33.dir/src.c.o
[2/2] Linking C executable cmTC_66e33


Source file was:

      #include <math.h>
      int main() {
        float f = 3.14159f;
        return isinf(f);
      }
    
Performing C SOURCE FILE Test LIBC_HAS_ISNAN succeeded with the following output:
Change Dir: /home/runner/work/CroMagRally-Android/CroMagRally-Android/android/app/.cxx/Debug/h3k1i6w1/x86/CMakeFiles/CMakeTmp

Run Build Command(s):/usr/local/lib/android/sdk/cmake/3.22.1/bin/ninja cmTC_fcd44 && [1/2] Building C object CMakeFiles/cmTC_fcd44.dir/src.c.o
[2/2] Linking C executable cmTC_fcd44


Source file was:

        #include <math.h>
        int main() {
          double d = 3.14159;
          return isnan(d);
        }
      
Performing C SOURCE FILE Test LIBC_ISNAN_HANDLES_FLOAT succeeded with the following output:
Change Dir: /home/runner/work/CroMagRally-Android/CroMagRally-Android/android/app/.cxx/Debug/h3k1i6w1/x86/CMakeFiles/CMakeTmp

Run Build Command(s):/usr/local/lib/android/sdk/cmake/3.22.1/bin/ninja cmTC_59a94 && [1/2] Building C object CMakeFiles/cmTC_59a94.dir/src.c.o
[2/2] Linking C executable cmTC_59a94


Source file was:

      #include <math.h>
      int main() {
        float f = 3.14159f;
        return isnan(f);
      }
    
Performing C SOURCE FILE Test LIBC_HAS_ISNANF succeeded with the following output:
Change Dir: /home/runner/work/CroMagRally-Android/CroMagRally-Android/android/app/.cxx/Debug/h3k1i6w1/x86/CMakeFiles/CMakeTmp

Run Build Command(s):/usr/local/lib/android/sdk/cmake/3.22.1/bin/ninja cmTC_cbb4f && [1/2] Building C object CMakeFiles/cmTC_cbb4f.dir/src.c.o
[2/2] Linking C executable cmTC_cbb4f


Source file was:

      #include <math.h>
      int main() {
        float f = 3.14159f;
        return isnanf(f);
      }
    
Determining if the fdatasync exist passed with the following output:
Change Dir: /home/runner/work/CroMagRally-Android/CroMagRally-Android/android/app/.cxx/Debug/h3k1i6w1/x86/CMakeFiles/CMakeTmp

Run Build Command(s):/usr/local/lib/android/sdk/cmake/3.22.1/bin/ninja cmTC_8205f && [1/2] Building C object CMakeFiles/cmTC_8205f.dir/CheckSymbolExists.c.o
[2/2] Linking C executable cmTC_8205f


File /home/runner/work/CroMagRally-Android/CroMagRally-Android/android/app/.cxx/Debug/h3k1i6w1/x86/CMakeFiles/CMakeTmp/CheckSymbolExists.c:
/* */
#include <unistd.h>

int main(int argc, char** argv)
{
  (void)argv;
#ifndef fdatasync
  return ((int*)(&fdatasync))[argc];
#else
  (void)argc;
  return 0;
#endif
}
Determining if the gethostname exist passed with the following output:
Change Dir: /home/runner/work/CroMagRally-Android/CroMagRally-Android/android/app/.cxx/Debug/h3k1i6w1/x86/CMakeFiles/CMakeTmp

Run Build Command(s):/usr/local/lib/android/sdk/cmake/3.22.1/bin/ninja cmTC_da11c && [1/2] Building C object CMakeFiles/cmTC_da11c.dir/CheckSymbolExists.c.o
[2/2] Linking C executable cmTC_da11c


File /home/runner/work/CroMagRally-Android/CroMagRally-Android/android/app/.cxx/Debug/h3k1i6w1/x86/CMakeFiles/CMakeTmp/CheckSymbolExists.c:
/* */
#include <unistd.h>

int main(int argc, char** argv)
{
  (void)argv;
#ifndef gethostname
  return ((int*)(&gethostname))[argc];
#else
  (void)argc;
  return 0;
#endif
}
Determining if the getpagesize exist passed with the following output:
Change Dir: /home/runner/work/CroMagRally-Android/CroMagRally-Android/android/app/.cxx/Debug/h3k1i6w1/x86/CMakeFiles/CMakeTmp

Run Build Command(s):/usr/local/lib/android/sdk/cmake/3.22.1/bin/ninja cmTC_c804d && [1/2] Building C object CMakeFiles/cmTC_c804d.dir/CheckSymbolExists.c.o
[2/2] Linking C executable cmTC_c804d


File /home/runner/work/CroMagRally-Android/CroMagRally-Android/android/app/.cxx/Debug/h3k1i6w1/x86/CMakeFiles/CMakeTmp/CheckSymbolExists.c:
/* */
#include <unistd.h>

int main(int argc, char** argv)
{
  (void)argv;
#ifndef getpagesize
  return ((int*)(&getpagesize))[argc];
#else
  (void)argc;
  return 0;
#endif
}
Determining if the getresgid exist passed with the following output:
Change Dir: /home/runner/work/CroMagRally-Android/CroMagRally-Android/android/app/.cxx/Debug/h3k1i6w1/x86/CMakeFiles/CMakeTmp

Run Build Command(s):/usr/local/lib/android/sdk/cmake/3.22.1/bin/ninja cmTC_8f50b && [1/2] Building C object CMakeFiles/cmTC_8f50b.dir/CheckSymbolExists.c.o
[2/2] Linking C executable cmTC_8f50b


File /home/runner/work/CroMagRally-Android/CroMagRally-Android/android/app/.cxx/Debug/h3k1i6w1/x86/CMakeFiles/CMakeTmp/CheckSymbolExists.c:
/* */
#include <unistd.h>

int main(int argc, char** argv)
{
  (void)argv;
#ifndef getresgid
  return ((int*)(&getresgid))[argc];
#else
  (void)argc;
  return 0;
#endif
}
Determining if the getresuid exist passed with the following output:
Change Dir: /home/runner/work/CroMagRally-Android/CroMagRally-Android/android/app/.cxx/Debug/h3k1i6w1/x86/CMakeFiles/CMakeTmp

Run Build Command(s):/usr/local/lib/android/sdk/cmake/3.22.1/bin/ninja cmTC_5eab2 && [1/2] Building C object CMakeFiles/cmTC_5eab2.dir/CheckSymbolExists.c.o
[2/2] Linking C executable cmTC_5eab2


File /home/runner/work/CroMagRally-Android/CroMagRally-Android/android/app/.cxx/Debug/h3k1i6w1/x86/CMakeFiles/CMakeTmp/CheckSymbolExists.c:
/* */
#include <unistd.h>

int main(int argc, char** argv)
{
  (void)argv;
#ifndef getresuid
  return ((int*)(&getresuid))[argc];
#else
  (void)argc;
  return 0;
#endif
}
Determining if the sigaction exist passed with the following output:
Change Dir: /home/runner/work/CroMagRally-Android/CroMagRally-Android/android/app/.cxx/Debug/h3k1i6w1/x86/CMakeFiles/CMakeTmp

Run Build Command(s):/usr/local/lib/android/sdk/cmake/3.22.1/bin/ninja cmTC_7ca20 && [1/2] Building C object CMakeFiles/cmTC_7ca20.dir/CheckSymbolExists.c.o
[2/2] Linking C executable cmTC_7ca20


File /home/runner/work/CroMagRally-Android/CroMagRally-Android/android/app/.cxx/Debug/h3k1i6w1/x86/CMakeFiles/CMakeTmp/CheckSymbolExists.c:
/* */
#include <signal.h>

int main(int argc, char** argv)
{
  (void)argv;
#ifndef sigaction
  return ((int*)(&sigaction))[argc];
#else
  (void)argc;
  return 0;
#endif
}
Determining if the sigtimedwait exist passed with the following output:
Change Dir: /home/runner/work/CroMagRally-Android/CroMagRally-Android/android/app/.cxx/Debug/h3k1i6w1/x86/CMakeFiles/CMakeTmp

Run Build Command(s):/usr/local/lib/android/sdk/cmake/3.22.1/bin/ninja cmTC_1b1b8 && [1/2] Building C object CMakeFiles/cmTC_1b1b8.dir/CheckSymbolExists.c.o
[2/2] Linking C executable cmTC_1b1b8


File /home/runner/work/CroMagRally-Android/CroMagRally-Android/android/app/.cxx/Debug/h3k1i6w1/x86/CMakeFiles/CMakeTmp/CheckSymbolExists.c:
/* */
#include <signal.h>

int main(int argc, char** argv)
{
  (void)argv;
#ifndef sigtimedwait
  return ((int*)(&sigtimedwait))[argc];
#else
  (void)argc;
  return 0;
#endif
}
Determining if the setjmp exist passed with the following output:
Change Dir: /home/runner/work/CroMagRally-Android/CroMagRally-Android/android/app/.cxx/Debug/h3k1i6w1/x86/CMakeFiles/CMakeTmp

Run Build Command(s):/usr/local/lib/android/sdk/cmake/3.22.1/bin/ninja cmTC_405ae && [1/2] Building C object CMakeFiles/cmTC_405ae.dir/CheckSymbolExists.c.o
[2/2] Linking C executable cmTC_405ae


File /home/runner/work/CroMagRally-Android/CroMagRally-Android/android/app/.cxx/Debug/h3k1i6w1/x86/CMakeFiles/CMakeTmp/CheckSymbolExists.c:
/* */
#include <setjmp.h>

int main(int argc, char** argv)
{
  (void)argv;
#ifndef setjmp
  return ((int*)(&setjmp))[argc];
#else
  (void)argc;
  return 0;
#endif
}
Determining if the nanosleep exist passed with the following output:
Change Dir: /home/runner/work/CroMagRally-Android/CroMagRally-Android/android/app/.cxx/Debug/h3k1i6w1/x86/CMakeFiles/CMakeTmp

Run Build Command(s):/usr/local/lib/android/sdk/cmake/3.22.1/bin/ninja cmTC_7a0e5 && [1/2] Building C object CMakeFiles/cmTC_7a0e5.dir/CheckSymbolExists.c.o
[2/2] Linking C executable cmTC_7a0e5


File /home/runner/work/CroMagRally-Android/CroMagRally-Android/android/app/.cxx/Debug/h3k1i6w1/x86/CMakeFiles/CMakeTmp/CheckSymbolExists.c:
/* */
#include <time.h>

int main(int argc, char** argv)
{
  (void)argv;
#ifndef nanosleep
  return ((int*)(&nanosleep))[argc];
#else
  (void)argc;
  return 0;
#endif
}
Determining if the gmtime_r exist passed with the following output:
Change Dir: /home/runner/work/CroMagRally-Android/CroMagRally-Android/android/app/.cxx/Debug/h3k1i6w1/x86/CMakeFiles/CMakeTmp

Run Build Command(s):/usr/local/lib/android/sdk/cmake/3.22.1/bin/ninja cmTC_de029 && [1/2] Building C object CMakeFiles/cmTC_de029.dir/CheckSymbolExists.c.o
[2/2] Linking C executable cmTC_de029


File /home/runner/work/CroMagRally-Android/CroMagRally-Android/android/app/.cxx/Debug/h3k1i6w1/x86/CMakeFiles/CMakeTmp/CheckSymbolExists.c:
/* */
#include <time.h>

int main(int argc, char** argv)
{
  (void)argv;
#ifndef gmtime_r
  return ((int*)(&gmtime_r))[argc];
#else
  (void)argc;
  return 0;
#endif
}
Determining if the localtime_r exist passed with the following output:
Change Dir: /home/runner/work/CroMagRally-Android/CroMagRally-Android/android/app/.cxx/Debug/h3k1i6w1/x86/CMakeFiles/CMakeTmp

Run Build Command(s):/usr/local/lib/android/sdk/cmake/3.22.1/bin/ninja cmTC_b3d39 && [1/2] Building C object CMakeFiles/cmTC_b3d39.dir/CheckSymbolExists.c.o
[2/2] Linking C executable cmTC_b3d39


File /home/runner/work/CroMagRally-Android/CroMagRally-Android/android/app/.cxx/Debug/h3k1i6w1/x86/CMakeFiles/CMakeTmp/CheckSymbolExists.c:
/* */
#include <time.h>

int main(int argc, char** argv)
{
  (void)argv;
#ifndef localtime_r
  return ((int*)(&localtime_r))[argc];
#else
  (void)argc;
  return 0;
#endif
}
Determining if the sysconf exist passed with the following output:
Change Dir: /home/runner/work/CroMagRally-Android/CroMagRally-Android/android/app/.cxx/Debug/h3k1i6w1/x86/CMakeFiles/CMakeTmp

Run Build Command(s):/usr/local/lib/android/sdk/cmake/3.22.1/bin/ninja cmTC_bd321 && [1/2] Building C object CMakeFiles/cmTC_bd321.dir/CheckSymbolExists.c.o
[2/2] Linking C executable cmTC_bd321


File /home/runner/work/CroMagRally-Android/CroMagRally-Android/android/app/.cxx/Debug/h3k1i6w1/x86/CMakeFiles/CMakeTmp/CheckSymbolExists.c:
/* */
#include <unistd.h>

int main(int argc, char** argv)
{
  (void)argv;
#ifndef sysconf
  return ((int*)(&sysconf))[argc];
#else
  (void)argc;
  return 0;
#endif
}
Determining if the getauxval exist passed with the following output:
Change Dir: /home/runner/work/CroMagRally-Android/CroMagRally-Android/android/app/.cxx/Debug/h3k1i6w1/x86/CMakeFiles/CMakeTmp

Run Build Command(s):/usr/local/lib/android/sdk/cmake/3.22.1/bin/ninja cmTC_5148e && [1/2] Building C object CMakeFiles/cmTC_5148e.dir/CheckSymbolExists.c.o
[2/2] Linking C executable cmTC_5148e


File /home/runner/work/CroMagRally-Android/CroMagRally-Android/android/app/.cxx/Debug/h3k1i6w1/x86/CMakeFiles/CMakeTmp/CheckSymbolExists.c:
/* */
#include <sys/auxv.h>

int main(int argc, char** argv)
{
  (void)argv;
#ifndef getauxval
  return ((int*)(&getauxval))[argc];
#else
  (void)argc;
  return 0;
#endif
}
Determining if the ppoll exist passed with the following output:
Change Dir: /home/runner/work/CroMagRally-Android/CroMagRally-Android/android/app/.cxx/Debug/h3k1i6w1/x86/CMakeFiles/CMakeTmp

Run Build Command(s):/usr/local/lib/android/sdk/cmake/3.22.1/bin/ninja cmTC_cc752 && [1/2] Building C object CMakeFiles/cmTC_cc752.dir/CheckSymbolExists.c.o
[2/2] Linking C executable cmTC_cc752


File /home/runner/work/CroMagRally-Android/CroMagRally-Android/android/app/.cxx/Debug/h3k1i6w1/x86/CMakeFiles/CMakeTmp/CheckSymbolExists.c:
/* */
#include <poll.h>

int main(int argc, char** argv)
{
  (void)argv;
#ifndef ppoll
  return ((int*)(&ppoll))[argc];
#else
  (void)argc;
  return 0;
#endif
}
Determining if the posix_fallocate exist passed with the following output:
Change Dir: /home/runner/work/CroMagRally-Android/CroMagRally-Android/android/app/.cxx/Debug/h3k1i6w1/x86/CMakeFiles/CMakeTmp

Run Build Command(s):/usr/local/lib/android/sdk/cmake/3.22.1/bin/ninja cmTC_5db85 && [1/2] Building C object CMakeFiles/cmTC_5db85.dir/CheckSymbolExists.c.o
[2/2] Linking C executable cmTC_5db85


File /home/runner/work/CroMagRally-Android/CroMagRally-Android/android/app/.cxx/Debug/h3k1i6w1/x86/CMakeFiles/CMakeTmp/CheckSymbolExists.c:
/* */
#include <fcntl.h>

int main(int argc, char** argv)
{
  (void)argv;
#ifndef posix_fallocate
  return ((int*)(&posix_fallocate))[argc];
#else
  (void)argc;
  return 0;
#endif
}
Performing C SOURCE FILE Test HAVE_SA_SIGACTION succeeded with the following output:
Change Dir: /home/runner/work/CroMagRally-Android/CroMagRally-Android/android/app/.cxx/Debug/h3k1i6w1/x86/CMakeFiles/CMakeTmp

Run Build Command(s):/usr/local/lib/android/sdk/cmake/3.22.1/bin/ninja cmTC_5f9af && [1/2] Building C object CMakeFiles/cmTC_5f9af.dir/src.c.o
[2/2] Linking C executable cmTC_5f9af


Source file was:

#include <signal.h>

int main()
{
  (void)sizeof(((struct sigaction *)0)->sa_sigaction);
  return 0;
}

Performing C SOURCE FILE Test HAVE_ST_MTIM succeeded with the following output:
Change Dir: /home/runner/work/CroMagRally-Android/CroMagRally-Android/android/app/.cxx/Debug/h3k1i6w1/x86/CMakeFiles/CMakeTmp

Run Build Command(s):/usr/local/lib/android/sdk/cmake/3.22.1/bin/ninja cmTC_4fe14 && [1/2] Building C object CMakeFiles/cmTC_4fe14.dir/src.c.o
[2/2] Linking C executable cmTC_4fe14


Source file was:

#include <sys/stat.h>

int main()
{
  (void)sizeof(((struct stat *)0)->st_mtim);
  return 0;
}

Determining if the dlopen exist passed with the following output:
Change Dir: /home/runner/work/CroMagRally-Android/CroMagRally-Android/android/app/.cxx/Debug/h3k1i6w1/x86/CMakeFiles/CMakeTmp

Run Build Command(s):/usr/local/lib/android/sdk/cmake/3.22.1/bin/ninja cmTC_0bd71 && [1/2] Building C object CMakeFiles/cmTC_0bd71.dir/CheckSymbolExists.c.o
[2/2] Linking C executable cmTC_0bd71


File /home/runner/work/CroMagRally-Android/CroMagRally-Android/android/app/.cxx/Debug/h3k1i6w1/x86/CMakeFiles/CMakeTmp/CheckSymbolExists.c:
/* */
#include <dlfcn.h>

int main(int argc, char** argv)
{
  (void)argv;
#ifndef dlopen
  return ((int*)(&dlopen))[argc];
#else
  (void)argc;
  return 0;
#endif
}
Performing C SOURCE FILE Test HAVE_O_CLOEXEC succeeded with the following output:
Change Dir: /home/runner/work/CroMagRally-Android/CroMagRally-Android/android/app/.cxx/Debug/h3k1i6w1/x86/CMakeFiles/CMakeTmp

Run Build Command(s):/usr/local/lib/android/sdk/cmake/3.22.1/bin/ninja cmTC_3c515 && [1/2] Building C object CMakeFiles/cmTC_3c515.dir/src.c.o
[2/2] Linking C executable cmTC_3c515


Source file was:

    #include <fcntl.h>
    int flag = O_CLOEXEC;
    int main(int argc, char **argv) { return 0; }
Performing C SOURCE FILE Test VULKAN_PASSED_ANDROID_CHECKS succeeded with the following output:
Change Dir: /home/runner/work/CroMagRally-Android/CroMagRally-Android/android/app/.cxx/Debug/h3k1i6w1/x86/CMakeFiles/CMakeTmp

Run Build Command(s):/usr/local/lib/android/sdk/cmake/3.22.1/bin/ninja cmTC_52f06 && [1/2] Building C object CMakeFiles/cmTC_52f06.dir/src.c.o
[2/2] Linking C executable cmTC_52f06


Source file was:

      #if defined(__ARM_ARCH) && __ARM_ARCH < 7
      #error Vulkan doesn't work on this configuration
      #endif
      int main(int argc, char **argv) { return 0; }
      
Performing C SOURCE FILE Test HAVE_PTHREADS succeeded with the following output:
Change Dir: /home/runner/work/CroMagRally-Android/CroMagRally-Android/android/app/.cxx/Debug/h3k1i6w1/x86/CMakeFiles/CMakeTmp

Run Build Command(s):/usr/local/lib/android/sdk/cmake/3.22.1/bin/ninja cmTC_9db3b && [1/2] Building C object CMakeFiles/cmTC_9db3b.dir/src.c.o
[2/2] Linking C executable cmTC_9db3b


Source file was:

        #include <pthread.h>
        int main(int argc, char** argv) {
          pthread_attr_t type;
          pthread_attr_init(&type);
          return 0;
        }
Performing C SOURCE FILE Test HAVE_RECURSIVE_MUTEXES succeeded with the following output:
Change Dir: /home/runner/work/CroMagRally-Android/CroMagRally-Android/android/app/.cxx/Debug/h3k1i6w1/x86/CMakeFiles/CMakeTmp

Run Build Command(s):/usr/local/lib/android/sdk/cmake/3.22.1/bin/ninja cmTC_bc82f && [1/2] Building C object CMakeFiles/cmTC_bc82f.dir/src.c.o
[2/2] Linking C executable cmTC_bc82f


Source file was:

        #include <pthread.h>
        int main(int argc, char **argv) {
          pthread_mutexattr_t attr;
          pthread_mutexattr_settype(&attr, PTHREAD_MUTEX_RECURSIVE);
          return 0;
        }
Performing C SOURCE FILE Test HAVE_PTHREADS_SEM succeeded with the following output:
Change Dir: /home/runner/work/CroMagRally-Android/CroMagRally-Android/android/app/.cxx/Debug/h3k1i6w1/x86/CMakeFiles/CMakeTmp

Run Build Command(s):/usr/local/lib/android/sdk/cmake/3.22.1/bin/ninja cmTC_d6360 && [1/2] Building C object CMakeFiles/cmTC_d6360.dir/src.c.o
[2/2] Linking C executable cmTC_d6360


Source file was:
#include <pthread.h>
                                 #include <semaphore.h>
                                 int main(int argc, char **argv) { return 0; }
Performing C SOURCE FILE Test COMPILER_HAS_SEM_TIMEDWAIT succeeded with the following output:
Change Dir: /home/runner/work/CroMagRally-Android/CroMagRally-Android/android/app/.cxx/Debug/h3k1i6w1/x86/CMakeFiles/CMakeTmp

Run Build Command(s):/usr/local/lib/android/sdk/cmake/3.22.1/bin/ninja cmTC_26dcb && [1/2] Building C object CMakeFiles/cmTC_26dcb.dir/src.c.o
/home/runner/work/CroMagRally-Android/CroMagRally-Android/android/app/.cxx/Debug/h3k1i6w1/x86/CMakeFiles/CMakeTmp/src.c:5:33: warning: null passed to a callee that requires a non-null argument [-Wnonnull]
    5 |                   sem_timedwait(NULL, NULL);
      |                                 ^~~~
/usr/local/lib/android/sdk/ndk/27.3.13750724/toolchains/llvm/prebuilt/linux-x86_64/lib/clang/18/include/__stddef_null.h:26:14: note: expanded from macro 'NULL'
   26 | #define NULL ((void*)0)
      |              ^~~~~~~~~~
/home/runner/work/CroMagRally-Android/CroMagRally-Android/android/app/.cxx/Debug/h3k1i6w1/x86/CMakeFiles/CMakeTmp/src.c:5:39: warning: null passed to a callee that requires a non-null argument [-Wnonnull]
    5 |                   sem_timedwait(NULL, NULL);
      |                                       ^~~~
/usr/local/lib/android/sdk/ndk/27.3.13750724/toolchains/llvm/prebuilt/linux-x86_64/lib/clang/18/include/__stddef_null.h:26:14: note: expanded from macro 'NULL'
   26 | #define NULL ((void*)0)
      |              ^~~~~~~~~~
2 warnings generated.
[2/2] Linking C executable cmTC_26dcb


Source file was:

              #include <pthread.h>
              #include <semaphore.h>
              int main(int argc, char **argv) {
                  sem_timedwait(NULL, NULL);
                  return 0;
              }
Determining if the include file pthread.h exists passed with the following output:
Change Dir: /home/runner/work/CroMagRally-Android/CroMagRally-Android/android/app/.cxx/Debug/h3k1i6w1/x86/CMakeFiles/CMakeTmp

Run Build Command(s):/usr/local/lib/android/sdk/cmake/3.22.1/bin/ninja cmTC_8a66c && [1/2] Building C object CMakeFiles/cmTC_8a66c.dir/CheckIncludeFile.c.o
[2/2] Linking C executable cmTC_8a66c



Performing C SOURCE FILE Test HAVE_PTHREAD_SETNAME_NP succeeded with the following output:
Change Dir: /home/runner/work/CroMagRally-Android/CroMagRally-Android/android/app/.cxx/Debug/h3k1i6w1/x86/CMakeFiles/CMakeTmp

Run Build Command(s):/usr/local/lib/android/sdk/cmake/3.22.1/bin/ninja cmTC_b84c8 && [1/2] Building C object CMakeFiles/cmTC_b84c8.dir/src.c.o
[2/2] Linking C executable cmTC_b84c8


Source file was:

            #include <pthread.h>
            int main(int argc, char **argv) {
              #ifdef __APPLE__
              pthread_setname_np("");
              #else
              pthread_setname_np(pthread_self(),"");
              #endif
              return 0;
            }
